customer_id,total_orders,returned_orders,total_spend,avg_order_value,max_order_value,total_return_cost,avg_return_cost,avg_days_to_return,min_days_to_return,account_age_days,unique_products,unique_categories,unique_payment_methods,return_rate,return_cost_ratio,rapid_returns,rapid_return_ratio,activity_span_days,orders_per_30_days,accounts_same_device,accounts_same_address,accounts_same_payment,is_abuse,abuse_type
USER0001,1,0,6074.264789999999,6074.264789999999,6074.264789999999,0.0,0.0,0.0,0,552,1,1,1,0.0,0.0,0,0.0,0,30.0,1,1,1,0,LEGITIMATE
USER0002,1,0,1592.983818,1592.983818,1592.983818,0.0,0.0,0.0,0,738,1,1,1,0.0,0.0,0,0.0,0,30.0,1,1,1,0,LEGITIMATE
USER0003,3,1,5673.962896,1891.3209653333333,2024.114058,200.0,66.66666666666667,6.0,0,955,3,3,3,0.3333333333333333,0.03524873244077696,0,0.0,879,0.10227272727272728,1,1,1,0,LEGITIMATE
USER0004,3,1,6857.4742320000005,2285.824744,3199.31157,200.0,66.66666666666667,12.333333333333334,0,1231,3,3,1,0.3333333333333333,0.029165257241027864,0,0.0,724,0.12413793103448276,1,1,1,0,LEGITIMATE
USER0006,2,1,3028.6762980000003,1514.3381490000002,2857.4975520000003,200.0,100.0,20.5,0,1023,2,2,1,0.5,0.06603544925949031,0,0.0,542,0.11049723756906077,1,1,1,0,LEGITIMATE
USER0007,3,1,8247.228828,2749.076276,4761.9482,200.0,66.66666666666667,12.666666666666666,0,1599,3,1,1,0.3333333333333333,0.024250570000068878,0,0.0,1040,0.08645533141210375,1,1,1,0,LEGITIMATE
USER0008,4,2,18505.223298,4626.3058245,8617.412205,400.0,100.0,20.25,0,527,4,4,3,0.5,0.02161551868672836,0,0.0,444,0.2696629213483146,1,1,1,0,LEGITIMATE
USER0009,1,0,3672.745615,3672.745615,3672.745615,0.0,0.0,0.0,0,36,1,1,1,0.0,0.0,0,0.0,0,30.0,1,1,1,0,LEGITIMATE
USER0010,1,0,318.376747,318.376747,318.376747,0.0,0.0,0.0,0,690,1,1,1,0.0,0.0,0,0.0,0,30.0,1,1,1,0,LEGITIMATE
USER0011,1,0,2159.776248,2159.776248,2159.776248,0.0,0.0,0.0,0,87,1,1,1,0.0,0.0,0,0.0,0,30.0,1,1,1,0,LEGITIMATE
USER0012,1,1,4091.93694,4091.93694,4091.93694,200.0,200.0,22.0,22,764,1,1,1,1.0,0.048876608543239185,0,0.0,0,30.0,1,1,1,0,LEGITIMATE
USER0013,1,0,4340.0162040000005,4340.0162040000005,4340.0162040000005,0.0,0.0,0.0,0,646,1,1,1,0.0,0.0,0,0.0,0,30.0,1,1,1,0,LEGITIMATE
USER0015,6,1,12642.438249,2107.0730415000003,3873.452736,200.0,33.333333333333336,7.333333333333333,0,951,6,4,4,0.16666666666666666,0.015819733192354704,0,0.0,850,0.21151586368977673,1,1,1,0,LEGITIMATE
USER0016,4,1,5926.160216,1481.540054,3129.49237,200.0,50.0,10.25,0,1623,4,3,3,0.25,0.03374866569756608,0,0.0,1040,0.11527377521613832,1,1,1,0,LEGITIMATE
USER0017,1,0,1492.51856,1492.51856,1492.51856,0.0,0.0,0.0,0,222,1,1,1,0.0,0.0,0,0.0,0,30.0,1,1,1,0,LEGITIMATE
USER0018,4,3,6308.092749,1577.02318725,2864.5175,200.0,50.0,10.75,0,1048,4,3,2,0.75,0.031705304274688303,2,0.6666666666666666,816,0.14687882496940025,1,1,1,0,HIGH_RETURN_LEGITIMATE
USER0019,2,1,1552.8806399999999,776.4403199999999,1004.79792,200.0,100.0,18.0,0,644,2,1,2,0.5,0.12879289936926513,0,0.0,224,0.26666666666666666,1,1,1,0,LEGITIMATE
USER0020,3,0,2793.077302,931.0257673333334,1964.862984,0.0,0.0,0.0,0,997,3,3,3,0.0,0.0,0,0.0,689,0.13043478260869565,1,1,1,0,LEGITIMATE
USER0021,2,1,8466.81184,4233.40592,5623.84189,200.0,100.0,7.0,0,1391,2,1,1,0.5,0.023621642216629206,0,0.0,746,0.08032128514056225,1,1,1,0,LEGITIMATE
USER0022,3,2,15034.388271,5011.462757,7181.2818,400.0,133.33333333333334,18.333333333333332,0,864,3,2,2,0.6666666666666666,0.026605671796541566,0,0.0,408,0.2200488997555012,1,1,1,0,LEGITIMATE
USER0023,1,0,1592.32672,1592.32672,1592.32672,0.0,0.0,0.0,0,738,1,1,1,0.0,0.0,0,0.0,0,30.0,1,1,1,0,LEGITIMATE
USER0024,1,0,495.4698460000001,495.4698460000001,495.4698460000001,0.0,0.0,0.0,0,247,1,1,1,0.0,0.0,0,0.0,0,30.0,1,1,1,0,LEGITIMATE
USER0025,3,0,11254.440106,3751.4800353333335,6274.235320000001,0.0,0.0,0.0,0,1237,2,3,2,0.0,0.0,0,0.0,966,0.09307135470527404,1,1,1,0,LEGITIMATE
USER0027,3,1,8856.264220000001,2952.088073333334,6044.2838,200.0,66.66666666666667,17.666666666666668,0,1073,3,2,2,0.3333333333333333,0.022582885405376937,0,0.0,541,0.16605166051660517,1,1,1,0,LEGITIMATE
USER0028,3,1,6288.55862,2096.1862066666667,2778.489792,200.0,66.66666666666667,3.6666666666666665,0,1313,3,3,2,0.3333333333333333,0.031803790357288586,0,0.0,483,0.1859504132231405,1,1,1,0,LEGITIMATE
USER0029,4,2,9773.327669999999,2443.3319174999997,4570.4828800000005,400.0,100.0,13.75,0,1073,4,3,2,0.5,0.04092771812284895,0,0.0,852,0.1406799531066823,1,1,1,0,LEGITIMATE
USER0030,3,0,12926.102112,4308.700704,5885.32554,0.0,0.0,0.0,0,598,3,2,1,0.0,0.0,0,0.0,221,0.40540540540540543,1,1,1,0,LEGITIMATE
USER0031,2,1,2304.14408,1152.07204,1977.13208,200.0,100.0,28.5,0,1356,2,2,1,0.5,0.08680012753369139,0,0.0,721,0.08310249307479224,1,1,1,0,LEGITIMATE
USER0032,1,1,4438.925904000001,4438.925904000001,4438.925904000001,200.0,200.0,36.0,36,795,1,1,1,1.0,0.045055944686928924,0,0.0,0,30.0,1,1,1,0,LEGITIMATE
USER0033,1,0,362.842508,362.842508,362.842508,0.0,0.0,0.0,0,236,1,1,1,0.0,0.0,0,0.0,0,30.0,1,1,1,0,LEGITIMATE
USER0034,4,0,13187.690660999999,3296.9226652499997,5107.322299999999,0.0,0.0,0.0,0,1687,4,3,3,0.0,0.0,0,0.0,1102,0.10879419764279238,1,1,1,0,LEGITIMATE
USER0035,1,1,5910.916883999999,5910.916883999999,5910.916883999999,200.0,200.0,54.0,54,290,1,1,1,1.0,0.03383569823852053,0,0.0,0,30.0,1,1,1,0,LEGITIMATE
USER0036,2,2,4336.71077,2168.355385,3431.3071199999995,3028.6838062755205,1514.3419031377603,23.5,2,1349,2,2,2,1.0,0.6983827068263353,1,0.5,462,0.12958963282937366,1,1,1,1,INDIVIDUAL_RETURN_ABUSE
USER0037,1,0,7163.50319,7163.50319,7163.50319,0.0,0.0,0.0,0,678,1,1,1,0.0,0.0,0,0.0,0,30.0,1,1,1,0,LEGITIMATE
USER0038,3,0,5751.753884000001,1917.2512946666668,4196.7079,0.0,0.0,0.0,0,1281,3,3,2,0.0,0.0,0,0.0,1073,0.08379888268156424,1,1,1,0,LEGITIMATE
USER0039,2,1,4913.149024,2456.574512,4705.122304,200.0,100.0,26.5,0,1143,2,2,2,0.5,0.04070709010107974,0,0.0,662,0.09049773755656108,1,1,1,0,LEGITIMATE
USER0040,1,0,2336.6931900000004,2336.6931900000004,2336.6931900000004,0.0,0.0,0.0,0,167,1,1,1,0.0,0.0,0,0.0,0,30.0,1,1,1,0,LEGITIMATE
USER0041,5,2,7396.960148,1479.3920296000001,2914.753,400.0,80.0,6.0,0,1513,5,4,3,0.4,0.05407626808806757,0,0.0,983,0.1524390243902439,1,1,1,0,LEGITIMATE
USER0042,1,1,2996.812215,2996.812215,2996.812215,200.0,200.0,25.0,25,608,1,1,1,1.0,0.06673758168727967,0,0.0,0,30.0,1,1,1,0,LEGITIMATE
USER0043,3,0,6362.240574,2120.746858,3847.05989,0.0,0.0,0.0,0,1248,3,2,3,0.0,0.0,0,0.0,953,0.09433962264150944,1,1,1,0,LEGITIMATE
USER0044,1,1,2644.46424,2644.46424,2644.46424,200.0,200.0,7.0,7,453,1,1,1,1.0,0.07562968595861974,0,0.0,0,30.0,1,1,1,0,LEGITIMATE
USER0045,1,0,2164.4279850000003,2164.4279850000003,2164.4279850000003,0.0,0.0,0.0,0,830,1,1,1,0.0,0.0,0,0.0,0,30.0,1,1,1,0,LEGITIMATE
USER0046,2,1,3421.996085,1710.9980425,2369.13664,200.0,100.0,2.5,0,965,2,2,2,0.5,0.05844542045991265,1,1.0,233,0.2564102564102564,1,1,1,0,LEGITIMATE
USER0047,2,1,3790.827236,1895.413618,2566.249728,1054.553584963886,527.276792481943,3.0,0,756,2,2,2,0.5,0.27818560944935816,0,0.0,361,0.16574585635359115,5,5,3,1,COORDINATED_RETURN_ABUSE
USER0048,1,1,1549.35396,1549.35396,1549.35396,200.0,200.0,30.0,30,792,1,1,1,1.0,0.12908606113479712,0,0.0,0,30.0,1,1,1,0,LEGITIMATE
USER0049,1,0,5203.995999999999,5203.995999999999,5203.995999999999,0.0,0.0,0.0,0,712,1,1,1,0.0,0.0,0,0.0,0,30.0,1,1,1,0,LEGITIMATE
USER0050,1,0,2322.36411,2322.36411,2322.36411,0.0,0.0,0.0,0,868,1,1,1,0.0,0.0,0,0.0,0,30.0,1,1,1,0,LEGITIMATE
USER0051,2,0,1146.8326980000002,573.4163490000001,1025.301288,0.0,0.0,0.0,0,131,2,2,2,0.0,0.0,0,0.0,97,0.6122448979591837,1,1,1,0,LEGITIMATE
USER0052,3,0,5336.699034,1778.899678,2512.79358,0.0,0.0,0.0,0,1569,3,3,3,0.0,0.0,0,0.0,986,0.0911854103343465,1,1,1,0,LEGITIMATE
USER0053,1,0,3170.817884,3170.817884,3170.817884,0.0,0.0,0.0,0,873,1,1,1,0.0,0.0,0,0.0,0,30.0,1,1,1,0,LEGITIMATE
USER0055,1,1,2589.040035,2589.040035,2589.040035,200.0,200.0,12.0,12,862,1,1,1,1.0,0.07724870890225535,0,0.0,0,30.0,1,1,1,0,LEGITIMATE
USER0056,3,2,11573.08995,3857.69665,5605.164075,400.0,133.33333333333334,19.333333333333332,0,1330,3,3,2,0.6666666666666666,0.03456293882862286,0,0.0,495,0.1814516129032258,1,1,1,0,LEGITIMATE
USER0057,2,1,6085.690778,3042.845389,3326.846898,200.0,100.0,29.0,0,1017,2,1,1,0.5,0.032863976711239994,0,0.0,431,0.1388888888888889,1,1,1,0,LEGITIMATE
USER0058,2,1,9000.90755,4500.453775,8260.2725,200.0,100.0,27.5,0,1067,2,1,2,0.5,0.022219981583968165,0,0.0,791,0.07575757575757576,1,1,1,0,LEGITIMATE
USER0059,5,5,17803.095415,3560.619083,5938.413516,9791.326618142963,1958.2653236285926,3.0,1,1512,5,2,4,1.0,0.5499788879350318,5,1.0,848,0.17667844522968199,1,1,1,1,INDIVIDUAL_RETURN_ABUSE
USER0060,3,0,10837.591444000002,3612.5304813333337,5188.6752400000005,0.0,0.0,0.0,0,733,3,1,2,0.0,0.0,0,0.0,185,0.4838709677419355,1,1,1,0,LEGITIMATE
USER0061,1,1,2579.084616,2579.084616,2579.084616,200.0,200.0,46.0,46,713,1,1,1,1.0,0.07754689348276893,0,0.0,0,30.0,1,1,1,0,LEGITIMATE
USER0062,4,1,11723.743148000001,2930.9357870000003,3776.439624000001,200.0,50.0,5.25,0,1140,4,2,3,0.25,0.01705939796489987,0,0.0,891,0.13452914798206278,1,1,1,0,LEGITIMATE
USER0063,1,1,519.826527,519.826527,519.826527,200.0,200.0,26.0,26,264,1,1,1,1.0,0.3847437358655611,0,0.0,0,30.0,1,1,1,0,LEGITIMATE
USER0064,1,0,477.05644799999993,477.05644799999993,477.05644799999993,0.0,0.0,0.0,0,878,1,1,1,0.0,0.0,0,0.0,0,30.0,1,1,1,0,LEGITIMATE
USER0065,4,0,7329.156382000001,1832.2890955000003,3173.210404,0.0,0.0,0.0,0,998,4,3,2,0.0,0.0,0,0.0,559,0.21428571428571427,1,1,1,0,LEGITIMATE
USER0066,2,1,3123.355656,1561.677828,1806.288468,200.0,100.0,15.0,0,219,2,2,2,0.5,0.06403369389451305,0,0.0,62,0.9523809523809523,1,1,1,0,LEGITIMATE
USER0067,6,4,11885.785049999999,1980.9641749999998,3576.468384,800.0,133.33333333333334,30.166666666666668,0,1501,6,4,4,0.6666666666666666,0.06730729157852304,0,0.0,986,0.182370820668693,1,1,1,0,LEGITIMATE
USER0068,4,1,8548.463938,2137.1159845,5799.052490000001,200.0,50.0,6.25,0,1297,4,3,3,0.25,0.023396016108923542,0,0.0,851,0.14084507042253522,1,1,1,0,LEGITIMATE
USER0069,1,0,1923.59492,1923.59492,1923.59492,0.0,0.0,0.0,0,215,1,1,1,0.0,0.0,0,0.0,0,30.0,1,1,1,0,LEGITIMATE
USER0070,2,0,1266.87086,633.43543,994.31525,0.0,0.0,0.0,0,1608,2,2,2,0.0,0.0,0,0.0,841,0.07125890736342043,1,1,1,0,LEGITIMATE
USER0071,2,1,2781.1510919999996,1390.5755459999998,2551.192992,200.0,100.0,11.5,0,1041,2,1,2,0.5,0.07191266974861646,0,0.0,421,0.14218009478672985,1,1,1,0,LEGITIMATE
USER0072,2,1,11586.455895,5793.2279475,8648.450055,200.0,100.0,21.0,0,776,2,2,2,0.5,0.017261533795360814,0,0.0,258,0.23166023166023167,1,1,1,0,LEGITIMATE
USER0074,2,0,3673.85564,1836.92782,3301.7841200000003,0.0,0.0,0.0,0,932,2,1,1,0.0,0.0,0,0.0,83,0.7142857142857143,1,1,1,0,LEGITIMATE
USER0075,4,1,12492.508436,3123.127109,4014.0549499999993,200.0,50.0,10.5,0,1038,4,3,2,0.25,0.01600959495241601,0,0.0,686,0.17467248908296942,1,1,1,0,LEGITIMATE
USER0076,2,2,3104.922112,1552.461056,2440.10008,400.0,200.0,33.5,24,1836,2,1,2,1.0,0.12882770825524656,0,0.0,1150,0.052128583840139006,1,1,1,0,LEGITIMATE
USER0077,5,1,19444.936215,3888.9872430000005,8191.455750000001,200.0,40.0,2.0,0,2096,5,4,3,0.2,0.010285454155705493,0,0.0,1259,0.11904761904761904,1,1,1,0,LEGITIMATE
USER0078,6,1,8001.466751,1333.5777918333333,3066.907824,200.0,33.333333333333336,9.666666666666666,0,531,6,4,3,0.16666666666666666,0.024995417243345364,0,0.0,524,0.34285714285714286,1,1,1,0,LEGITIMATE
USER0080,3,1,8787.365561,2929.121853666667,4478.604183,200.0,66.66666666666667,16.666666666666668,0,941,3,3,3,0.3333333333333333,0.022759949908950874,0,0.0,705,0.1274787535410765,1,1,1,0,LEGITIMATE
USER0081,8,2,15610.925513,1951.365689125,4707.45912,400.0,50.0,5.0,0,902,8,4,3,0.25,0.025623080429594002,0,0.0,893,0.2684563758389262,1,1,1,0,LEGITIMATE
USER0082,1,0,6622.06914,6622.06914,6622.06914,0.0,0.0,0.0,0,679,1,1,1,0.0,0.0,0,0.0,0,30.0,1,1,1,0,LEGITIMATE
USER0083,2,1,7649.491953999999,3824.7459769999996,5222.94277,200.0,100.0,15.0,0,1014,2,2,1,0.5,0.0261455272066033,0,0.0,673,0.08902077151335312,1,1,1,0,LEGITIMATE
USER0084,1,0,1913.348736,1913.348736,1913.348736,0.0,0.0,0.0,0,666,1,1,1,0.0,0.0,0,0.0,0,30.0,1,1,1,0,LEGITIMATE
USER0085,3,1,3690.8854810000003,1230.2951603333333,2659.616945,200.0,66.66666666666667,7.333333333333333,0,1312,3,3,2,0.3333333333333333,0.05418753874363299,0,0.0,969,0.09278350515463918,1,1,1,0,LEGITIMATE
USER0086,3,0,11215.576122000002,3738.5253740000007,5548.27684,0.0,0.0,0.0,0,1002,3,2,1,0.0,0.0,0,0.0,629,0.14285714285714285,1,1,1,0,LEGITIMATE
USER0087,3,1,3404.517981,1134.839327,2046.121245,200.0,66.66666666666667,4.666666666666667,0,1032,3,2,2,0.3333333333333333,0.058745467380746375,0,0.0,418,0.21479713603818615,1,1,1,0,LEGITIMATE
USER0088,3,0,9974.656091,3324.8853636666668,4898.896275,0.0,0.0,0.0,0,977,3,3,3,0.0,0.0,0,0.0,419,0.21428571428571427,1,1,1,0,LEGITIMATE
USER0089,1,1,2496.341835,2496.341835,2496.341835,200.0,200.0,25.0,25,389,1,1,1,1.0,0.08011723282280368,0,0.0,0,30.0,1,1,1,0,LEGITIMATE
USER0090,5,2,8205.622856,1641.1245712,4053.260016,400.0,80.0,21.6,0,1344,5,2,2,0.4,0.04874706125538266,0,0.0,1058,0.141643059490085,1,1,1,0,LEGITIMATE
USER0091,4,3,13916.594124,3479.148531,7870.31679,400.0,100.0,16.5,0,885,4,2,2,0.75,0.028742664795416865,1,0.3333333333333333,727,0.16483516483516483,1,1,1,0,HIGH_RETURN_LEGITIMATE
USER0092,1,0,839.8792349999999,839.8792349999999,839.8792349999999,0.0,0.0,0.0,0,336,1,1,1,0.0,0.0,0,0.0,0,30.0,1,1,1,0,LEGITIMATE
USER0093,1,0,1809.181748,1809.181748,1809.181748,0.0,0.0,0.0,0,656,1,1,1,0.0,0.0,0,0.0,0,30.0,1,1,1,0,LEGITIMATE
USER0094,6,2,15017.669351999999,2502.944892,5250.06909,400.0,66.66666666666667,3.5,0,1186,6,2,3,0.3333333333333333,0.02663529144399024,0,0.0,1064,0.16901408450704225,1,1,1,0,LEGITIMATE
USER0095,5,3,11793.755578,2358.7511156,4014.5645,3739.33975315727,747.867950631454,2.4,0,1600,4,2,3,0.6,0.3170609843850428,3,1.0,731,0.20491803278688525,1,1,1,1,INDIVIDUAL_RETURN_ABUSE
USER0096,3,0,6016.892648999999,2005.6308829999998,3847.1965649999993,0.0,0.0,0.0,0,1663,3,2,2,0.0,0.0,0,0.0,861,0.10440835266821345,1,1,1,0,LEGITIMATE
USER0097,3,2,10725.294194999999,3575.0980649999997,4726.491953999999,400.0,133.33333333333334,28.666666666666668,0,1611,3,3,3,0.6666666666666666,0.037295014265107534,0,0.0,1144,0.07860262008733625,1,1,1,0,LEGITIMATE
USER0098,4,1,11936.962416999999,2984.2406042499997,6424.7946,200.0,50.0,1.25,0,1127,4,3,2,0.25,0.016754681217322962,1,1.0,999,0.12,1,1,1,0,LEGITIMATE
USER0099,2,1,2361.418031,1180.7090155,1596.837375,200.0,100.0,4.5,0,949,2,2,2,0.5,0.0846948729002908,0,0.0,198,0.3015075376884422,1,1,1,0,LEGITIMATE
USER0100,5,5,14695.881627,2939.1763254,5178.468000000001,9903.48415711478,1980.6968314229562,3.8,3,1015,5,2,3,1.0,0.6738952046891565,5,1.0,455,0.32894736842105265,1,1,1,1,INDIVIDUAL_RETURN_ABUSE
USER0101,2,0,3566.4690720000003,1783.2345360000002,2730.8407840000004,0.0,0.0,0.0,0,823,2,2,2,0.0,0.0,0,0.0,434,0.13793103448275862,1,1,1,0,LEGITIMATE
USER0102,3,0,8715.057048,2905.019016,3639.505404,0.0,0.0,0.0,0,618,3,3,3,0.0,0.0,0,0.0,239,0.375,1,1,1,0,LEGITIMATE
USER0103,3,1,9322.580235000001,3107.5267450000006,4353.454944,200.0,66.66666666666667,4.0,0,1923,3,2,2,0.3333333333333333,0.021453288141102277,0,0.0,1318,0.06823351023502654,1,1,1,0,LEGITIMATE
USER0104,5,0,14759.971448999999,2951.9942898,4880.960708999999,0.0,0.0,0.0,0,1325,4,2,3,0.0,0.0,0,0.0,1260,0.11895321173671689,1,1,1,0,LEGITIMATE
USER0106,3,2,2416.106301,805.3687669999999,1296.382681,400.0,133.33333333333334,14.0,0,1331,3,2,3,0.6666666666666666,0.16555562966515355,0,0.0,905,0.09933774834437085,1,1,1,0,LEGITIMATE
USER0107,3,1,5766.672845,1922.2242816666667,1985.610512,200.0,66.66666666666667,15.0,0,1587,3,2,3,0.3333333333333333,0.03468204376695484,0,0.0,1101,0.08166969147005444,1,1,1,0,LEGITIMATE
USER0108,3,1,2177.049516,725.683172,1574.29458,200.0,66.66666666666667,13.333333333333334,0,1113,3,2,3,0.3333333333333333,0.09186745571477392,0,0.0,981,0.09164969450101833,1,1,1,0,LEGITIMATE
USER0109,1,0,1554.455586,1554.455586,1554.455586,0.0,0.0,0.0,0,206,1,1,1,0.0,0.0,0,0.0,0,30.0,1,1,1,0,LEGITIMATE
USER0110,1,0,3796.821444,3796.821444,3796.821444,0.0,0.0,0.0,0,116,1,1,1,0.0,0.0,0,0.0,0,30.0,1,1,1,0,LEGITIMATE
USER0111,1,0,3562.0549560000004,3562.0549560000004,3562.0549560000004,0.0,0.0,0.0,0,382,1,1,1,0.0,0.0,0,0.0,0,30.0,5,5,4,1,COORDINATED_RETURN_ABUSE
USER0112,4,1,5545.064907,1386.26622675,3063.573678,200.0,50.0,9.0,0,1187,4,2,3,0.25,0.03606810801213945,0,0.0,339,0.35294117647058826,1,1,1,0,LEGITIMATE
USER0113,2,1,3319.376912,1659.688456,2837.46842,200.0,100.0,11.0,0,1117,2,2,2,0.5,0.060252271827574845,0,0.0,487,0.12295081967213115,1,1,1,0,LEGITIMATE
USER0114,4,0,14233.496698,3558.3741745,8257.73091,0.0,0.0,0.0,0,819,4,2,3,0.0,0.0,0,0.0,587,0.20408163265306123,1,1,1,0,LEGITIMATE
USER0115,3,1,11508.63248,3836.210826666667,5088.3124800000005,200.0,66.66666666666667,8.0,0,1090,3,2,2,0.3333333333333333,0.017378259349889326,0,0.0,872,0.10309278350515463,1,1,1,0,LEGITIMATE
USER0116,2,0,2059.389471,1029.6947355,1449.775209,0.0,0.0,0.0,0,207,2,2,1,0.0,0.0,0,0.0,82,0.7228915662650602,1,1,1,0,LEGITIMATE
USER0117,5,2,3457.3163369999997,691.4632674,1382.0928,0.0,0.0,0.0,0,1826,5,2,4,0.4,0.0,2,1.0,1160,0.12919896640826872,1,1,1,0,HIGH_RETURN_LEGITIMATE
USER0118,5,0,8871.499055,1774.299811,3844.743552,0.0,0.0,0.0,0,1483,5,4,2,0.0,0.0,0,0.0,856,0.1750291715285881,1,1,1,0,LEGITIMATE
USER0119,3,1,3019.6294670000007,1006.5431556666668,1393.573478,200.0,66.66666666666667,16.666666666666668,0,508,3,2,3,0.3333333333333333,0.06623329192727075,0,0.0,301,0.2980132450331126,1,1,1,0,LEGITIMATE
USER0120,3,0,5846.242779,1948.747593,3218.690925,0.0,0.0,0.0,0,1355,3,2,3,0.0,0.0,0,0.0,1208,0.07444168734491315,1,1,1,0,LEGITIMATE
USER0121,2,1,8048.983454,4024.491727,4168.2968,200.0,100.0,24.5,0,334,2,2,1,0.5,0.024847858259741926,0,0.0,186,0.32085561497326204,1,1,1,0,LEGITIMATE
USER0122,3,2,11693.225470000001,3897.7418233333337,6837.705,200.0,66.66666666666667,1.6666666666666667,0,1078,3,2,2,0.6666666666666666,0.01710392060027557,2,1.0,978,0.09193054136874361,1,1,1,0,HIGH_RETURN_LEGITIMATE
USER0123,2,1,5354.486658,2677.243329,2916.0075,200.0,100.0,14.0,0,826,2,2,2,0.5,0.0373518532726541,0,0.0,481,0.12448132780082988,1,1,1,0,LEGITIMATE
USER0124,4,2,10453.29397,2613.3234925,6097.0297,1476.1650561270958,369.04126403177395,2.0,0,1274,4,3,2,0.5,0.14121530116378195,2,1.0,994,0.12060301507537688,1,1,1,1,INDIVIDUAL_RETURN_ABUSE
USER0125,4,1,15627.996082,3906.9990205,8458.00562,200.0,50.0,4.25,0,907,4,3,3,0.25,0.012797546080162883,0,0.0,892,0.1343784994400896,1,1,1,0,LEGITIMATE
USER0126,2,1,3886.046887,1943.0234435,3734.8456,200.0,100.0,18.5,0,1243,2,2,2,0.5,0.05146618294006189,0,0.0,862,0.06952491309385864,1,1,1,0,LEGITIMATE
USER0128,4,1,6773.751002999999,1693.4377507499999,2590.0151279999995,200.0,50.0,9.25,0,1309,4,2,3,0.25,0.02952573838504291,0,0.0,507,0.23622047244094488,1,1,1,0,LEGITIMATE
USER0130,1,0,2820.938292,2820.938292,2820.938292,0.0,0.0,0.0,0,581,1,1,1,0.0,0.0,0,0.0,0,30.0,1,1,1,0,LEGITIMATE
USER0131,3,2,10164.390424000001,3388.1301413333335,8788.66684,7105.426154632805,2368.4753848776018,2.3333333333333335,0,811,3,3,3,0.6666666666666666,0.699050888271232,1,0.5,709,0.1267605633802817,5,4,1,1,COORDINATED_RETURN_ABUSE
USER0132,4,2,16183.801769,4045.95044225,6558.11142,400.0,100.0,14.75,0,1428,4,4,3,0.5,0.024716071397154545,0,0.0,687,0.1744186046511628,1,1,1,0,LEGITIMATE
USER0133,3,0,5336.976530000001,1778.9921766666669,4236.645155000001,0.0,0.0,0.0,0,1142,2,2,2,0.0,0.0,0,0.0,377,0.23809523809523808,1,1,1,0,LEGITIMATE
USER0134,5,0,16053.839605000001,3210.767921,4918.700672,0.0,0.0,0.0,0,1815,5,3,3,0.0,0.0,0,0.0,1122,0.13357079252003562,1,1,1,0,LEGITIMATE
USER0135,2,2,8186.6319699999995,4093.3159849999997,6607.604992,6573.2856417189705,3286.6428208594853,4.5,4,1521,2,2,1,1.0,0.8029291735364246,2,1.0,650,0.09216589861751152,4,1,2,1,COORDINATED_RETURN_ABUSE
USER0137,1,0,5118.682932,5118.682932,5118.682932,0.0,0.0,0.0,0,251,1,1,1,0.0,0.0,0,0.0,0,30.0,1,1,1,0,LEGITIMATE
USER0138,3,0,6397.060588,2132.3535293333334,3724.15028,0.0,0.0,0.0,0,739,3,3,2,0.0,0.0,0,0.0,559,0.16071428571428573,1,1,1,0,LEGITIMATE
USER0139,1,1,5982.97653,5982.97653,5982.97653,200.0,200.0,28.0,28,402,1,1,1,1.0,0.033428177262129426,0,0.0,0,30.0,1,1,1,0,LEGITIMATE
USER0141,1,1,3342.63318,3342.63318,3342.63318,200.0,200.0,37.0,37,129,1,1,1,1.0,0.05983306849123062,0,0.0,0,30.0,1,1,1,0,LEGITIMATE
USER0142,3,2,2943.9348459999997,981.3116153333332,1503.8634639999998,200.0,66.66666666666667,11.666666666666666,0,1146,3,3,3,0.6666666666666666,0.06793628611439725,1,0.5,853,0.1053864168618267,1,1,1,0,HIGH_RETURN_LEGITIMATE
USER0143,3,2,1876.605112,625.5350373333333,930.667556,400.0,133.33333333333334,19.0,0,1089,3,3,3,0.6666666666666666,0.2131508634619983,0,0.0,418,0.21479713603818615,1,1,1,0,LEGITIMATE
USER0144,1,1,505.725325,505.725325,505.725325,200.0,200.0,27.0,27,52,1,1,1,1.0,0.3954715932013094,0,0.0,0,30.0,1,1,1,0,LEGITIMATE
USER0145,1,1,1008.573232,1008.573232,1008.573232,200.0,200.0,32.0,32,795,1,1,1,1.0,0.19829992870562324,0,0.0,0,30.0,1,1,1,0,LEGITIMATE
USER0146,2,0,3855.917696999999,1927.9588484999995,3409.392749999999,0.0,0.0,0.0,0,845,2,2,2,0.0,0.0,0,0.0,553,0.10830324909747292,1,1,1,0,LEGITIMATE
USER0147,3,1,5817.172995,1939.057665,3805.44112,200.0,66.66666666666667,13.333333333333334,0,1340,3,1,3,0.3333333333333333,0.03438096136592548,0,0.0,857,0.1048951048951049,1,1,1,0,LEGITIMATE
USER0148,5,5,6028.233329999999,1205.6466659999999,1373.6223779999998,2733.943152396948,546.7886304793896,2.6,0,889,4,3,3,1.0,0.45352311410894713,4,0.8,811,0.18472906403940886,5,1,5,1,COORDINATED_RETURN_ABUSE
USER0149,4,1,8163.123909,2040.78097725,4463.70326,200.0,50.0,9.5,0,1299,4,3,3,0.25,0.02450042437546442,0,0.0,1130,0.10610079575596817,1,1,1,0,LEGITIMATE
USER0150,3,2,7981.851088,2660.6170293333334,5151.624768000001,400.0,133.33333333333334,25.0,0,1042,3,2,2,0.6666666666666666,0.050113688615584955,0,0.0,219,0.4090909090909091,1,1,1,0,HIGH_RETURN_LEGITIMATE
USER0152,3,0,11726.967122,3908.989040666667,6027.774235,0.0,0.0,0.0,0,1598,3,2,1,0.0,0.0,0,0.0,1013,0.08875739644970414,1,1,1,0,LEGITIMATE
USER0153,1,1,2692.9701540000005,2692.9701540000005,2692.9701540000005,200.0,200.0,57.0,57,312,1,1,1,1.0,0.07426744024731585,0,0.0,0,30.0,1,1,1,0,LEGITIMATE
USER0154,2,1,5782.408971999999,2891.2044859999996,3213.072304,200.0,100.0,8.0,0,431,2,2,2,0.5,0.034587660777446655,0,0.0,286,0.20905923344947736,1,1,1,0,LEGITIMATE
USER0155,4,0,8600.799076000001,2150.1997690000003,4975.7799,0.0,0.0,0.0,0,2022,4,2,3,0.0,0.0,0,0.0,1184,0.10126582278481013,1,1,1,0,LEGITIMATE
USER0156,2,0,6387.300994000001,3193.6504970000005,3214.943424,0.0,0.0,0.0,0,1285,2,2,2,0.0,0.0,0,0.0,634,0.09448818897637795,1,1,1,0,LEGITIMATE
USER0157,2,1,6502.452305999999,3251.2261529999996,5416.603619999999,200.0,100.0,12.5,0,956,2,2,2,0.5,0.030757626598115033,0,0.0,229,0.2608695652173913,1,1,1,0,LEGITIMATE
USER0158,1,0,428.960238,428.960238,428.960238,0.0,0.0,0.0,0,605,1,1,1,0.0,0.0,0,0.0,0,30.0,1,1,1,0,LEGITIMATE
USER0159,4,1,7792.944545,1948.23613625,4190.695936,200.0,50.0,14.0,0,1668,4,3,2,0.25,0.025664240114260942,0,0.0,921,0.1301518438177874,1,1,1,0,LEGITIMATE
USER0160,6,3,12638.854576,2106.4757626666665,3795.112672,600.0,100.0,17.0,0,1227,6,3,3,0.5,0.04747265635442501,0,0.0,504,0.3564356435643564,1,1,1,0,LEGITIMATE
USER0161,5,4,14647.919272,2929.5838544,5722.898544999999,800.0,160.0,25.6,0,1786,5,3,4,0.8,0.05461526549570952,1,0.25,909,0.16483516483516483,1,1,1,0,HIGH_RETURN_LEGITIMATE
USER0163,5,1,21385.17131,4277.034262,5532.32172,200.0,40.0,3.6,0,1511,5,3,3,0.2,0.009352274859097212,0,0.0,955,0.15690376569037656,1,1,1,0,LEGITIMATE
USER0164,1,1,832.2601440000001,832.2601440000001,832.2601440000001,200.0,200.0,31.0,31,794,1,1,1,1.0,0.24030947708100267,0,0.0,0,30.0,1,1,1,0,LEGITIMATE
USER0165,2,1,3276.2238490000004,1638.1119245000002,2707.2199450000003,200.0,100.0,6.5,0,246,2,2,2,0.5,0.06104588978590272,0,0.0,70,0.8450704225352113,1,1,1,0,LEGITIMATE
USER0166,1,0,1533.14458,1533.14458,1533.14458,0.0,0.0,0.0,0,220,1,1,1,0.0,0.0,0,0.0,0,30.0,1,1,1,0,LEGITIMATE
USER0167,2,2,4801.2126,2400.6063,4390.820352,2723.078072726894,1361.539036363447,2.0,1,1139,2,1,2,1.0,0.5671646518479299,2,1.0,736,0.0814111261872456,1,1,1,1,INDIVIDUAL_RETURN_ABUSE
USER0168,2,0,1868.917571,934.4587855,1581.007068,0.0,0.0,0.0,0,1928,2,2,2,0.0,0.0,0,0.0,1184,0.05063291139240506,1,1,1,0,LEGITIMATE
USER0169,3,2,8186.843798,2728.9479326666665,5763.11736,400.0,133.33333333333334,31.0,0,971,3,3,2,0.6666666666666666,0.048858877715209095,0,0.0,419,0.21428571428571427,1,1,1,0,LEGITIMATE
USER0170,3,2,10179.911122,3393.303707333333,4139.523520000001,400.0,133.33333333333334,19.333333333333332,0,725,3,2,3,0.6666666666666666,0.03929307389880373,0,0.0,540,0.16635859519408502,1,1,1,0,LEGITIMATE
USER0171,2,0,1439.996544,719.998272,848.8606440000001,0.0,0.0,0.0,0,341,2,2,2,0.0,0.0,0,0.0,158,0.37735849056603776,1,1,1,0,LEGITIMATE
USER0172,1,0,980.892264,980.892264,980.892264,0.0,0.0,0.0,0,270,1,1,1,0.0,0.0,0,0.0,0,30.0,1,1,1,0,LEGITIMATE
USER0173,3,1,7646.657049999999,2548.885683333333,6292.562639999999,200.0,66.66666666666667,9.333333333333334,0,785,3,2,2,0.3333333333333333,0.026155220339063073,0,0.0,359,0.25,1,1,1,0,LEGITIMATE
USER0174,2,1,3816.9560660000006,1908.4780330000003,2919.2280560000004,200.0,100.0,23.5,0,842,2,2,2,0.5,0.052397773655694986,0,0.0,11,5.0,1,1,1,0,LEGITIMATE
USER0175,2,1,6730.803624,3365.401812,4906.0093320000005,200.0,100.0,7.5,0,517,2,2,2,0.5,0.02971413387947626,0,0.0,240,0.24896265560165975,1,1,1,0,LEGITIMATE
USER0176,1,0,4276.5459,4276.5459,4276.5459,0.0,0.0,0.0,0,621,1,1,1,0.0,0.0,0,0.0,0,30.0,1,1,1,0,LEGITIMATE
USER0177,2,2,2722.06934,1361.03467,1442.24874,1911.184131450093,955.5920657250465,1.0,1,442,2,1,2,1.0,0.7021070710307816,2,1.0,418,0.1431980906921241,1,1,1,1,INDIVIDUAL_RETURN_ABUSE
USER0178,4,3,9584.731026000001,2396.1827565000003,4949.624388,600.0,150.0,27.25,0,1780,4,3,1,0.75,0.06259956574393284,0,0.0,1234,0.09716599190283401,1,1,1,0,LEGITIMATE
USER0181,1,0,2326.52883,2326.52883,2326.52883,0.0,0.0,0.0,0,311,1,1,1,0.0,0.0,0,0.0,0,30.0,1,1,1,0,LEGITIMATE
USER0182,6,2,12403.908953999999,2067.318159,5048.558789999999,400.0,66.66666666666667,7.0,0,1450,6,4,3,0.3333333333333333,0.032247898745742444,0,0.0,1136,0.158311345646438,1,1,1,0,LEGITIMATE
USER0183,3,1,9299.351480000001,3099.783826666667,6049.86224,200.0,66.66666666666667,18.333333333333332,0,199,3,2,3,0.3333333333333333,0.02150687609024538,0,0.0,131,0.6818181818181818,1,1,1,0,LEGITIMATE
USER0184,4,0,14399.598269,3599.89956725,6379.325225,0.0,0.0,0.0,0,854,4,4,2,0.0,0.0,0,0.0,711,0.16853932584269662,1,1,1,0,LEGITIMATE
USER0185,2,0,3304.807304,1652.403652,2834.15564,0.0,0.0,0.0,0,752,2,2,1,0.0,0.0,0,0.0,198,0.3015075376884422,1,1,1,0,LEGITIMATE
USER0186,2,0,1970.4551459999998,985.2275729999999,1280.226038,0.0,0.0,0.0,0,1105,2,2,1,0.0,0.0,0,0.0,976,0.06141248720573183,1,1,1,0,LEGITIMATE
USER0187,3,2,11053.289572,3684.429857333333,5373.4567,400.0,133.33333333333334,19.0,0,407,3,3,2,0.6666666666666666,0.03618832180179853,0,0.0,186,0.48128342245989303,1,1,1,0,HIGH_RETURN_LEGITIMATE
USER0188,1,0,3942.973761,3942.973761,3942.973761,0.0,0.0,0.0,0,708,1,1,1,0.0,0.0,0,0.0,0,30.0,1,1,1,0,LEGITIMATE
USER0190,2,2,7106.391224999999,3553.1956124999997,5722.129725,400.0,200.0,43.5,43,392,2,2,2,1.0,0.05628735983361232,0,0.0,313,0.1910828025477707,1,1,1,0,LEGITIMATE
USER0191,1,0,5457.065552000001,5457.065552000001,5457.065552000001,0.0,0.0,0.0,0,117,1,1,1,0.0,0.0,0,0.0,0,30.0,1,1,1,0,LEGITIMATE
USER0192,2,1,2381.985103,1190.9925515,1932.70195,200.0,100.0,12.5,0,1107,2,1,2,0.5,0.08396358136249855,0,0.0,238,0.2510460251046025,1,1,1,0,LEGITIMATE
USER0193,2,0,4875.517688,2437.758844,3629.39174,0.0,0.0,0.0,0,847,2,2,2,0.0,0.0,0,0.0,72,0.821917808219178,1,1,1,0,LEGITIMATE
USER0194,1,1,1892.726568,1892.726568,1892.726568,200.0,200.0,58.0,58,796,1,1,1,1.0,0.10566766662515618,0,0.0,0,30.0,1,1,1,0,LEGITIMATE
USER0195,2,1,10129.775497999999,5064.8877489999995,7736.612029999999,200.0,100.0,2.5,0,651,2,1,2,0.5,0.019743774187245076,1,1.0,8,6.666666666666667,1,1,1,0,LEGITIMATE
USER0196,5,2,20153.461105,4030.692221,7812.8118,400.0,80.0,5.0,0,1309,5,4,3,0.4,0.019847707444194857,1,0.5,1058,0.141643059490085,1,1,1,0,LEGITIMATE
USER0198,2,0,7531.368420999999,3765.6842104999996,6302.8447,0.0,0.0,0.0,0,1422,2,2,2,0.0,0.0,0,0.0,530,0.11299435028248588,1,1,1,0,LEGITIMATE
USER0200,2,0,2646.400352,1323.200176,1658.082672,0.0,0.0,0.0,0,705,2,2,2,0.0,0.0,0,0.0,60,0.9836065573770492,3,1,2,1,COORDINATED_RETURN_ABUSE
USER0201,2,2,2132.05382,1066.02691,1196.77481,400.0,200.0,10.5,9,1221,2,2,2,1.0,0.18761252471572223,0,0.0,388,0.15424164524421594,1,1,1,0,LEGITIMATE
USER0202,3,1,7769.6417679999995,2589.8805893333333,4653.178459999999,200.0,66.66666666666667,8.0,0,550,3,3,3,0.3333333333333333,0.025741212525874593,0,0.0,480,0.18711018711018712,1,1,1,0,LEGITIMATE
USER0203,4,2,12709.418978,3177.3547445,5571.55664,400.0,100.0,14.75,0,1346,4,3,3,0.5,0.0314727211914565,0,0.0,795,0.1507537688442211,1,1,1,0,LEGITIMATE
USER0204,2,0,6061.645376,3030.822688,3861.19214,0.0,0.0,0.0,0,706,2,2,2,0.0,0.0,0,0.0,266,0.2247191011235955,1,1,1,0,LEGITIMATE
USER0205,2,1,2797.834902,1398.917451,1772.8549799999998,200.0,100.0,24.0,0,1507,2,1,2,0.5,0.07148384626163334,0,0.0,1071,0.055970149253731345,1,1,1,0,LEGITIMATE
USER0206,3,1,3717.45052,1239.1501733333332,2699.255988,200.0,66.66666666666667,15.0,0,876,3,3,2,0.3333333333333333,0.053800312586272166,0,0.0,865,0.10392609699769054,1,1,1,0,LEGITIMATE
USER0207,3,0,7228.938708000001,2409.646236,5883.014256,0.0,0.0,0.0,0,828,3,2,3,0.0,0.0,0,0.0,556,0.1615798922800718,1,1,1,0,LEGITIMATE
USER0208,2,0,3606.319227,1803.1596135,1941.579375,0.0,0.0,0.0,0,594,2,2,1,0.0,0.0,0,0.0,338,0.17699115044247787,1,1,1,0,LEGITIMATE
USER0209,1,0,438.540564,438.540564,438.540564,0.0,0.0,0.0,0,735,1,1,1,0.0,0.0,0,0.0,0,30.0,1,1,1,0,LEGITIMATE
USER0210,2,0,3892.04748,1946.02374,2171.54388,0.0,0.0,0.0,0,1084,2,2,2,0.0,0.0,0,0.0,302,0.19801980198019803,1,1,1,0,LEGITIMATE
USER0212,4,1,16830.768196,4207.692049,9827.0172,200.0,50.0,7.25,0,1106,4,2,3,0.25,0.011882998902422766,0,0.0,222,0.5381165919282511,1,1,1,0,LEGITIMATE
USER0213,5,3,16390.144185,3278.0288370000003,8445.630260000002,600.0,120.0,19.6,0,1783,5,2,3,0.6,0.03660736557455733,0,0.0,944,0.15873015873015872,1,1,1,0,LEGITIMATE
USER0214,2,1,5259.964939,2629.9824695,4007.496915,200.0,100.0,7.0,0,789,2,2,1,0.5,0.03802306713436441,0,0.0,230,0.2597402597402597,1,1,1,0,LEGITIMATE
USER0215,1,0,2523.3046140000006,2523.3046140000006,2523.3046140000006,0.0,0.0,0.0,0,436,1,1,1,0.0,0.0,0,0.0,0,30.0,1,1,1,0,LEGITIMATE
USER0216,2,0,1556.571628,778.285814,1156.334508,0.0,0.0,0.0,0,1347,2,2,1,0.0,0.0,0,0.0,911,0.06578947368421052,1,1,1,0,LEGITIMATE
USER0217,1,0,327.47131200000007,327.47131200000007,327.47131200000007,0.0,0.0,0.0,0,272,1,1,1,0.0,0.0,0,0.0,0,30.0,1,1,1,0,LEGITIMATE
USER0218,3,0,8413.777544,2804.592514666667,5736.0416,0.0,0.0,0.0,0,1165,3,3,2,0.0,0.0,0,0.0,437,0.2054794520547945,1,1,1,0,LEGITIMATE
USER0219,4,0,10125.160675000001,2531.2901687500002,6513.763735,0.0,0.0,0.0,0,490,4,4,1,0.0,0.0,0,0.0,269,0.4444444444444444,1,1,1,0,LEGITIMATE
USER0220,8,3,14873.273118000001,1859.1591397500001,5110.779752,600.0,75.0,8.875,0,1192,8,4,3,0.375,0.04034081773660602,1,0.3333333333333333,1103,0.21739130434782608,1,1,1,0,LEGITIMATE
USER0221,2,1,4211.747752,2105.873876,2917.410048,200.0,100.0,12.5,0,395,2,2,1,0.5,0.04748622466885096,0,0.0,247,0.24193548387096775,1,1,1,0,LEGITIMATE
USER0222,4,3,7946.601178,1986.6502945,4211.82544,600.0,150.0,22.25,0,1123,4,2,2,0.75,0.07550397793475373,0,0.0,517,0.23166023166023167,1,1,1,0,LEGITIMATE
USER0223,1,0,3003.241248,3003.241248,3003.241248,0.0,0.0,0.0,0,735,1,1,1,0.0,0.0,0,0.0,0,30.0,1,1,1,0,LEGITIMATE
USER0224,1,0,1239.9987600000002,1239.9987600000002,1239.9987600000002,0.0,0.0,0.0,0,335,1,1,1,0.0,0.0,0,0.0,0,30.0,1,1,1,0,LEGITIMATE
USER0225,4,2,17128.458728,4282.114682,8359.91523,7262.198153528533,1815.5495383821333,1.0,0,1251,4,4,3,0.5,0.42398433325801643,2,1.0,877,0.1366742596810934,1,1,1,1,INDIVIDUAL_RETURN_ABUSE
USER0226,1,0,5725.910394999999,5725.910394999999,5725.910394999999,0.0,0.0,0.0,0,104,1,1,1,0.0,0.0,0,0.0,0,30.0,1,1,1,0,LEGITIMATE
USER0227,2,0,3532.96781,1766.483905,2566.58354,0.0,0.0,0.0,0,175,2,2,2,0.0,0.0,0,0.0,32,1.8181818181818181,1,1,1,0,LEGITIMATE
USER0228,1,0,3738.323232,3738.323232,3738.323232,0.0,0.0,0.0,0,579,1,1,1,0.0,0.0,0,0.0,0,30.0,1,1,1,0,LEGITIMATE
USER0229,2,0,5781.403950000001,2890.7019750000004,4274.147940000001,0.0,0.0,0.0,0,929,2,2,1,0.0,0.0,0,0.0,316,0.1892744479495268,1,1,1,0,LEGITIMATE
USER0230,4,3,2978.611002,744.6527505,2003.77924,2280.7821543252107,570.1955385813027,3.0,0,1381,4,3,2,0.75,0.7657200462879411,2,0.6666666666666666,1237,0.09693053311793215,5,5,1,1,COORDINATED_RETURN_ABUSE
USER0231,1,0,5655.83832,5655.83832,5655.83832,0.0,0.0,0.0,0,350,1,1,1,0.0,0.0,0,0.0,0,30.0,1,1,1,0,LEGITIMATE
USER0233,2,1,4652.557019,2326.2785095,3015.129248,200.0,100.0,2.5,0,605,2,2,2,0.5,0.04298711422197403,1,1.0,175,0.3409090909090909,1,1,1,0,LEGITIMATE
USER0235,2,0,1790.0690880000002,895.0345440000001,1040.02716,0.0,0.0,0.0,0,1373,2,2,2,0.0,0.0,0,0.0,924,0.06486486486486487,1,1,1,0,LEGITIMATE
USER0236,2,2,2698.741528,1349.370764,1886.403816,1444.280000381991,722.1400001909955,4.0,1,350,2,2,2,1.0,0.5351679608429663,1,0.5,311,0.19230769230769232,5,5,3,1,COORDINATED_RETURN_ABUSE
USER0237,5,2,13363.758957,2672.7517914,4439.32475,400.0,80.0,14.8,0,1134,5,3,4,0.4,0.02993169820610077,0,0.0,814,0.18404907975460122,1,1,1,0,LEGITIMATE
USER0238,3,1,2246.744815,748.9149383333333,1009.432095,200.0,66.66666666666667,3.6666666666666665,0,1491,3,2,2,0.3333333333333333,0.08901767511144784,0,0.0,941,0.09554140127388536,1,1,1,0,LEGITIMATE
USER0239,4,1,5158.480787,1289.62019675,2004.9778320000005,200.0,50.0,8.75,0,664,4,2,4,0.25,0.03877110495478133,0,0.0,638,0.18779342723004694,1,1,1,0,LEGITIMATE
USER0241,4,0,6000.6961200000005,1500.1740300000001,1775.1434400000005,0.0,0.0,0.0,0,910,4,2,2,0.0,0.0,0,0.0,858,0.13969732246798602,1,1,1,0,LEGITIMATE
USER0242,5,2,2697.540196,539.5080392,1248.11528,400.0,80.0,11.8,0,1353,5,5,3,0.4,0.14828323989133987,0,0.0,1224,0.12244897959183673,1,1,1,0,LEGITIMATE
USER0243,3,1,5974.775245999999,1991.5917486666665,5263.473059999999,0.0,0.0,0.0,0,1240,3,2,3,0.3333333333333333,0.0,1,1.0,535,0.16791044776119404,1,1,1,0,HIGH_RETURN_LEGITIMATE
USER0244,2,0,5562.384080000001,2781.1920400000004,4565.42672,0.0,0.0,0.0,0,682,2,1,1,0.0,0.0,0,0.0,422,0.14184397163120568,1,1,1,0,LEGITIMATE
USER0245,6,2,8376.945026,1396.1575043333332,2619.360408,400.0,66.66666666666667,4.166666666666667,0,1176,6,4,3,0.3333333333333333,0.047750104454368184,0,0.0,1059,0.16981132075471697,1,1,1,0,LEGITIMATE
USER0246,3,2,6648.354039,2216.118013,3983.696721,400.0,133.33333333333334,30.0,0,766,3,2,2,0.6666666666666666,0.06016526762166313,0,0.0,666,0.13493253373313344,1,1,1,0,LEGITIMATE
USER0247,3,0,6694.006790999999,2231.335597,3782.792519999999,0.0,0.0,0.0,0,2013,3,3,2,0.0,0.0,0,0.0,1225,0.0734094616639478,1,1,1,0,LEGITIMATE
USER0248,2,1,6234.443664,3117.221832,3778.3532,200.0,100.0,8.0,0,1170,2,1,2,0.5,0.032079847181052334,0,0.0,498,0.12024048096192384,1,1,1,0,LEGITIMATE
USER0249,2,1,5097.464505,2548.7322525,3213.100905,200.0,100.0,10.0,0,580,2,2,2,0.5,0.03923519228114763,0,0.0,112,0.5309734513274337,1,1,1,0,LEGITIMATE
USER0250,1,0,3402.066096,3402.066096,3402.066096,0.0,0.0,0.0,0,162,1,1,1,0.0,0.0,0,0.0,0,30.0,1,1,1,0,LEGITIMATE
USER0251,4,2,9079.425346,2269.8563365,6272.397716,400.0,100.0,16.0,0,907,4,3,2,0.5,0.04405565162515738,0,0.0,603,0.1986754966887417,1,1,1,0,LEGITIMATE
USER0252,4,0,10329.926205,2582.48155125,5672.899525,0.0,0.0,0.0,0,974,4,4,2,0.0,0.0,0,0.0,846,0.14167650531286896,1,1,1,0,LEGITIMATE
USER0253,3,2,12232.029091,4077.3430303333334,5489.082475,7079.781599064104,2359.9271996880348,2.0,0,1244,3,2,2,0.6666666666666666,0.578790448125505,2,1.0,1027,0.08754863813229571,1,1,1,1,INDIVIDUAL_RETURN_ABUSE
USER0254,3,2,2308.7135200000002,769.5711733333334,949.667004,1065.7930300622206,355.26434335407356,1.3333333333333333,0,582,3,2,2,0.6666666666666666,0.4616393592489641,2,1.0,557,0.16129032258064516,5,3,4,1,COORDINATED_RETURN_ABUSE
USER0255,5,4,9763.616473,1952.7232946,4183.725975,400.0,80.0,8.4,0,1103,5,2,4,0.8,0.040968426105854064,2,0.5,912,0.16429353778751368,1,1,1,0,HIGH_RETURN_LEGITIMATE
USER0256,3,0,3397.0825520000003,1132.3608506666667,2702.18724,0.0,0.0,0.0,0,1052,3,2,2,0.0,0.0,0,0.0,436,0.20594965675057209,4,4,3,1,COORDINATED_RETURN_ABUSE
USER0258,5,1,6469.838562,1293.9677124,2913.638532,200.0,40.0,2.2,0,1230,5,3,3,0.2,0.030912672408038362,0,0.0,695,0.21551724137931033,1,1,1,0,LEGITIMATE
USER0259,1,0,5392.072854999999,5392.072854999999,5392.072854999999,0.0,0.0,0.0,0,182,1,1,1,0.0,0.0,0,0.0,0,30.0,1,1,1,0,LEGITIMATE
USER0260,3,0,5590.914024999999,1863.6380083333331,4788.345589999999,0.0,0.0,0.0,0,1309,3,2,2,0.0,0.0,0,0.0,1144,0.07860262008733625,1,1,1,0,LEGITIMATE
USER0261,2,1,1546.561848,773.280924,1225.28796,200.0,100.0,14.0,0,1378,2,2,1,0.5,0.12931910887278011,0,0.0,665,0.09009009009009009,1,1,1,0,LEGITIMATE
USER0262,3,2,12449.699254,4149.899751333333,7324.141863999999,400.0,133.33333333333334,40.0,0,823,3,3,1,0.6666666666666666,0.032129290181165046,0,0.0,242,0.37037037037037035,1,1,1,0,LEGITIMATE
USER0264,3,0,5232.956617,1744.3188723333333,3064.965645,0.0,0.0,0.0,0,1300,3,3,2,0.0,0.0,0,0.0,520,0.1727447216890595,1,1,1,0,LEGITIMATE
USER0265,3,1,2664.006132,888.002044,1007.805888,200.0,66.66666666666667,12.333333333333334,0,1374,3,2,3,0.3333333333333333,0.07507490226752976,0,0.0,880,0.1021566401816118,1,1,1,0,LEGITIMATE
USER0266,3,1,10604.697654,3534.899218,5203.886688,200.0,66.66666666666667,16.333333333333332,0,1031,3,2,2,0.3333333333333333,0.01885956644172328,0,0.0,810,0.11097410604192355,1,1,1,0,LEGITIMATE
USER0267,5,2,17622.20737,3524.441474,5595.450024000001,400.0,80.0,14.0,0,1070,5,3,3,0.4,0.02269863199322912,0,0.0,740,0.20242914979757085,1,1,1,0,LEGITIMATE
USER0268,1,0,718.2234360000001,718.2234360000001,718.2234360000001,0.0,0.0,0.0,0,534,1,1,1,0.0,0.0,0,0.0,0,30.0,1,1,1,0,LEGITIMATE
USER0269,2,0,6878.389325000001,3439.1946625000005,5947.611100000001,0.0,0.0,0.0,0,399,2,2,2,0.0,0.0,0,0.0,363,0.16483516483516483,1,1,1,0,LEGITIMATE
USER0270,3,1,10985.974196,3661.9913986666666,4673.51015,200.0,66.66666666666667,1.6666666666666667,0,871,3,2,1,0.3333333333333333,0.018205030926872205,1,1.0,529,0.16981132075471697,1,1,1,0,LEGITIMATE
USER0271,6,1,20787.128625999998,3464.5214376666663,9051.19782,200.0,33.333333333333336,7.333333333333333,0,1438,6,3,3,0.16666666666666666,0.009621338454116515,0,0.0,560,0.32085561497326204,1,1,1,0,LEGITIMATE
USER0272,1,1,2368.810144,2368.810144,2368.810144,200.0,200.0,48.0,48,761,1,1,1,1.0,0.08443057393459051,0,0.0,0,30.0,1,1,1,0,LEGITIMATE
USER0273,3,1,7521.183824,2507.0612746666666,4603.72752,200.0,66.66666666666667,11.666666666666666,0,1357,3,2,2,0.3333333333333333,0.02659155854718011,0,0.0,867,0.10368663594470046,1,1,1,0,LEGITIMATE
USER0274,5,1,9288.556638,1857.7113276,6238.4868,0.0,0.0,0.0,0,883,5,3,3,0.2,0.0,1,1.0,464,0.3225806451612903,1,1,1,0,HIGH_RETURN_LEGITIMATE
USER0275,1,1,335.534721,335.534721,335.534721,200.0,200.0,34.0,34,825,1,1,1,1.0,0.596063499491011,0,0.0,0,30.0,1,1,1,0,LEGITIMATE
USER0276,7,0,18558.567128000002,2651.223875428572,6583.59693,0.0,0.0,0.0,0,1173,7,5,4,0.0,0.0,0,0.0,1046,0.20057306590257878,1,1,1,0,LEGITIMATE
USER0277,5,1,23475.306706000003,4695.0613412,9189.066600000002,200.0,40.0,8.4,0,900,5,2,2,0.2,0.008519590500126776,0,0.0,857,0.17482517482517482,1,1,1,0,LEGITIMATE
USER0278,3,0,9108.349876,3036.1166253333336,4681.882259999999,0.0,0.0,0.0,0,1698,3,3,3,0.0,0.0,0,0.0,910,0.09879253567508232,1,1,1,0,LEGITIMATE
USER0279,4,1,13333.2378,3333.30945,5642.89544,200.0,50.0,11.25,0,877,4,3,3,0.25,0.015000107475770063,0,0.0,476,0.25157232704402516,1,1,1,0,LEGITIMATE
USER0280,2,2,9990.656689999998,4995.328344999999,7398.917129999999,1915.4679219134937,957.7339609567468,6.5,2,852,2,2,2,1.0,0.19172592766907437,1,0.5,115,0.5172413793103449,1,1,1,1,INDIVIDUAL_RETURN_ABUSE
USER0281,2,1,3592.889842,1796.444921,3390.91701,200.0,100.0,5.5,0,1362,2,2,2,0.5,0.05566549735593035,0,0.0,1064,0.056338028169014086,1,1,1,0,LEGITIMATE
USER0282,2,0,969.211736,484.605868,646.152344,0.0,0.0,0.0,0,1139,2,2,2,0.0,0.0,0,0.0,399,0.15,1,1,1,0,LEGITIMATE
USER0284,2,1,3303.433139,1651.7165695,2426.781335,200.0,100.0,15.0,0,1281,2,2,2,0.5,0.060543074911618484,0,0.0,500,0.11976047904191617,1,1,1,0,LEGITIMATE
USER0285,4,2,15263.401188,3815.850297,5860.8326560000005,400.0,100.0,15.25,0,1551,4,4,2,0.5,0.02620647882298198,0,0.0,668,0.17937219730941703,1,1,1,0,LEGITIMATE
USER0286,3,1,11841.743668,3947.247889333333,6449.58028,200.0,66.66666666666667,15.666666666666666,0,1144,3,3,3,0.3333333333333333,0.016889404601829118,0,0.0,1028,0.08746355685131195,1,1,1,0,LEGITIMATE
USER0287,3,3,15136.684215,5045.5614049999995,7600.822514999999,200.0,66.66666666666667,17.0,0,1375,2,2,2,1.0,0.013212933371616883,2,0.6666666666666666,587,0.15306122448979592,1,1,1,0,HIGH_RETURN_LEGITIMATE
USER0288,2,0,8810.560373,4405.2801865,6260.345240000001,0.0,0.0,0.0,0,412,2,2,2,0.0,0.0,0,0.0,405,0.1477832512315271,1,1,1,0,LEGITIMATE
USER0289,2,1,2328.481618,1164.240809,1622.709138,200.0,100.0,3.5,0,973,2,2,2,0.5,0.08589288335107656,0,0.0,98,0.6060606060606061,1,1,1,0,LEGITIMATE
USER0290,1,0,664.4478,664.4478,664.4478,0.0,0.0,0.0,0,546,1,1,1,0.0,0.0,0,0.0,0,30.0,1,1,1,0,LEGITIMATE
USER0291,2,2,8161.857,4080.9285,5936.34312,5114.6578057864135,2557.3289028932068,5.0,3,1987,2,2,2,1.0,0.6266536899367894,1,0.5,1110,0.054005400540054004,5,4,1,1,COORDINATED_RETURN_ABUSE
USER0293,2,1,6965.600256,3482.800128,3772.3196160000007,200.0,100.0,10.5,0,718,2,2,1,0.5,0.028712529092912678,0,0.0,196,0.30456852791878175,1,1,1,0,LEGITIMATE
USER0294,1,0,1569.1055379999998,1569.1055379999998,1569.1055379999998,0.0,0.0,0.0,0,791,1,1,1,0.0,0.0,0,0.0,0,30.0,1,1,1,0,LEGITIMATE
USER0296,3,1,14836.345121999999,4945.448374,8166.911179999999,200.0,66.66666666666667,17.333333333333332,0,757,3,2,2,0.3333333333333333,0.013480408979124583,0,0.0,547,0.16423357664233576,1,1,1,0,LEGITIMATE
USER0297,1,0,1513.509312,1513.509312,1513.509312,0.0,0.0,0.0,0,658,1,1,1,0.0,0.0,0,0.0,0,30.0,1,1,1,0,LEGITIMATE
USER0298,1,0,2448.3246480000003,2448.3246480000003,2448.3246480000003,0.0,0.0,0.0,0,750,1,1,1,0.0,0.0,0,0.0,0,30.0,1,1,1,0,LEGITIMATE
USER0299,3,2,9180.682393,3060.227464333333,4159.803604,400.0,133.33333333333334,10.666666666666666,0,1531,3,3,2,0.6666666666666666,0.04356974600330235,0,0.0,774,0.11612903225806452,1,1,1,0,LEGITIMATE
USER0300,2,1,5536.073388000001,2768.0366940000004,3194.232444,200.0,100.0,7.0,0,817,2,2,1,0.5,0.036126688716504415,0,0.0,571,0.1048951048951049,1,1,1,0,LEGITIMATE
USER0301,4,2,8726.894512,2181.723628,4307.47795,1292.6068597571395,323.1517149392849,3.75,0,1531,4,2,2,0.5,0.14811762167856252,1,0.5,748,0.1602136181575434,1,1,1,1,INDIVIDUAL_RETURN_ABUSE
USER0302,4,0,7360.642634999999,1840.1606587499998,4234.438335,0.0,0.0,0.0,0,1198,4,3,3,0.0,0.0,0,0.0,626,0.19138755980861244,1,1,1,0,LEGITIMATE
USER0303,1,1,1617.8668750000002,1617.8668750000002,1617.8668750000002,200.0,200.0,56.0,56,98,1,1,1,1.0,0.12361956542314397,0,0.0,0,30.0,1,1,1,0,LEGITIMATE
USER0304,1,1,3044.199843,3044.199843,3044.199843,200.0,200.0,37.0,37,769,1,1,1,1.0,0.06569870912380833,0,0.0,0,30.0,1,1,1,0,LEGITIMATE
USER0306,4,0,10670.098561,2667.52464025,4226.38788,0.0,0.0,0.0,0,1827,4,2,4,0.0,0.0,0,0.0,935,0.1282051282051282,1,1,1,0,LEGITIMATE
USER0307,4,3,6366.940884,1591.735221,3028.55218,400.0,100.0,12.0,0,1962,4,3,3,0.75,0.06282451922950821,1,0.3333333333333333,1080,0.11100832562442182,1,1,1,0,HIGH_RETURN_LEGITIMATE
USER0308,4,0,11515.011569,2878.75289225,4662.19502,0.0,0.0,0.0,0,1335,4,3,3,0.0,0.0,0,0.0,1161,0.10327022375215146,1,1,1,0,LEGITIMATE
USER0310,4,1,9582.974405,2395.74360125,3715.38132,200.0,50.0,14.75,0,1019,4,2,3,0.25,0.020870346882659756,0,0.0,771,0.15544041450777202,1,1,1,0,LEGITIMATE
USER0312,3,1,12998.995545000002,4332.998515,8419.894395000001,0.0,0.0,0.0,0,839,3,3,2,0.3333333333333333,0.0,1,1.0,402,0.22332506203473945,1,1,1,0,HIGH_RETURN_LEGITIMATE
USER0313,5,1,7094.39611,1418.879222,2117.563908,200.0,40.0,7.2,0,902,5,3,2,0.2,0.028191264894003785,0,0.0,705,0.21246458923512748,1,1,1,0,LEGITIMATE
USER0314,2,0,5753.745075,2876.8725375,3291.4336,0.0,0.0,0.0,0,590,2,2,2,0.0,0.0,0,0.0,502,0.11928429423459244,1,1,1,0,LEGITIMATE
USER0315,3,3,7173.811871000001,2391.270623666667,3819.192065,4695.220439018477,1565.0734796728257,18.666666666666668,2,1270,3,2,3,1.0,0.6544945035426447,2,0.6666666666666666,412,0.2179176755447942,3,3,1,1,COORDINATED_RETURN_ABUSE
USER0316,1,0,8960.98944,8960.98944,8960.98944,0.0,0.0,0.0,0,495,1,1,1,0.0,0.0,0,0.0,0,30.0,1,1,1,0,LEGITIMATE
USER0317,1,0,1034.9368049999998,1034.9368049999998,1034.9368049999998,0.0,0.0,0.0,0,103,1,1,1,0.0,0.0,0,0.0,0,30.0,1,1,1,0,LEGITIMATE
USER0318,2,0,4800.257079999999,2400.1285399999997,3615.465976,0.0,0.0,0.0,0,66,2,2,1,0.0,0.0,0,0.0,35,1.6666666666666667,1,1,1,0,LEGITIMATE
USER0319,1,0,2367.786764,2367.786764,2367.786764,0.0,0.0,0.0,0,598,1,1,1,0.0,0.0,0,0.0,0,30.0,1,1,1,0,LEGITIMATE
USER0320,3,1,7383.6226320000005,2461.2075440000003,3621.98292,200.0,66.66666666666667,9.333333333333334,0,710,3,3,1,0.3333333333333333,0.027086974777559298,0,0.0,511,0.17578125,1,1,1,0,LEGITIMATE
USER0321,3,1,8881.283784,2960.4279279999996,6865.44488,200.0,66.66666666666667,2.6666666666666665,0,1722,3,2,2,0.3333333333333333,0.022519266906019634,0,0.0,849,0.10588235294117647,1,1,1,0,LEGITIMATE
USER0322,3,0,12297.723005000002,4099.241001666667,7824.739860000001,0.0,0.0,0.0,0,1456,3,3,2,0.0,0.0,0,0.0,574,0.1565217391304348,1,1,1,0,LEGITIMATE
USER0323,5,1,8258.625391000001,1651.7250782000003,2906.172676,200.0,40.0,12.0,0,858,5,2,3,0.2,0.024217105211958627,0,0.0,734,0.20408163265306123,1,1,1,0,LEGITIMATE
USER0324,1,1,267.55474200000003,267.55474200000003,267.55474200000003,200.0,200.0,22.0,22,612,1,1,1,1.0,0.7475105786015184,0,0.0,0,30.0,1,1,1,0,LEGITIMATE
USER0325,3,0,5687.72897,1895.9096566666667,3693.746456,0.0,0.0,0.0,0,1537,3,2,3,0.0,0.0,0,0.0,698,0.12875536480686695,1,1,1,0,LEGITIMATE
USER0326,3,2,7202.2302660000005,2400.743422,3372.129824,0.0,0.0,0.0,0,817,3,2,3,0.6666666666666666,0.0,2,1.0,647,0.1388888888888889,1,1,1,0,HIGH_RETURN_LEGITIMATE
USER0327,4,1,12867.334407,3216.83360175,4556.35794,200.0,50.0,2.25,0,1769,4,1,2,0.25,0.015543234804809096,0,0.0,1247,0.09615384615384616,1,1,1,0,LEGITIMATE
USER0328,2,0,2627.434432,1313.717216,2116.256092,0.0,0.0,0.0,0,517,2,1,2,0.0,0.0,0,0.0,63,0.9375,1,1,1,0,LEGITIMATE
USER0329,2,0,3852.272886,1926.136443,2003.191866,0.0,0.0,0.0,0,730,2,1,2,0.0,0.0,0,0.0,70,0.8450704225352113,1,1,1,0,LEGITIMATE
USER0330,1,0,3231.80493,3231.80493,3231.80493,0.0,0.0,0.0,0,335,1,1,1,0.0,0.0,0,0.0,0,30.0,5,4,1,1,COORDINATED_RETURN_ABUSE
USER0331,5,1,12229.240982,2445.8481964,4373.768308,200.0,40.0,4.8,0,1150,5,4,3,0.2,0.016354244739667526,0,0.0,1087,0.13786764705882354,1,1,1,0,LEGITIMATE
USER0332,1,0,4143.550272,4143.550272,4143.550272,0.0,0.0,0.0,0,299,1,1,1,0.0,0.0,0,0.0,0,30.0,1,1,1,0,LEGITIMATE
USER0334,4,1,2601.491041,650.37276025,871.8866519999999,200.0,50.0,3.25,0,1053,4,4,3,0.25,0.07687898856769501,0,0.0,466,0.2569593147751606,1,1,1,0,LEGITIMATE
USER0335,3,1,7213.839889999999,2404.6132966666664,4879.43096,200.0,66.66666666666667,14.0,0,1321,3,2,2,0.3333333333333333,0.02772448557906655,0,0.0,1179,0.07627118644067797,1,1,1,0,LEGITIMATE
USER0337,2,0,4286.292398,2143.146199,3081.156858,0.0,0.0,0.0,0,412,2,1,2,0.0,0.0,0,0.0,184,0.32432432432432434,1,1,1,0,LEGITIMATE
USER0338,3,2,3035.5926809999996,1011.8642269999999,1582.9959599999995,400.0,133.33333333333334,33.0,0,857,3,1,2,0.6666666666666666,0.13176998432748563,0,0.0,66,1.3432835820895523,1,1,1,0,LEGITIMATE
USER0339,2,0,7859.867576000001,3929.9337880000003,6417.6057,0.0,0.0,0.0,0,1759,2,1,2,0.0,0.0,0,0.0,996,0.06018054162487462,1,1,1,0,LEGITIMATE
USER0340,2,0,3734.664952,1867.332476,2727.86332,0.0,0.0,0.0,0,603,2,2,2,0.0,0.0,0,0.0,305,0.19607843137254902,1,1,1,0,LEGITIMATE
USER0342,4,3,14130.439868,3532.609967,6378.590144,600.0,150.0,9.0,0,1886,4,2,3,0.75,0.042461523180093545,0,0.0,1055,0.11363636363636363,1,1,1,0,LEGITIMATE
USER0343,1,0,4761.99801,4761.99801,4761.99801,0.0,0.0,0.0,0,509,1,1,1,0.0,0.0,0,0.0,0,30.0,1,1,1,0,LEGITIMATE
USER0344,4,3,12121.739913,3030.43497825,3802.819295,600.0,150.0,25.0,0,932,4,2,3,0.75,0.049497844724133044,0,0.0,494,0.24242424242424243,1,1,1,0,LEGITIMATE
USER0345,4,1,11896.513335,2974.12833375,4925.70873,200.0,50.0,6.75,0,1575,4,3,4,0.25,0.016811648452626227,0,0.0,1037,0.11560693641618497,1,1,1,0,LEGITIMATE
USER0346,2,0,3182.421584,1591.210792,2100.858004,0.0,0.0,0.0,0,1007,2,1,2,0.0,0.0,0,0.0,507,0.11811023622047244,1,1,1,0,LEGITIMATE
USER0347,2,1,7625.855898,3812.927949,6710.930249999999,200.0,100.0,14.0,0,555,2,2,2,0.5,0.026226564293255678,0,0.0,465,0.12875536480686695,1,1,1,0,LEGITIMATE
USER0348,4,3,12555.662838,3138.9157095,5750.23776,600.0,150.0,18.75,0,1310,4,3,4,0.75,0.04778720229600992,1,0.3333333333333333,514,0.23300970873786409,1,1,1,0,LEGITIMATE
USER0349,1,0,2610.551824,2610.551824,2610.551824,0.0,0.0,0.0,0,839,1,1,1,0.0,0.0,0,0.0,0,30.0,1,1,1,0,LEGITIMATE
USER0350,1,1,1514.452464,1514.452464,1514.452464,200.0,200.0,11.0,11,670,1,1,1,1.0,0.1320609294475683,0,0.0,0,30.0,1,1,1,0,LEGITIMATE
USER0351,2,1,7936.407573,3968.2037865,4810.693653,200.0,100.0,28.0,0,1720,2,2,2,0.5,0.02520031867824034,0,0.0,1019,0.058823529411764705,1,1,1,0,LEGITIMATE
USER0352,5,0,11901.919989,2380.3839978,8127.60753,0.0,0.0,0.0,0,1750,5,3,3,0.0,0.0,0,0.0,1016,0.14749262536873156,1,1,1,0,LEGITIMATE
USER0353,2,2,1544.95614,772.47807,968.409708,400.0,200.0,31.5,17,809,2,2,1,1.0,0.25890702631855944,0,0.0,180,0.3314917127071823,1,1,1,0,LEGITIMATE
USER0354,2,0,2672.331685,1336.1658425,2517.2784,0.0,0.0,0.0,0,459,2,2,2,0.0,0.0,0,0.0,64,0.9230769230769231,1,1,1,0,LEGITIMATE
USER0355,2,1,2360.316706,1180.158353,1604.069852,200.0,100.0,23.0,0,1740,2,1,2,0.5,0.08473439157194187,0,0.0,917,0.06535947712418301,1,1,1,0,LEGITIMATE
USER0356,8,2,15938.380272000002,1992.2975340000003,3786.582730000001,400.0,50.0,7.0,0,1097,8,4,4,0.25,0.025096653058448243,0,0.0,1069,0.22429906542056074,1,1,1,0,LEGITIMATE
USER0357,2,0,4242.040625,2121.0203125,2163.54957,0.0,0.0,0.0,0,1310,2,2,1,0.0,0.0,0,0.0,544,0.11009174311926606,1,1,1,0,LEGITIMATE
USER0358,3,0,7064.842433000001,2354.947477666667,3546.72418,0.0,0.0,0.0,0,1325,3,2,3,0.0,0.0,0,0.0,803,0.11194029850746269,1,1,1,0,LEGITIMATE
USER0359,1,0,1325.807125,1325.807125,1325.807125,0.0,0.0,0.0,0,833,1,1,1,0.0,0.0,0,0.0,0,30.0,1,1,1,0,LEGITIMATE
USER0360,2,1,2034.8040310000001,1017.4020155000001,1241.67624,200.0,100.0,11.0,0,1767,2,2,2,0.5,0.09828956349261331,0,0.0,966,0.06204756980351603,1,1,1,0,LEGITIMATE
USER0361,2,2,1417.947446,708.973723,1133.2290779999998,745.833216049278,372.916608024639,3.0,1,661,2,1,2,1.0,0.5259949641668723,2,1.0,235,0.2542372881355932,1,1,1,1,INDIVIDUAL_RETURN_ABUSE
USER0362,4,2,5226.66835,1306.6670875,1755.127854,200.0,50.0,10.75,0,1233,4,3,3,0.5,0.03826529379848637,1,0.5,594,0.20168067226890757,1,1,1,0,HIGH_RETURN_LEGITIMATE
USER0363,2,0,6212.513943000001,3106.2569715000004,3737.870163000001,0.0,0.0,0.0,0,1039,2,2,1,0.0,0.0,0,0.0,669,0.08955223880597014,1,1,1,0,LEGITIMATE
USER0364,1,0,704.7286399999999,704.7286399999999,704.7286399999999,0.0,0.0,0.0,0,103,1,1,1,0.0,0.0,0,0.0,0,30.0,1,1,1,0,LEGITIMATE
USER0365,2,0,2302.944584,1151.472292,1365.756208,0.0,0.0,0.0,0,955,2,2,2,0.0,0.0,0,0.0,415,0.14423076923076922,1,1,1,0,LEGITIMATE
USER0366,1,0,2460.6319499999995,2460.6319499999995,2460.6319499999995,0.0,0.0,0.0,0,683,1,1,1,0.0,0.0,0,0.0,0,30.0,1,1,1,0,LEGITIMATE
USER0367,1,0,351.31046999999995,351.31046999999995,351.31046999999995,0.0,0.0,0.0,0,447,1,1,1,0.0,0.0,0,0.0,0,30.0,1,1,1,0,LEGITIMATE
USER0368,3,2,2645.906172,881.968724,1727.4255,1349.2173470318514,449.7391156772838,3.3333333333333335,0,985,3,2,2,0.6666666666666666,0.5099263765698837,1,0.5,637,0.14106583072100312,5,5,4,1,COORDINATED_RETURN_ABUSE
USER0369,4,3,5259.232711000001,1314.8081777500001,2068.059352,400.0,100.0,15.75,0,1332,4,4,3,0.75,0.0760567219555385,1,0.3333333333333333,854,0.14035087719298245,1,1,1,0,HIGH_RETURN_LEGITIMATE
USER0370,2,0,1397.5077099999999,698.7538549999999,706.2236879999999,0.0,0.0,0.0,0,946,2,2,2,0.0,0.0,0,0.0,446,0.1342281879194631,1,1,1,0,LEGITIMATE
USER0371,3,2,10488.283402,3496.094467333333,4497.999699999999,200.0,66.66666666666667,19.333333333333332,0,733,3,2,3,0.6666666666666666,0.019068897390955533,1,0.5,514,0.17475728155339806,1,1,1,0,HIGH_RETURN_LEGITIMATE
USER0372,2,1,2121.3940199999997,1060.6970099999999,1190.447244,200.0,100.0,28.5,0,697,2,2,2,0.5,0.09427762976347036,0,0.0,665,0.09009009009009009,1,1,1,0,LEGITIMATE
USER0373,5,2,16586.116075,3317.2232150000004,6298.225544,400.0,80.0,12.6,0,1620,5,2,3,0.4,0.024116556172117585,0,0.0,1127,0.13297872340425532,1,1,1,0,LEGITIMATE
USER0374,2,1,7777.08288,3888.54144,5639.5206,200.0,100.0,28.0,0,1300,2,2,2,0.5,0.02571658333670735,0,0.0,808,0.07416563658838071,1,1,1,0,LEGITIMATE
USER0375,2,0,4007.0415980000002,2003.5207990000001,3194.814582,0.0,0.0,0.0,0,382,2,2,2,0.0,0.0,0,0.0,298,0.20066889632107024,1,1,1,0,LEGITIMATE
USER0376,4,0,6793.361495000001,1698.3403737500003,3986.681595000001,0.0,0.0,0.0,0,962,4,3,3,0.0,0.0,0,0.0,884,0.13559322033898305,1,1,1,0,LEGITIMATE
USER0379,1,0,744.742512,744.742512,744.742512,0.0,0.0,0.0,0,215,1,1,1,0.0,0.0,0,0.0,0,30.0,1,1,1,0,LEGITIMATE
USER0380,2,1,5281.70684,2640.85342,3541.6990399999995,200.0,100.0,23.0,0,281,2,2,2,0.5,0.03786654694375275,0,0.0,257,0.23255813953488372,1,1,1,0,LEGITIMATE
USER0381,5,3,10087.171694,2017.4343388000002,3654.7782700000007,600.0,120.0,16.0,0,1883,5,3,3,0.6,0.059481489777445634,0,0.0,1270,0.11801730920535011,1,1,1,0,LEGITIMATE
USER0382,2,0,5664.4966079999995,2832.2483039999997,3060.932448,0.0,0.0,0.0,0,1233,2,2,1,0.0,0.0,0,0.0,387,0.15463917525773196,1,1,1,0,LEGITIMATE
USER0383,2,0,3486.073383,1743.0366915,1983.886848,0.0,0.0,0.0,0,612,2,2,2,0.0,0.0,0,0.0,543,0.11029411764705882,1,1,1,0,LEGITIMATE
USER0384,3,1,3963.189544,1321.0631813333332,2291.21989,659.0258800878461,219.67529336261535,1.6666666666666667,0,1250,3,1,2,0.3333333333333333,0.16628674272861024,1,1.0,1198,0.0750625521267723,1,1,1,1,INDIVIDUAL_RETURN_ABUSE
USER0385,4,1,11011.939869000002,2752.9849672500004,4729.081968,200.0,50.0,9.25,0,1653,4,3,3,0.25,0.01816210425948885,0,0.0,841,0.14251781472684086,1,1,1,0,LEGITIMATE
USER0386,3,0,9495.491457,3165.163819,4238.824335,0.0,0.0,0.0,0,683,3,1,2,0.0,0.0,0,0.0,461,0.19480519480519481,1,1,1,0,LEGITIMATE
USER0388,2,2,6059.860764,3029.930382,4217.61993,3518.1227474281895,1759.0613737140948,4.0,3,735,2,1,1,1.0,0.5805616472788301,2,1.0,272,0.21978021978021978,1,1,1,1,INDIVIDUAL_RETURN_ABUSE
USER0389,1,1,896.888475,896.888475,896.888475,200.0,200.0,9.0,9,874,1,1,1,1.0,0.22299316534310468,0,0.0,0,30.0,1,1,1,0,LEGITIMATE
USER0390,1,0,3036.40581,3036.40581,3036.40581,0.0,0.0,0.0,0,550,1,1,1,0.0,0.0,0,0.0,0,30.0,1,1,1,0,LEGITIMATE
USER0391,1,0,3198.080032,3198.080032,3198.080032,0.0,0.0,0.0,0,363,1,1,1,0.0,0.0,0,0.0,0,30.0,1,1,1,0,LEGITIMATE
USER0392,3,3,6611.992723000001,2203.997574333334,3575.513335000001,600.0,200.0,23.333333333333332,20,681,3,2,3,1.0,0.0907442015041673,0,0.0,511,0.17578125,1,1,1,0,LEGITIMATE
USER0393,6,6,8988.998604,1498.166434,5009.3014,2575.3408333671414,429.2234722278569,2.8333333333333335,1,1292,6,3,3,1.0,0.28649919160307186,5,0.8333333333333334,1009,0.1782178217821782,1,1,1,1,INDIVIDUAL_RETURN_ABUSE
USER0394,1,1,158.18277600000002,158.18277600000002,158.18277600000002,200.0,200.0,43.0,43,31,1,1,1,1.0,1.2643601601731909,0,0.0,0,30.0,1,1,1,0,LEGITIMATE
USER0395,2,0,5230.257766,2615.128883,3904.31679,0.0,0.0,0.0,0,493,2,2,1,0.0,0.0,0,0.0,353,0.1694915254237288,1,1,1,0,LEGITIMATE
USER0396,2,0,5660.599630000001,2830.2998150000003,4609.77678,0.0,0.0,0.0,0,2073,2,2,1,0.0,0.0,0,0.0,1263,0.04746835443037975,1,1,1,0,LEGITIMATE
USER0397,2,0,3368.5480660000003,1684.2740330000001,2432.600514,0.0,0.0,0.0,0,1434,2,2,2,0.0,0.0,0,0.0,738,0.08119079837618404,1,1,1,0,LEGITIMATE
USER0398,4,2,11915.679219,2978.91980475,5917.307916,400.0,100.0,16.75,0,860,4,3,2,0.5,0.033569215203627246,0,0.0,800,0.149812734082397,1,1,1,0,LEGITIMATE
USER0399,3,0,6865.298341,2288.432780333333,4318.808516,0.0,0.0,0.0,0,875,3,3,3,0.0,0.0,0,0.0,680,0.13215859030837004,1,1,1,0,LEGITIMATE
USER0400,3,1,5657.54231,1885.8474366666667,2731.01954,200.0,66.66666666666667,8.0,0,1506,3,3,2,0.3333333333333333,0.03535103920415931,0,0.0,955,0.09414225941422594,1,1,1,0,LEGITIMATE
USER0401,4,1,10774.457344,2693.614336,4268.6528100000005,200.0,50.0,10.5,0,1694,4,3,3,0.25,0.01856241976876678,0,0.0,819,0.14634146341463414,1,1,1,0,LEGITIMATE
USER0402,3,1,15943.058685,5314.352895,6571.23003,200.0,66.66666666666667,7.333333333333333,0,1192,3,2,2,0.3333333333333333,0.012544644283858132,0,0.0,292,0.30716723549488056,1,1,1,0,LEGITIMATE
USER0403,4,4,16088.904600999998,4022.2261502499996,8565.048125,200.0,50.0,9.75,0,1567,4,3,4,1.0,0.01243092708670602,3,0.75,667,0.17964071856287425,1,1,1,0,HIGH_RETURN_LEGITIMATE
USER0404,4,2,8002.620314,2000.6550785,3051.240192,400.0,100.0,5.25,0,944,4,3,4,0.5,0.04998362839984164,0,0.0,677,0.17699115044247787,1,1,1,0,LEGITIMATE
USER0405,1,1,885.683126,885.683126,885.683126,200.0,200.0,31.0,31,39,1,1,1,1.0,0.2258143958361921,0,0.0,0,30.0,1,1,1,0,LEGITIMATE
USER0407,4,1,3936.5506689999997,984.1376672499999,1900.16167,200.0,50.0,3.25,0,1538,4,3,2,0.25,0.05080590009293743,0,0.0,1111,0.1079136690647482,1,1,1,0,LEGITIMATE
USER0408,1,0,111.213036,111.213036,111.213036,0.0,0.0,0.0,0,769,1,1,1,0.0,0.0,0,0.0,0,30.0,1,1,1,0,LEGITIMATE
USER0410,1,1,256.854312,256.854312,256.854312,200.0,200.0,32.0,32,734,1,1,1,1.0,0.7786515182194022,0,0.0,0,30.0,1,1,1,0,LEGITIMATE
USER0411,2,0,2785.4227339999998,1392.7113669999999,2246.48667,0.0,0.0,0.0,0,1382,2,1,2,0.0,0.0,0,0.0,582,0.10291595197255575,1,1,1,0,LEGITIMATE
USER0412,1,0,1445.3972640000002,1445.3972640000002,1445.3972640000002,0.0,0.0,0.0,0,795,1,1,1,0.0,0.0,0,0.0,0,30.0,1,1,1,0,LEGITIMATE
USER0413,4,2,8590.855046,2147.7137615,4857.79796,400.0,100.0,20.25,0,1633,4,4,3,0.5,0.04656113947426508,0,0.0,915,0.13100436681222707,1,1,1,0,LEGITIMATE
USER0414,5,0,15066.606634000002,3013.3213268000004,7311.973472000001,0.0,0.0,0.0,0,1171,5,3,4,0.0,0.0,0,0.0,1167,0.1284246575342466,1,1,1,0,LEGITIMATE
USER0415,1,1,910.619508,910.619508,910.619508,200.0,200.0,10.0,10,547,1,1,1,1.0,0.21963070002668997,0,0.0,0,30.0,1,1,1,0,LEGITIMATE
USER0416,5,1,10035.816963,2007.1633926,5991.744535,200.0,40.0,5.6,0,902,5,3,3,0.2,0.01992862172928811,0,0.0,847,0.17688679245283018,1,1,1,0,LEGITIMATE
USER0417,3,0,10432.97276,3477.6575866666667,3980.55,0.0,0.0,0.0,0,1039,3,2,2,0.0,0.0,0,0.0,161,0.5555555555555556,1,1,1,0,LEGITIMATE
USER0418,4,2,8751.835835,2187.95895875,6593.397911999999,400.0,100.0,22.75,0,1199,4,3,3,0.5,0.04570469642498727,0,0.0,1073,0.11173184357541899,1,1,1,0,LEGITIMATE
USER0419,4,2,5586.326785,1396.58169625,2699.7395850000003,400.0,100.0,10.75,0,761,4,2,3,0.5,0.07160340155431849,0,0.0,586,0.20442930153321975,1,1,1,0,LEGITIMATE
USER0420,4,3,9247.811374,2311.9528435,3381.363032,400.0,100.0,17.5,0,1736,4,3,4,0.75,0.043253477371369226,1,0.3333333333333333,897,0.133630289532294,1,1,1,0,HIGH_RETURN_LEGITIMATE
USER0421,2,2,5720.056640000001,2860.0283200000003,3619.68512,2602.073912409265,1301.0369562046326,27.0,1,314,2,2,2,1.0,0.45490352214576407,1,0.5,178,0.33519553072625696,5,5,1,1,COORDINATED_RETURN_ABUSE
USER0422,5,1,11614.390389,2322.8780778,3797.1752,200.0,40.0,1.2,0,1245,5,3,4,0.2,0.017220017004889055,0,0.0,1108,0.13525698827772767,1,1,1,0,LEGITIMATE
USER0423,4,0,5728.536957,1432.13423925,3331.915293,0.0,0.0,0.0,0,1725,4,3,3,0.0,0.0,0,0.0,838,0.1430274135876043,1,1,1,0,LEGITIMATE
USER0424,2,0,1332.405075,666.2025375,804.293235,0.0,0.0,0.0,0,1857,2,2,1,0.0,0.0,0,0.0,1000,0.059940059940059943,1,1,1,0,LEGITIMATE
USER0425,1,1,4724.960040000001,4724.960040000001,4724.960040000001,200.0,200.0,8.0,8,66,1,1,1,1.0,0.04232840030537062,0,0.0,0,30.0,1,1,1,0,LEGITIMATE
USER0426,2,0,2699.48035,1349.740175,1915.75552,0.0,0.0,0.0,0,902,2,2,2,0.0,0.0,0,0.0,446,0.1342281879194631,1,1,1,0,LEGITIMATE
USER0427,2,0,6196.716184000001,3098.3580920000004,4509.12448,0.0,0.0,0.0,0,1542,2,2,2,0.0,0.0,0,0.0,910,0.06586169045005488,1,1,1,0,LEGITIMATE
USER0428,4,0,11671.789446,2917.9473615,4733.565516,0.0,0.0,0.0,0,1007,4,3,3,0.0,0.0,0,0.0,584,0.20512820512820512,1,1,1,0,LEGITIMATE
USER0429,3,2,4515.294784,1505.0982613333333,1731.36604,400.0,133.33333333333334,15.333333333333334,0,733,3,3,1,0.6666666666666666,0.08858779307552736,0,0.0,655,0.13719512195121952,1,1,1,0,LEGITIMATE
USER0430,3,1,7154.871360000001,2384.9571200000005,4618.11744,200.0,66.66666666666667,18.0,0,1677,3,3,2,0.3333333333333333,0.02795298335035334,0,0.0,906,0.09922822491730982,1,1,1,0,LEGITIMATE
USER0431,6,0,15403.494119,2567.2490198333335,5205.93788,0.0,0.0,0.0,0,1699,6,3,3,0.0,0.0,0,0.0,873,0.20594965675057209,1,1,1,0,LEGITIMATE
USER0432,3,1,6125.1092149999995,2041.7030716666666,2820.77975,200.0,66.66666666666667,12.0,0,851,3,2,2,0.3333333333333333,0.03265247899747042,0,0.0,258,0.3474903474903475,1,1,1,0,LEGITIMATE
USER0433,3,0,12178.548977999999,4059.5163259999995,9516.32052,0.0,0.0,0.0,0,1011,3,3,3,0.0,0.0,0,0.0,648,0.1386748844375963,1,1,1,0,LEGITIMATE
USER0434,3,1,3666.79705,1222.2656833333333,1688.346058,200.0,66.66666666666667,12.333333333333334,0,1006,3,2,3,0.3333333333333333,0.05454351502764517,0,0.0,532,0.16885553470919323,1,1,1,0,LEGITIMATE
USER0436,4,3,7531.625094,1882.9062735,3841.52808,200.0,50.0,14.75,0,2150,4,4,3,0.75,0.026554694040643124,2,0.6666666666666666,1260,0.09516256938937351,1,1,1,0,HIGH_RETURN_LEGITIMATE
USER0437,3,2,11565.119149999999,3855.039716666666,6039.36668,400.0,133.33333333333334,27.333333333333332,0,1863,3,3,2,0.6666666666666666,0.03458675996433638,0,0.0,1233,0.07293354943273905,1,1,1,0,LEGITIMATE
USER0438,5,1,15300.265952,3060.0531904,7045.153547999999,200.0,40.0,7.4,0,1131,5,3,3,0.2,0.013071668206777586,0,0.0,840,0.178359096313912,1,1,1,0,LEGITIMATE
USER0439,1,0,1279.661888,1279.661888,1279.661888,0.0,0.0,0.0,0,375,1,1,1,0.0,0.0,0,0.0,0,30.0,1,1,1,0,LEGITIMATE
USER0440,2,1,3063.9791880000002,1531.9895940000001,1948.890464,200.0,100.0,23.5,0,1223,2,1,2,0.5,0.06527459480902975,0,0.0,554,0.10810810810810811,1,1,1,0,LEGITIMATE
USER0441,2,2,6089.176636,3044.588318,3555.775936,4493.155784814032,2246.577892407016,3.0,2,707,2,2,1,1.0,0.7378921738367571,2,1.0,378,0.158311345646438,3,1,1,1,COORDINATED_RETURN_ABUSE
USER0442,2,0,3710.797158,1855.398579,3182.76783,0.0,0.0,0.0,0,256,2,2,2,0.0,0.0,0,0.0,237,0.25210084033613445,1,1,1,0,LEGITIMATE
USER0443,2,1,6015.156478000001,3007.5782390000004,4586.380038,200.0,100.0,21.5,0,822,2,2,2,0.5,0.03324934284444395,0,0.0,798,0.07509386733416772,1,1,1,0,LEGITIMATE
USER0446,2,0,1774.755532,887.377766,1431.440052,0.0,0.0,0.0,0,979,2,2,2,0.0,0.0,0,0.0,548,0.1092896174863388,1,1,1,0,LEGITIMATE
USER0447,3,0,5607.283461,1869.094487,2925.517644,0.0,0.0,0.0,0,1299,3,2,2,0.0,0.0,0,0.0,890,0.10101010101010101,1,1,1,0,LEGITIMATE
USER0448,2,1,1227.168714,613.584357,1110.346488,200.0,100.0,3.5,0,931,2,2,2,0.5,0.16297677549820588,0,0.0,672,0.08915304606240713,1,1,1,0,LEGITIMATE
USER0449,3,2,10479.845948,3493.281982666667,4149.998408,400.0,133.33333333333334,27.333333333333332,0,1215,3,3,2,0.6666666666666666,0.03816849999367949,0,0.0,442,0.20316027088036118,1,1,1,0,LEGITIMATE
USER0450,1,1,2011.1448,2011.1448,2011.1448,200.0,200.0,30.0,30,254,1,1,1,1.0,0.09944584795684527,0,0.0,0,30.0,1,1,1,0,LEGITIMATE
USER0451,1,0,1120.476096,1120.476096,1120.476096,0.0,0.0,0.0,0,192,1,1,1,0.0,0.0,0,0.0,0,30.0,1,1,1,0,LEGITIMATE
USER0452,7,1,20560.888382,2937.269768857143,6341.492819999999,200.0,28.571428571428573,6.0,0,1608,7,4,4,0.14285714285714285,0.009727206153946621,0,0.0,945,0.2219873150105708,1,1,1,0,LEGITIMATE
USER0453,1,0,2068.589376,2068.589376,2068.589376,0.0,0.0,0.0,0,649,1,1,1,0.0,0.0,0,0.0,0,30.0,1,1,1,0,LEGITIMATE
USER0454,4,1,4906.538081000001,1226.6345202500002,2437.0191900000004,200.0,50.0,2.75,0,1248,4,4,3,0.25,0.040761937785518634,0,0.0,667,0.17964071856287425,1,1,1,0,LEGITIMATE
USER0456,4,2,5066.960719,1266.74017975,2746.275345,400.0,100.0,11.5,0,1602,4,3,3,0.5,0.07894278684657789,0,0.0,763,0.15706806282722513,1,1,1,0,LEGITIMATE
USER0457,2,0,2459.424993,1229.7124965,2105.06604,0.0,0.0,0.0,0,1525,2,1,2,0.0,0.0,0,0.0,791,0.07575757575757576,1,1,1,0,LEGITIMATE
USER0458,4,1,5083.770609,1270.94265225,2218.4864460000003,200.0,50.0,4.75,0,1035,4,3,3,0.25,0.03934087813599065,0,0.0,859,0.13953488372093023,1,1,1,0,LEGITIMATE
USER0459,2,0,4069.134747,2034.5673735,3330.008787,0.0,0.0,0.0,0,328,2,2,2,0.0,0.0,0,0.0,304,0.19672131147540983,1,1,1,0,LEGITIMATE
USER0460,1,0,4225.270944,4225.270944,4225.270944,0.0,0.0,0.0,0,823,1,1,1,0.0,0.0,0,0.0,0,30.0,1,1,1,0,LEGITIMATE
USER0461,3,3,9576.918451,3192.3061503333333,5715.50777,7635.796082216986,2545.2653607389952,3.0,1,1038,3,3,3,1.0,0.7973124258377363,3,1.0,674,0.13333333333333333,1,1,1,1,INDIVIDUAL_RETURN_ABUSE
USER0462,1,0,2123.301584,2123.301584,2123.301584,0.0,0.0,0.0,0,304,1,1,1,0.0,0.0,0,0.0,0,30.0,1,1,1,0,LEGITIMATE
USER0463,4,1,13791.021574,3447.7553935,4490.78224,200.0,50.0,12.25,0,1448,4,2,2,0.25,0.014502188900716166,0,0.0,654,0.183206106870229,1,1,1,0,LEGITIMATE
USER0464,2,0,4389.767795,2194.8838975,3476.526795,0.0,0.0,0.0,0,1482,2,2,1,0.0,0.0,0,0.0,648,0.09244992295839753,1,1,1,0,LEGITIMATE
USER0466,3,2,4913.212861,1637.7376203333333,3171.323925,400.0,133.33333333333334,23.666666666666668,0,1439,3,3,3,0.6666666666666666,0.08141312239392512,0,0.0,727,0.12362637362637363,1,1,1,0,LEGITIMATE
USER0467,4,3,7282.472766,1820.6181915,3719.378439,600.0,150.0,27.75,0,1256,4,3,2,0.75,0.08238959750062456,0,0.0,1017,0.11787819253438114,1,1,1,0,LEGITIMATE
USER0468,1,1,1590.099615,1590.099615,1590.099615,200.0,200.0,43.0,43,456,1,1,1,1.0,0.12577828339389918,0,0.0,0,30.0,1,1,1,0,LEGITIMATE
USER0469,4,1,14614.462864000001,3653.6157160000002,5133.27791,200.0,50.0,1.25,0,1720,4,3,3,0.25,0.013685073605589886,1,1.0,1021,0.11741682974559686,1,1,1,0,LEGITIMATE
USER0470,3,0,12334.065051000001,4111.355017000001,5772.128796,0.0,0.0,0.0,0,1244,3,2,2,0.0,0.0,0,0.0,597,0.1505016722408027,1,1,1,0,LEGITIMATE
USER0471,1,1,1209.69712,1209.69712,1209.69712,200.0,200.0,29.0,29,297,1,1,1,1.0,0.16533064078056167,0,0.0,0,30.0,1,1,1,0,LEGITIMATE
USER0472,1,1,1491.8534949999998,1491.8534949999998,1491.8534949999998,1329.0581032645298,1329.0581032645298,2.0,2,683,1,1,1,1.0,0.8908770919657428,1,1.0,0,30.0,5,1,3,1,COORDINATED_RETURN_ABUSE
USER0473,1,0,1306.43051,1306.43051,1306.43051,0.0,0.0,0.0,0,802,1,1,1,0.0,0.0,0,0.0,0,30.0,1,1,1,0,LEGITIMATE
USER0474,2,2,1876.218364,938.109182,1674.8343220000002,400.0,200.0,35.5,25,1250,2,2,2,1.0,0.21319480060264456,0,0.0,1123,0.05338078291814947,1,1,1,0,LEGITIMATE
USER0475,4,4,6563.0919,1640.772975,3430.13421,0.0,0.0,0.0,0,1295,4,3,3,1.0,0.0,4,1.0,1175,0.10204081632653061,1,1,1,0,HIGH_RETURN_LEGITIMATE
USER0476,2,0,4532.2530209999995,2266.1265104999998,3969.232146,0.0,0.0,0.0,0,583,2,2,1,0.0,0.0,0,0.0,63,0.9375,1,1,1,0,LEGITIMATE
USER0477,3,1,6481.602613,2160.5342043333335,3194.37888,200.0,66.66666666666667,4.666666666666667,0,1165,3,3,3,0.3333333333333333,0.03085656618300922,0,0.0,1086,0.0827966881324747,1,1,1,0,LEGITIMATE
USER0478,4,1,9574.684704,2393.671176,3484.5067950000007,200.0,50.0,14.25,0,1363,4,2,3,0.25,0.020888416295990024,0,0.0,698,0.17167381974248927,1,1,1,0,LEGITIMATE
USER0479,2,0,4039.118459,2019.5592295,2161.223835,0.0,0.0,0.0,0,1859,2,2,1,0.0,0.0,0,0.0,971,0.06172839506172839,1,1,1,0,LEGITIMATE
USER0480,2,1,7793.280178000001,3896.6400890000004,5297.87365,200.0,100.0,15.0,0,247,2,2,2,0.5,0.025663134833082087,0,0.0,47,1.25,1,1,1,0,LEGITIMATE
USER0481,3,1,6840.722040000001,2280.2406800000003,3557.98192,1274.5426025059742,424.84753416865806,0.6666666666666666,0,1072,3,2,2,0.3333333333333333,0.1863169699124296,1,1.0,463,0.1939655172413793,1,1,1,1,INDIVIDUAL_RETURN_ABUSE
USER0482,3,0,11517.542167,3839.180722333333,5437.283995,0.0,0.0,0.0,0,848,3,1,1,0.0,0.0,0,0.0,624,0.144,1,1,1,0,LEGITIMATE
USER0483,2,0,6215.111622,3107.555811,4763.327118,0.0,0.0,0.0,0,1057,2,2,1,0.0,0.0,0,0.0,366,0.16348773841961853,1,1,1,0,LEGITIMATE
USER0484,2,2,5555.47908,2777.73954,4915.632312,2933.200505104758,1466.600252552379,28.5,7,644,2,2,1,1.0,0.5279833589265821,0,0.0,347,0.1724137931034483,3,2,2,1,COORDINATED_RETURN_ABUSE
USER0485,1,1,4695.286232,4695.286232,4695.286232,200.0,200.0,58.0,58,767,1,1,1,1.0,0.04259591218037588,0,0.0,0,30.0,1,1,1,0,LEGITIMATE
USER0486,3,2,7179.5501699999995,2393.1833899999997,3544.24284,2887.721111683568,962.5737038945226,0.6666666666666666,0,1360,3,3,2,0.6666666666666666,0.4022147687956846,2,1.0,908,0.09900990099009901,1,1,1,1,INDIVIDUAL_RETURN_ABUSE
USER0487,2,1,6496.533394,3248.266697,4523.227688,200.0,100.0,15.0,0,465,2,1,2,0.5,0.03078564949496202,0,0.0,39,1.5,1,1,1,0,LEGITIMATE
USER0488,1,1,5410.205268,5410.205268,5410.205268,200.0,200.0,12.0,12,745,1,1,1,1.0,0.036967174089114437,0,0.0,0,30.0,1,1,1,0,LEGITIMATE
USER0489,3,0,5569.371154,1856.4570513333335,2349.93312,0.0,0.0,0.0,0,1112,3,3,2,0.0,0.0,0,0.0,603,0.1490066225165563,1,1,1,0,LEGITIMATE
USER0491,3,1,6994.691014999999,2331.5636716666663,3479.602032,200.0,66.66666666666667,5.666666666666667,0,430,3,3,3,0.3333333333333333,0.028593114345023003,0,0.0,260,0.3448275862068966,1,1,1,0,LEGITIMATE
USER0492,3,1,7058.97534,2352.99178,3467.9488,200.0,66.66666666666667,7.666666666666667,0,787,3,2,2,0.3333333333333333,0.02833272399560472,0,0.0,491,0.18292682926829268,1,1,1,0,LEGITIMATE
USER0493,4,2,8442.84156,2110.71039,4574.448567,400.0,100.0,25.25,0,1217,4,3,3,0.5,0.047377414008939425,0,0.0,920,0.13029315960912052,1,1,1,0,LEGITIMATE
USER0494,2,1,3871.2930250000004,1935.6465125000002,3059.7617200000004,200.0,100.0,14.5,0,342,2,2,1,0.5,0.051662325406121895,0,0.0,45,1.3043478260869565,1,1,1,0,LEGITIMATE
USER0495,4,1,10950.803828,2737.700957,4432.47168,200.0,50.0,7.5,0,1334,4,2,3,0.25,0.018263499478332543,0,0.0,871,0.13761467889908258,1,1,1,0,LEGITIMATE
USER0496,1,1,812.97776,812.97776,812.97776,200.0,200.0,53.0,53,758,1,1,1,1.0,0.24600918972248392,0,0.0,0,30.0,1,1,1,0,LEGITIMATE
USER0497,2,1,6098.642552,3049.321276,3646.715618,200.0,100.0,3.5,0,906,2,2,2,0.5,0.03279418301608964,0,0.0,220,0.27149321266968324,1,1,1,0,LEGITIMATE
USER0498,1,0,472.966878,472.966878,472.966878,0.0,0.0,0.0,0,562,1,1,1,0.0,0.0,0,0.0,0,30.0,1,1,1,0,LEGITIMATE
USER0499,2,2,1242.726096,621.363048,995.93628,400.0,200.0,35.5,16,847,2,2,1,1.0,0.32187301875086716,0,0.0,1,30.0,1,1,1,0,LEGITIMATE
USER0500,2,0,6131.609532,3065.804766,5272.232616,0.0,0.0,0.0,0,786,2,1,1,0.0,0.0,0,0.0,617,0.0970873786407767,1,1,1,0,LEGITIMATE
USER0501,2,0,3862.960228,1931.480114,3188.860116,0.0,0.0,0.0,0,831,2,2,1,0.0,0.0,0,0.0,294,0.2033898305084746,1,1,1,0,LEGITIMATE
USER0502,3,1,8740.514371000001,2913.504790333334,3993.68256,200.0,66.66666666666667,7.333333333333333,0,1056,3,2,2,0.3333333333333333,0.022881948534239183,0,0.0,1045,0.08604206500956023,1,1,1,0,LEGITIMATE
USER0503,3,1,7389.387719999999,2463.1292399999998,5455.128689999999,200.0,66.66666666666667,13.333333333333334,0,1023,3,2,2,0.3333333333333333,0.027065841931488206,0,0.0,910,0.09879253567508232,1,1,1,0,LEGITIMATE
USER0504,2,2,3717.5764980000004,1858.7882490000002,2844.307752,400.0,200.0,32.5,11,444,2,2,2,1.0,0.10759697889611523,0,0.0,16,3.5294117647058822,1,1,1,0,LEGITIMATE
USER0505,5,4,4492.215886,898.4431772,1372.397166,800.0,160.0,36.0,0,1838,5,3,3,0.8,0.1780858312026369,0,0.0,1129,0.13274336283185842,1,1,1,0,LEGITIMATE
USER0506,1,1,1255.514814,1255.514814,1255.514814,200.0,200.0,36.0,36,898,1,1,1,1.0,0.15929720443744602,0,0.0,0,30.0,1,1,1,0,LEGITIMATE
USER0507,3,0,7518.824299,2506.2747663333334,2853.76518,0.0,0.0,0.0,0,1568,3,2,3,0.0,0.0,0,0.0,892,0.10078387458006718,1,1,1,0,LEGITIMATE
USER0508,1,1,2424.487134,2424.487134,2424.487134,200.0,200.0,34.0,34,260,1,1,1,1.0,0.08249167306160676,0,0.0,0,30.0,1,1,1,0,LEGITIMATE
USER0509,4,0,15694.163910000001,3923.5409775000003,7280.890724000001,0.0,0.0,0.0,0,1211,4,3,3,0.0,0.0,0,0.0,1069,0.11214953271028037,1,1,1,0,LEGITIMATE
USER0510,4,1,11012.755846,2753.1889615,6045.968224,200.0,50.0,7.5,0,1242,4,4,2,0.25,0.018160758560051345,0,0.0,1010,0.11869436201780416,1,1,1,0,LEGITIMATE
USER0512,2,1,3291.83761,1645.918805,1924.01196,200.0,100.0,3.0,0,347,2,1,1,0.5,0.06075633846348818,0,0.0,58,1.0169491525423728,1,1,1,0,LEGITIMATE
USER0513,5,3,10614.676854000001,2122.9353708000003,4680.36054,200.0,40.0,4.4,0,1305,5,3,3,0.6,0.018841835955150404,2,0.6666666666666666,966,0.15511892450879008,1,1,1,0,HIGH_RETURN_LEGITIMATE
USER0514,2,0,1160.742408,580.371204,856.6672320000001,0.0,0.0,0.0,0,838,2,2,2,0.0,0.0,0,0.0,366,0.16348773841961853,1,1,1,0,LEGITIMATE
USER0515,2,0,8115.11557,4057.557785,5297.71489,0.0,0.0,0.0,0,998,2,2,2,0.0,0.0,0,0.0,301,0.1986754966887417,1,1,1,0,LEGITIMATE
USER0516,3,1,6812.505593999999,2270.8351979999998,5048.139095999999,200.0,66.66666666666667,6.0,0,889,3,2,2,0.3333333333333333,0.029357774058365056,0,0.0,485,0.18518518518518517,1,1,1,0,LEGITIMATE
USER0517,2,0,8044.157088,4022.078544,6249.975612,0.0,0.0,0.0,0,1109,2,2,1,0.0,0.0,0,0.0,442,0.13544018058690746,1,1,1,0,LEGITIMATE
USER0518,1,0,3162.902844,3162.902844,3162.902844,0.0,0.0,0.0,0,139,1,1,1,0.0,0.0,0,0.0,0,30.0,1,1,1,0,LEGITIMATE
USER0519,6,3,12003.855839,2000.6426398333333,4230.6096,600.0,100.0,20.666666666666668,0,1237,6,2,2,0.5,0.04998393916483288,0,0.0,989,0.18181818181818182,1,1,1,0,LEGITIMATE
USER0520,1,0,5303.675936000001,5303.675936000001,5303.675936000001,0.0,0.0,0.0,0,466,1,1,1,0.0,0.0,0,0.0,0,30.0,1,1,1,0,LEGITIMATE
USER0521,3,1,6716.604947999999,2238.8683159999996,4275.952659999999,200.0,66.66666666666667,7.666666666666667,0,1324,3,2,2,0.3333333333333333,0.029776948554872788,0,0.0,1103,0.08152173913043478,1,1,1,0,LEGITIMATE
USER0522,4,1,3789.083275,947.27081875,1247.1785120000002,200.0,50.0,7.25,0,1552,4,3,3,0.25,0.052783215750252944,0,0.0,758,0.15810276679841898,1,1,1,0,LEGITIMATE
USER0523,2,0,6411.708298,3205.854149,4234.52344,0.0,0.0,0.0,0,1174,2,1,2,0.0,0.0,0,0.0,620,0.0966183574879227,1,1,1,0,LEGITIMATE
USER0524,4,3,6471.95891,1617.9897275,2687.53364,4169.8053684167735,1042.4513421041934,2.75,0,1975,4,4,3,0.75,0.6442879855083588,2,0.6666666666666666,1117,0.1073345259391771,5,5,2,1,COORDINATED_RETURN_ABUSE
USER0525,1,1,1004.671952,1004.671952,1004.671952,200.0,200.0,7.0,7,814,1,1,1,1.0,0.19906995472687386,0,0.0,0,30.0,1,1,1,0,LEGITIMATE
USER0526,3,1,16303.889591,5434.629863666666,6461.659845,200.0,66.66666666666667,16.666666666666668,0,1343,3,2,2,0.3333333333333333,0.012267011432069751,0,0.0,910,0.09879253567508232,1,1,1,0,LEGITIMATE
USER0527,2,0,2049.903092,1024.951546,1206.310988,0.0,0.0,0.0,0,997,2,1,1,0.0,0.0,0,0.0,235,0.2542372881355932,1,1,1,0,LEGITIMATE
USER0528,4,0,5775.988678000001,1443.9971695000002,3634.040144000001,0.0,0.0,0.0,0,1720,4,3,2,0.0,0.0,0,0.0,870,0.1377726750861079,1,1,1,0,LEGITIMATE
USER0529,5,1,6679.554654,1335.9109308,3110.546742,200.0,40.0,6.0,0,2021,5,3,3,0.2,0.029942115958319398,0,0.0,1262,0.1187648456057007,1,1,1,0,LEGITIMATE
USER0531,1,1,2120.34984,2120.34984,2120.34984,200.0,200.0,56.0,56,544,1,1,1,1.0,0.09432405739234051,0,0.0,0,30.0,1,1,1,0,LEGITIMATE
USER0532,1,0,775.32557,775.32557,775.32557,0.0,0.0,0.0,0,824,1,1,1,0.0,0.0,0,0.0,0,30.0,1,1,1,0,LEGITIMATE
USER0533,2,1,2987.112876,1493.556438,2143.122036,200.0,100.0,24.0,0,1538,2,1,2,0.5,0.06695428271455785,0,0.0,735,0.08152173913043478,1,1,1,1,INDIVIDUAL_RETURN_ABUSE
USER0535,2,0,6626.732029000001,3313.3660145000003,4937.15995,0.0,0.0,0.0,0,1084,2,1,2,0.0,0.0,0,0.0,212,0.28169014084507044,1,1,1,0,LEGITIMATE
USER0536,1,0,3132.1938660000005,3132.1938660000005,3132.1938660000005,0.0,0.0,0.0,0,456,1,1,1,0.0,0.0,0,0.0,0,30.0,1,1,1,0,LEGITIMATE
USER0537,3,0,5300.797726000001,1766.9325753333335,4103.864037,0.0,0.0,0.0,0,767,3,3,2,0.0,0.0,0,0.0,503,0.17857142857142858,1,1,1,0,LEGITIMATE
USER0538,2,0,6933.25653,3466.628265,4944.018222,0.0,0.0,0.0,0,757,2,2,2,0.0,0.0,0,0.0,253,0.23622047244094488,1,1,1,0,LEGITIMATE
USER0539,2,1,5093.9946,2546.9973,4724.184852,200.0,100.0,14.0,0,421,2,2,1,0.5,0.03926191833811524,0,0.0,68,0.8695652173913043,1,1,1,0,LEGITIMATE
USER0540,2,1,6898.210277000001,3449.1051385000005,6695.745875000001,200.0,100.0,7.0,0,465,2,1,2,0.5,0.028993027462041798,0,0.0,442,0.13544018058690746,1,1,1,0,LEGITIMATE
USER0541,3,1,10944.570835999999,3648.1902786666665,6574.5114,200.0,66.66666666666667,10.666666666666666,0,1431,3,1,2,0.3333333333333333,0.018273900639588316,0,0.0,747,0.12032085561497326,1,1,1,0,LEGITIMATE
USER0542,4,1,15176.674777,3794.16869425,6117.778144999999,200.0,50.0,5.5,0,1055,4,3,3,0.25,0.01317811727132064,0,0.0,957,0.12526096033402923,1,1,1,0,LEGITIMATE
USER0543,5,1,6701.211371,1340.2422742,2762.519125,200.0,40.0,6.8,0,979,5,3,3,0.2,0.02984535018034428,0,0.0,915,0.16375545851528384,1,1,1,0,LEGITIMATE
USER0544,1,0,1680.218868,1680.218868,1680.218868,0.0,0.0,0.0,0,360,1,1,1,0.0,0.0,0,0.0,0,30.0,1,1,1,0,LEGITIMATE
USER0545,3,1,8849.172682,2949.7242273333336,5064.758610000001,200.0,66.66666666666667,4.0,0,791,3,2,3,0.3333333333333333,0.022600982847449422,0,0.0,512,0.17543859649122806,1,1,1,0,LEGITIMATE
USER0546,2,1,3840.277273999999,1920.1386369999996,3171.7180699999994,200.0,100.0,24.5,0,221,2,2,2,0.5,0.052079572835552514,0,0.0,105,0.5660377358490566,1,1,1,0,LEGITIMATE
USER0547,2,2,3291.11295,1645.556475,2872.60095,400.0,200.0,22.5,21,553,2,2,2,1.0,0.12153943242816992,0,0.0,424,0.1411764705882353,1,1,1,0,LEGITIMATE
USER0548,2,1,4858.333912,2429.166956,2535.8932720000003,200.0,100.0,14.0,0,581,2,2,2,0.5,0.041166375885775056,0,0.0,17,3.3333333333333335,1,1,1,0,LEGITIMATE
USER0550,3,0,3622.2002,1207.4000666666668,1418.566244,0.0,0.0,0.0,0,904,3,3,3,0.0,0.0,0,0.0,347,0.25862068965517243,1,1,1,0,LEGITIMATE
USER0551,5,2,12663.890239,2532.7780478,4921.52563,400.0,80.0,5.4,0,1631,5,4,3,0.4,0.031585870727791926,0,0.0,1222,0.12264922322158626,1,1,1,0,LEGITIMATE
USER0552,3,1,2379.6179549999997,793.2059849999999,1136.079006,200.0,66.66666666666667,9.0,0,1366,3,2,2,0.3333333333333333,0.08404710494798734,0,0.0,987,0.09109311740890688,1,1,1,0,LEGITIMATE
USER0553,2,0,2016.5248740000002,1008.2624370000001,1274.844298,0.0,0.0,0.0,0,1449,2,2,2,0.0,0.0,0,0.0,878,0.06825938566552901,1,1,1,0,LEGITIMATE
USER0554,2,1,1223.323629,611.6618145,764.6206050000001,200.0,100.0,16.5,0,966,2,1,2,0.5,0.16348903532868816,0,0.0,706,0.08486562942008487,1,1,1,0,LEGITIMATE
USER0555,3,1,12100.454067000002,4033.484689000001,6768.915180000001,200.0,66.66666666666667,15.0,0,1076,3,2,2,0.3333333333333333,0.01652830537536885,0,0.0,1075,0.08364312267657993,1,1,1,0,LEGITIMATE
USER0556,3,1,11606.622039999998,3868.8740133333326,6581.898399999999,200.0,66.66666666666667,4.666666666666667,0,1216,3,2,2,0.3333333333333333,0.0172315424169701,0,0.0,538,0.16697588126159554,1,1,1,0,LEGITIMATE
USER0557,2,2,6856.228306000001,3428.1141530000004,6172.279750000001,400.0,200.0,25.0,24,660,2,2,2,1.0,0.05834111440687488,0,0.0,626,0.09569377990430622,1,1,1,0,LEGITIMATE
USER0558,2,1,5395.658861,2697.8294305,3060.147765,200.0,100.0,7.0,0,1020,2,1,1,0.5,0.03706683560845675,0,0.0,171,0.3488372093023256,1,1,1,0,LEGITIMATE
USER0559,2,0,1979.55738,989.77869,1292.926908,0.0,0.0,0.0,0,1001,2,2,2,0.0,0.0,0,0.0,712,0.08415147265077139,1,1,1,0,LEGITIMATE
USER0560,3,1,8995.880412,2998.626804,3085.360192,200.0,66.66666666666667,12.0,0,1480,3,2,3,0.3333333333333333,0.022232398702545134,0,0.0,1241,0.07246376811594203,1,1,1,0,LEGITIMATE
USER0562,3,2,8188.7768110000015,2729.592270333334,3932.413940000001,200.0,66.66666666666667,18.666666666666668,0,710,3,2,2,0.6666666666666666,0.024423672132734105,1,0.5,196,0.45685279187817257,1,1,1,0,HIGH_RETURN_LEGITIMATE
USER0563,6,2,14212.928891,2368.821481833333,5123.794279999999,400.0,66.66666666666667,8.166666666666666,0,1260,6,4,3,0.3333333333333333,0.028143389942187815,0,0.0,905,0.1986754966887417,1,1,1,0,LEGITIMATE
USER0564,4,2,5500.077488,1375.019372,2281.8229920000003,400.0,100.0,19.25,0,895,4,4,2,0.5,0.07272624810699758,0,0.0,770,0.1556420233463035,1,1,1,0,LEGITIMATE
USER0565,3,1,5908.535622,1969.511874,3809.117454,200.0,66.66666666666667,16.666666666666668,0,1069,3,2,3,0.3333333333333333,0.03384933472437986,0,0.0,839,0.10714285714285714,1,1,1,0,LEGITIMATE
USER0566,3,2,6633.8452560000005,2211.2817520000003,4470.074448,400.0,133.33333333333334,27.0,0,1175,3,3,2,0.6666666666666666,0.060296854171902614,0,0.0,992,0.09063444108761329,1,1,1,0,LEGITIMATE
USER0567,1,0,3476.255616,3476.255616,3476.255616,0.0,0.0,0.0,0,687,1,1,1,0.0,0.0,0,0.0,0,30.0,3,2,1,1,COORDINATED_RETURN_ABUSE
USER0568,4,2,11855.133956,2963.783489,3679.6473,400.0,100.0,17.5,0,641,4,3,3,0.5,0.03374065628314188,0,0.0,453,0.2643171806167401,1,1,1,0,LEGITIMATE
USER0569,3,2,10699.300887000001,3566.4336290000006,6920.910876,2258.4034204658037,752.801140155268,2.6666666666666665,0,1342,3,2,2,0.6666666666666666,0.21107953167387203,2,1.0,514,0.17475728155339806,1,1,1,1,INDIVIDUAL_RETURN_ABUSE
USER0571,6,2,15613.635911,2602.2726518333334,5054.327519999999,400.0,66.66666666666667,9.333333333333334,0,1045,6,4,3,0.3333333333333333,0.02561863247484816,0,0.0,845,0.2127659574468085,1,1,1,0,LEGITIMATE
USER0573,2,0,8026.889698000002,4013.444849000001,4929.371590000002,0.0,0.0,0.0,0,811,2,2,2,0.0,0.0,0,0.0,168,0.35502958579881655,1,1,1,0,LEGITIMATE
USER0574,2,1,2103.966276,1051.983138,1580.9365080000002,200.0,100.0,28.0,0,316,2,2,2,0.5,0.09505855786825358,0,0.0,9,6.0,1,1,1,0,LEGITIMATE
USER0575,1,0,257.11183500000004,257.11183500000004,257.11183500000004,0.0,0.0,0.0,0,395,1,1,1,0.0,0.0,0,0.0,0,30.0,1,1,1,0,LEGITIMATE
USER0576,1,1,4701.08828,4701.08828,4701.08828,200.0,200.0,27.0,27,666,1,1,1,1.0,0.04254334062409906,0,0.0,0,30.0,1,1,1,0,LEGITIMATE
USER0577,4,0,13103.144122,3275.7860305,4344.88299,0.0,0.0,0.0,0,1366,4,3,3,0.0,0.0,0,0.0,578,0.20725388601036268,1,1,1,0,LEGITIMATE
USER0578,1,0,2277.096327,2277.096327,2277.096327,0.0,0.0,0.0,0,719,1,1,1,0.0,0.0,0,0.0,0,30.0,1,1,1,0,LEGITIMATE
USER0579,1,0,4807.33808,4807.33808,4807.33808,0.0,0.0,0.0,0,64,1,1,1,0.0,0.0,0,0.0,0,30.0,1,1,1,0,LEGITIMATE
USER0580,2,1,4092.9096140000006,2046.4548070000003,2380.4794860000006,200.0,100.0,26.5,0,423,2,1,2,0.5,0.048864993088508495,0,0.0,288,0.20761245674740483,1,1,1,0,LEGITIMATE
USER0581,4,3,6128.027779,1532.00694475,2513.908504,600.0,150.0,19.75,0,1188,4,3,3,0.75,0.09791078331206762,0,0.0,289,0.41379310344827586,1,1,1,0,LEGITIMATE
USER0582,1,0,589.052552,589.052552,589.052552,0.0,0.0,0.0,0,380,1,1,1,0.0,0.0,0,0.0,0,30.0,1,1,1,0,LEGITIMATE
USER0583,2,0,2734.58498,1367.29249,2450.7200000000003,0.0,0.0,0.0,0,467,2,2,2,0.0,0.0,0,0.0,354,0.16901408450704225,1,1,1,0,LEGITIMATE
USER0584,2,0,2060.331865,1030.1659325,1768.73764,0.0,0.0,0.0,0,1330,2,2,1,0.0,0.0,0,0.0,607,0.09868421052631579,1,1,1,0,LEGITIMATE
USER0585,2,0,8183.917354000001,4091.9586770000005,4686.315240000001,0.0,0.0,0.0,0,1604,2,2,2,0.0,0.0,0,0.0,925,0.06479481641468683,1,1,1,0,LEGITIMATE
USER0586,2,0,6396.064439,3198.0322195,5714.315168,0.0,0.0,0.0,0,320,2,1,2,0.0,0.0,0,0.0,285,0.2097902097902098,1,1,1,0,LEGITIMATE
USER0587,1,0,508.715628,508.715628,508.715628,0.0,0.0,0.0,0,350,1,1,1,0.0,0.0,0,0.0,0,30.0,1,1,1,0,LEGITIMATE
USER0588,3,1,4189.4793660000005,1396.493122,2264.4309000000003,200.0,66.66666666666667,8.0,0,973,3,2,2,0.3333333333333333,0.04773862872392053,0,0.0,711,0.12640449438202248,1,1,1,0,LEGITIMATE
USER0589,4,0,12635.33266,3158.833165,4971.983168,0.0,0.0,0.0,0,1824,4,3,1,0.0,0.0,0,0.0,1141,0.10507880910683012,1,1,1,0,LEGITIMATE
USER0590,2,0,2165.181078,1082.590539,1123.622542,0.0,0.0,0.0,0,1016,2,1,2,0.0,0.0,0,0.0,432,0.13856812933025403,1,1,1,0,LEGITIMATE
USER0591,2,0,4038.431808,2019.215904,3356.998992,0.0,0.0,0.0,0,774,2,2,2,0.0,0.0,0,0.0,284,0.21052631578947367,1,1,1,0,LEGITIMATE
USER0592,2,0,7829.77543,3914.887715,6968.00788,0.0,0.0,0.0,0,650,2,2,2,0.0,0.0,0,0.0,585,0.10238907849829351,1,1,1,0,LEGITIMATE
USER0593,1,0,2492.690592,2492.690592,2492.690592,0.0,0.0,0.0,0,96,1,1,1,0.0,0.0,0,0.0,0,30.0,1,1,1,0,LEGITIMATE
USER0594,3,2,14874.166636,4958.055545333334,6375.1669,400.0,133.33333333333334,10.333333333333334,0,1389,3,3,2,0.6666666666666666,0.02689226292731443,0,0.0,680,0.13215859030837004,1,1,1,0,LEGITIMATE
USER0595,4,3,11406.858977,2851.71474425,5352.8189,4963.786778448064,1240.946694612016,16.25,0,892,4,4,3,0.75,0.4351580736166459,2,0.6666666666666666,843,0.14218009478672985,1,1,1,1,INDIVIDUAL_RETURN_ABUSE
USER0596,1,1,5202.34764,5202.34764,5202.34764,200.0,200.0,34.0,34,324,1,1,1,1.0,0.03844418209621993,0,0.0,0,30.0,1,1,1,0,LEGITIMATE
USER0597,1,1,3468.43233,3468.43233,3468.43233,200.0,200.0,36.0,36,227,1,1,1,1.0,0.05766293846073105,0,0.0,0,30.0,1,1,1,0,LEGITIMATE
USER0598,5,0,6751.213509,1350.2427018,2975.055722,0.0,0.0,0.0,0,1801,5,2,3,0.0,0.0,0,0.0,1155,0.12975778546712802,1,1,1,0,LEGITIMATE
USER0599,1,1,5381.55576,5381.55576,5381.55576,200.0,200.0,21.0,21,498,1,1,1,1.0,0.037163974307682354,0,0.0,0,30.0,1,1,1,0,LEGITIMATE
USER0600,5,1,12939.242553,2587.8485106,3092.124088,200.0,40.0,3.6,0,1458,5,4,4,0.2,0.015456855312881466,0,0.0,1165,0.12864493996569468,1,1,1,0,LEGITIMATE
USER0601,1,1,594.154407,594.154407,594.154407,200.0,200.0,18.0,18,782,1,1,1,1.0,0.33661283606367326,0,0.0,0,30.0,1,1,1,0,LEGITIMATE
USER0602,1,0,1794.715513,1794.715513,1794.715513,0.0,0.0,0.0,0,720,1,1,1,0.0,0.0,0,0.0,0,30.0,1,1,1,0,LEGITIMATE
USER0603,1,0,4148.399658,4148.399658,4148.399658,0.0,0.0,0.0,0,414,1,1,1,0.0,0.0,0,0.0,0,30.0,1,1,1,0,LEGITIMATE
USER0604,1,0,3759.71348,3759.71348,3759.71348,0.0,0.0,0.0,0,221,1,1,1,0.0,0.0,0,0.0,0,30.0,1,1,1,0,LEGITIMATE
USER0605,3,3,3025.7992049999993,1008.5997349999998,1787.7906239999995,1833.9121600849558,611.3040533616519,5.666666666666667,3,1545,3,3,3,1.0,0.6060918242871163,2,0.6666666666666666,646,0.1391035548686244,5,1,1,1,COORDINATED_RETURN_ABUSE
USER0606,3,1,4277.1826,1425.7275333333334,2516.22814,200.0,66.66666666666667,17.0,0,878,3,2,2,0.3333333333333333,0.04675975255300066,0,0.0,197,0.45454545454545453,1,1,1,0,LEGITIMATE
USER0607,1,0,3094.208952,3094.208952,3094.208952,0.0,0.0,0.0,0,654,1,1,1,0.0,0.0,0,0.0,0,30.0,1,1,1,0,LEGITIMATE
USER0608,2,0,2553.382128,1276.691064,2253.901968,0.0,0.0,0.0,0,459,2,2,2,0.0,0.0,0,0.0,350,0.17094017094017094,1,1,1,0,LEGITIMATE
USER0609,2,1,5678.82119,2839.410595,4105.03429,200.0,100.0,23.5,0,549,2,2,2,0.5,0.03521857676240727,0,0.0,38,1.5384615384615385,1,1,1,0,LEGITIMATE
USER0610,1,0,942.9111,942.9111,942.9111,0.0,0.0,0.0,0,781,1,1,1,0.0,0.0,0,0.0,0,30.0,1,1,1,0,LEGITIMATE
USER0611,2,0,4664.4296190000005,2332.2148095000002,3043.9041600000005,0.0,0.0,0.0,0,493,2,2,1,0.0,0.0,0,0.0,303,0.19736842105263158,1,1,1,0,LEGITIMATE
USER0612,2,0,1340.254782,670.127391,998.97639,0.0,0.0,0.0,0,1301,2,2,2,0.0,0.0,0,0.0,792,0.07566204287515763,1,1,1,0,LEGITIMATE
USER0613,1,1,1459.302615,1459.302615,1459.302615,200.0,200.0,35.0,35,260,1,1,1,1.0,0.13705176564766178,0,0.0,0,30.0,1,1,1,0,LEGITIMATE
USER0614,3,1,9683.462822,3227.8209406666665,7648.45488,200.0,66.66666666666667,18.333333333333332,0,1006,3,3,3,0.3333333333333333,0.02065376856155394,0,0.0,811,0.11083743842364532,1,1,1,0,LEGITIMATE
USER0615,5,0,16433.461768,3286.6923536000004,6558.4695,0.0,0.0,0.0,0,1040,5,2,3,0.0,0.0,0,0.0,859,0.1744186046511628,1,1,1,0,LEGITIMATE
USER0616,4,2,17590.851315,4397.71282875,6761.496300000001,400.0,100.0,19.25,0,1325,4,3,3,0.5,0.02273909277255465,0,0.0,734,0.16326530612244897,1,1,1,0,LEGITIMATE
USER0617,1,0,2220.7111480000003,2220.7111480000003,2220.7111480000003,0.0,0.0,0.0,0,818,1,1,1,0.0,0.0,0,0.0,0,30.0,1,1,1,0,LEGITIMATE
USER0618,5,0,14786.284230000001,2957.256846,6214.7041500000005,0.0,0.0,0.0,0,1487,5,3,3,0.0,0.0,0,0.0,1059,0.14150943396226415,1,1,1,0,LEGITIMATE
USER0620,1,0,2184.715046,2184.715046,2184.715046,0.0,0.0,0.0,0,92,1,1,1,0.0,0.0,0,0.0,0,30.0,1,1,1,0,LEGITIMATE
USER0621,1,0,220.91625,220.91625,220.91625,0.0,0.0,0.0,0,457,1,1,1,0.0,0.0,0,0.0,0,30.0,1,1,1,0,LEGITIMATE
USER0622,5,3,12263.579635999999,2452.7159272,4657.125779999999,4621.711510077781,924.3423020155562,2.0,0,1529,5,3,3,0.6,0.37686480189769783,3,1.0,981,0.15274949083503056,1,1,1,1,INDIVIDUAL_RETURN_ABUSE
USER0623,2,1,3531.5101760000002,1765.7550880000001,3198.35168,200.0,100.0,7.0,0,503,2,2,2,0.5,0.05663299552672731,0,0.0,101,0.5882352941176471,1,1,1,0,LEGITIMATE
USER0624,1,1,2339.188064,2339.188064,2339.188064,200.0,200.0,48.0,48,507,1,1,1,1.0,0.08549975227643775,0,0.0,0,30.0,1,1,1,0,LEGITIMATE
USER0625,3,1,2753.60171,917.8672366666666,1392.685312,200.0,66.66666666666667,13.333333333333334,0,293,3,2,3,0.3333333333333333,0.07263214548192592,0,0.0,202,0.4433497536945813,1,1,1,0,LEGITIMATE
USER0626,5,2,14726.315134,2945.2630268000003,4320.212424,400.0,80.0,14.0,0,1580,5,3,2,0.4,0.02716225996525656,0,0.0,1275,0.11755485893416928,1,1,1,0,LEGITIMATE
USER0627,2,1,8690.99847,4345.499235,4725.51495,200.0,100.0,20.5,0,1468,2,1,2,0.5,0.023012315637883203,0,0.0,1033,0.058027079303675046,1,1,1,0,LEGITIMATE
USER0628,3,3,3210.061149,1070.020383,2484.823432,400.0,133.33333333333334,37.666666666666664,0,1169,3,3,3,1.0,0.12460821817198349,1,0.3333333333333333,765,0.1174934725848564,1,1,1,0,HIGH_RETURN_LEGITIMATE
USER0629,2,0,4084.40491,2042.202455,2769.8880300000005,0.0,0.0,0.0,0,811,2,2,2,0.0,0.0,0,0.0,608,0.09852216748768473,1,1,1,0,LEGITIMATE
USER0630,3,1,5026.9544860000005,1675.6514953333335,2039.61268,200.0,66.66666666666667,14.666666666666666,0,1339,3,2,3,0.3333333333333333,0.03978552034974601,0,0.0,599,0.15,1,1,1,0,LEGITIMATE
USER0631,3,1,5845.926676000001,1948.6422253333337,2716.314776,200.0,66.66666666666667,9.333333333333334,0,616,3,2,2,0.3333333333333333,0.034211855721879736,0,0.0,542,0.16574585635359115,1,1,1,0,LEGITIMATE
USER0632,2,2,2803.54659,1401.773295,2019.0519,400.0,200.0,35.0,22,1056,2,1,2,1.0,0.14267642329425315,0,0.0,907,0.06607929515418502,1,1,1,0,LEGITIMATE
USER0633,3,0,7640.869262,2546.956420666667,3471.99177,0.0,0.0,0.0,0,1349,3,3,3,0.0,0.0,0,0.0,644,0.13953488372093023,1,1,1,0,LEGITIMATE
USER0634,1,0,571.6776,571.6776,571.6776,0.0,0.0,0.0,0,14,1,1,1,0.0,0.0,0,0.0,0,30.0,1,1,1,0,LEGITIMATE
USER0635,4,4,10793.990291,2698.49757275,4896.14382,6678.321662461885,1669.5804156154713,4.25,0,1574,4,3,2,1.0,0.6187073994341326,2,0.5,840,0.1426872770511296,5,3,4,1,COORDINATED_RETURN_ABUSE
USER0636,1,1,4373.379486,4373.379486,4373.379486,200.0,200.0,33.0,33,73,1,1,1,1.0,0.04573122470625683,0,0.0,0,30.0,1,1,1,0,LEGITIMATE
USER0637,3,1,8456.183532,2818.7278439999995,6634.659989999999,200.0,66.66666666666667,16.666666666666668,0,696,3,2,3,0.3333333333333333,0.02365133150707496,0,0.0,71,1.25,1,1,1,0,LEGITIMATE
USER0638,2,0,2818.23248,1409.11624,2460.0744,0.0,0.0,0.0,0,530,2,1,1,0.0,0.0,0,0.0,78,0.759493670886076,1,1,1,0,LEGITIMATE
USER0639,4,3,3741.453786,935.3634465,2655.436392,601.8691319853253,150.46728299633133,2.5,0,1446,4,3,2,0.75,0.1608650450895414,3,1.0,602,0.19900497512437812,1,1,1,1,INDIVIDUAL_RETURN_ABUSE
USER0640,2,0,3072.8355,1536.41775,2829.85008,0.0,0.0,0.0,0,1006,2,2,2,0.0,0.0,0,0.0,322,0.18575851393188855,1,1,1,0,LEGITIMATE
USER0641,2,1,1504.5240840000001,752.2620420000001,933.945648,200.0,100.0,27.0,0,216,2,2,2,0.5,0.1329324017653944,0,0.0,167,0.35714285714285715,1,1,1,0,LEGITIMATE
USER0642,3,0,4761.202572,1587.067524,2369.3943,0.0,0.0,0.0,0,1606,3,2,3,0.0,0.0,0,0.0,742,0.12113055181695828,1,1,1,0,LEGITIMATE
USER0643,7,2,21879.153524,3125.5933605714285,8254.60108,400.0,57.142857142857146,14.0,0,1577,7,3,4,0.2857142857142857,0.018282242937836975,0,0.0,786,0.2668360864040661,1,1,1,0,LEGITIMATE
USER0644,5,3,11313.108153000001,2262.6216306,4688.872884,600.0,120.0,24.6,0,1287,5,3,2,0.6,0.05303582286012995,0,0.0,1067,0.1404494382022472,1,1,1,0,LEGITIMATE
USER0645,6,1,16391.054106,2731.842351,6641.7314400000005,200.0,33.333333333333336,9.333333333333334,0,1703,6,2,4,0.16666666666666666,0.012201777793338461,0,0.0,1191,0.15100671140939598,1,1,1,0,LEGITIMATE
USER0646,3,0,4118.403188,1372.8010626666667,1835.086968,0.0,0.0,0.0,0,476,3,3,2,0.0,0.0,0,0.0,48,1.836734693877551,1,1,1,0,LEGITIMATE
USER0649,5,3,11110.405046,2222.0810092,3911.1212,400.0,80.0,10.0,0,1534,5,2,3,0.6,0.03600228779633999,1,0.3333333333333333,973,0.1540041067761807,1,1,1,0,HIGH_RETURN_LEGITIMATE
USER0650,1,0,2077.436682,2077.436682,2077.436682,0.0,0.0,0.0,0,306,1,1,1,0.0,0.0,0,0.0,0,30.0,1,1,1,0,LEGITIMATE
USER0651,2,2,4590.417380000001,2295.2086900000004,2345.8181,400.0,200.0,14.0,9,154,2,2,1,1.0,0.08713804582188121,0,0.0,121,0.4918032786885246,1,1,1,0,LEGITIMATE
USER0652,3,1,11744.50397,3914.8346566666664,5497.20908,200.0,66.66666666666667,12.666666666666666,0,457,3,2,2,0.3333333333333333,0.017029241976577066,0,0.0,329,0.2727272727272727,1,1,1,0,LEGITIMATE
USER0654,4,0,7305.823568,1826.455892,3020.225061,0.0,0.0,0.0,0,1544,4,2,2,0.0,0.0,0,0.0,861,0.13921113689095127,1,1,1,0,LEGITIMATE
USER0655,2,0,4910.297784,2455.148892,2900.060784,0.0,0.0,0.0,0,1228,2,2,2,0.0,0.0,0,0.0,1107,0.05415162454873646,1,1,1,0,LEGITIMATE
USER0656,4,4,12757.467836999998,3189.3669592499996,7946.142434999999,800.0,200.0,25.25,13,1193,4,4,3,1.0,0.06270836895075607,0,0.0,541,0.22140221402214022,1,1,1,0,LEGITIMATE
USER0657,3,1,10082.127516,3360.7091720000003,7262.36598,200.0,66.66666666666667,12.0,0,1002,3,2,2,0.3333333333333333,0.019837082965138725,0,0.0,189,0.47368421052631576,1,1,1,0,LEGITIMATE
USER0658,2,2,7679.592852000001,3839.7964260000003,5809.115040000001,400.0,200.0,54.5,50,459,2,2,2,1.0,0.05208609462880936,0,0.0,346,0.1729106628242075,1,1,1,0,LEGITIMATE
USER0659,3,0,6444.689139,2148.229713,3352.694784,0.0,0.0,0.0,0,1445,3,3,2,0.0,0.0,0,0.0,1060,0.08482563619227144,1,1,1,0,LEGITIMATE
USER0660,1,1,673.803951,673.803951,673.803951,200.0,200.0,17.0,17,604,1,1,1,1.0,0.2968222428841175,0,0.0,0,30.0,1,1,1,0,LEGITIMATE
USER0661,2,1,3555.400356,1777.700178,2229.827236,200.0,100.0,13.0,0,1103,2,2,1,0.5,0.0562524554126472,0,0.0,407,0.14705882352941177,1,1,1,0,LEGITIMATE
USER0662,1,0,1901.367864,1901.367864,1901.367864,0.0,0.0,0.0,0,181,1,1,1,0.0,0.0,0,0.0,0,30.0,1,1,1,0,LEGITIMATE
USER0663,1,1,846.5427,846.5427,846.5427,200.0,200.0,27.0,27,656,1,1,1,1.0,0.23625506427496215,0,0.0,0,30.0,1,1,1,0,LEGITIMATE
USER0664,3,1,4598.57273,1532.8575766666665,2533.54485,200.0,66.66666666666667,1.6666666666666667,0,502,3,2,3,0.3333333333333333,0.04349175532122116,1,1.0,221,0.40540540540540543,1,1,1,0,LEGITIMATE
USER0665,2,0,1626.233557,813.1167785,842.057307,0.0,0.0,0.0,0,847,2,2,2,0.0,0.0,0,0.0,210,0.2843601895734597,1,1,1,0,LEGITIMATE
USER0666,2,2,2169.3888079999997,1084.6944039999998,1963.53264,1674.191341315454,837.095670657727,5.0,5,888,2,1,1,1.0,0.7717341101519384,2,1.0,685,0.08746355685131195,1,1,1,1,INDIVIDUAL_RETURN_ABUSE
USER0667,7,2,22986.86884,3283.8384057142857,7225.77438,400.0,57.142857142857146,10.142857142857142,0,1789,7,3,3,0.2857142857142857,0.017401239063232068,0,0.0,1246,0.16840417000801924,1,1,1,0,LEGITIMATE
USER0668,2,2,3548.3051039999996,1774.1525519999998,2895.3671039999995,400.0,200.0,45.5,43,941,2,2,1,1.0,0.11272987758270295,0,0.0,889,0.06741573033707865,1,1,1,0,LEGITIMATE
USER0669,3,0,7490.927102,2496.9757006666664,4813.493652,0.0,0.0,0.0,0,1175,3,1,3,0.0,0.0,0,0.0,1001,0.08982035928143713,1,1,1,0,LEGITIMATE
USER0670,4,4,5131.064807000001,1282.7662017500002,2774.8108100000004,400.0,100.0,19.25,0,1167,4,2,3,1.0,0.07795652852684773,2,0.5,640,0.187207488299532,1,1,1,0,HIGH_RETURN_LEGITIMATE
USER0671,4,0,7388.641039,1847.16025975,4397.96308,0.0,0.0,0.0,0,1800,4,3,3,0.0,0.0,0,0.0,978,0.12257405515832483,1,1,1,0,LEGITIMATE
USER0672,3,0,6683.607619,2227.8692063333333,5091.808435,0.0,0.0,0.0,0,1349,3,2,2,0.0,0.0,0,0.0,1177,0.07640067911714771,1,1,1,0,LEGITIMATE
USER0673,1,0,2940.811968,2940.811968,2940.811968,0.0,0.0,0.0,0,792,1,1,1,0.0,0.0,0,0.0,0,30.0,1,1,1,0,LEGITIMATE
USER0674,3,1,4826.878092,1608.959364,2371.957328,200.0,66.66666666666667,10.333333333333334,0,1117,3,3,2,0.3333333333333333,0.04143464910196866,0,0.0,699,0.12857142857142856,1,1,1,0,LEGITIMATE
USER0675,2,2,5175.826218,2587.913109,4122.033804,400.0,200.0,34.0,33,912,2,2,2,1.0,0.07728234742675821,0,0.0,611,0.09803921568627451,1,1,1,0,LEGITIMATE
USER0677,2,2,3798.8541800000003,1899.4270900000001,3115.8243,2989.9314925113104,1494.9657462556552,3.0,2,465,2,2,2,1.0,0.7870614008435854,2,1.0,72,0.821917808219178,1,1,1,1,INDIVIDUAL_RETURN_ABUSE
USER0679,3,1,11260.593379999998,3753.5311266666663,4988.667759999999,200.0,66.66666666666667,4.666666666666667,0,1580,3,3,2,0.3333333333333333,0.01776105336999568,0,0.0,1041,0.08637236084452975,1,1,1,0,LEGITIMATE
USER0680,1,0,1602.1874519999997,1602.1874519999997,1602.1874519999997,0.0,0.0,0.0,0,755,1,1,1,0.0,0.0,0,0.0,0,30.0,1,1,1,0,LEGITIMATE
USER0681,2,1,8364.904314,4182.452157,4710.246744,200.0,100.0,25.0,0,682,2,2,2,0.5,0.023909418744368437,0,0.0,56,1.0526315789473684,1,1,1,0,LEGITIMATE
USER0683,2,0,1031.3524109999998,515.6762054999999,644.1288959999999,0.0,0.0,0.0,0,601,2,2,2,0.0,0.0,0,0.0,242,0.24691358024691357,1,1,1,0,LEGITIMATE
USER0684,8,7,22013.041097,2751.630137125,6127.350840000001,400.0,50.0,7.375,0,1504,8,3,3,0.875,0.018171046800730915,5,0.7142857142857143,1018,0.23552502453385674,1,1,1,0,HIGH_RETURN_LEGITIMATE
USER0685,4,3,13695.603504,3423.900876,4689.020996,600.0,150.0,23.75,0,1020,4,4,2,0.75,0.04380967949493874,0,0.0,915,0.13100436681222707,1,1,1,0,LEGITIMATE
USER0686,1,0,5711.9199690000005,5711.9199690000005,5711.9199690000005,0.0,0.0,0.0,0,475,1,1,1,0.0,0.0,0,0.0,0,30.0,1,1,1,0,LEGITIMATE
USER0687,2,1,6703.19694,3351.59847,5153.862168,200.0,100.0,30.0,0,1184,2,1,2,0.5,0.029836509622228106,0,0.0,576,0.10398613518197573,1,1,1,0,LEGITIMATE
USER0688,3,1,7293.025248,2431.008416,5754.79688,200.0,66.66666666666667,20.0,0,281,3,2,2,0.3333333333333333,0.027423461896672705,0,0.0,269,0.3333333333333333,1,1,1,0,LEGITIMATE
USER0689,4,1,17115.175272,4278.793818,8513.30264,200.0,50.0,9.25,0,1242,4,4,3,0.25,0.01168553618771261,0,0.0,655,0.18292682926829268,1,1,1,0,LEGITIMATE
USER0690,2,1,1360.2734659999999,680.1367329999999,1067.313692,568.9709488266922,284.4854744133461,1.0,0,77,2,1,2,0.5,0.41827688552934855,1,1.0,74,0.8,1,1,1,1,INDIVIDUAL_RETURN_ABUSE
USER0691,3,0,2862.178641,954.059547,1804.376772,0.0,0.0,0.0,0,1333,3,3,2,0.0,0.0,0,0.0,681,0.13196480938416422,1,1,1,0,LEGITIMATE
USER0692,3,1,5718.663187,1906.2210623333333,3400.2673680000003,200.0,66.66666666666667,11.666666666666666,0,1226,3,3,2,0.3333333333333333,0.03497320850345789,0,0.0,828,0.10856453558504221,1,1,1,0,LEGITIMATE
USER0693,3,1,8071.997085000001,2690.665695,6951.420150000001,200.0,66.66666666666667,6.666666666666667,0,1490,3,2,2,0.3333333333333333,0.02477701588515873,0,0.0,860,0.10452961672473868,1,1,1,0,HIGH_RETURN_LEGITIMATE
USER0694,5,2,12771.555561000001,2554.3111122,5724.8845200000005,400.0,80.0,6.4,0,1409,5,4,2,0.4,0.031319599095780026,0,0.0,832,0.18007202881152462,1,1,1,0,LEGITIMATE
USER0695,3,2,8707.321784,2902.4405946666666,4470.075624,400.0,133.33333333333334,22.333333333333332,0,1615,3,2,3,0.6666666666666666,0.04593835049659169,0,0.0,861,0.10440835266821345,1,1,1,0,LEGITIMATE
USER0696,2,0,8921.534639000001,4460.767319500001,4554.923135,0.0,0.0,0.0,0,1004,2,2,2,0.0,0.0,0,0.0,482,0.12422360248447205,1,1,1,0,LEGITIMATE
USER0697,1,1,2791.914498,2791.914498,2791.914498,200.0,200.0,17.0,17,591,1,1,1,1.0,0.07163543158046955,0,0.0,0,30.0,1,1,1,0,LEGITIMATE
USER0698,5,2,11252.698563,2250.5397126,3694.96821,400.0,80.0,11.2,0,1731,5,4,3,0.4,0.035547028809181834,0,0.0,942,0.15906680805938495,1,1,1,0,LEGITIMATE
USER0699,4,3,10215.125095,2553.78127375,4901.19672,600.0,150.0,15.0,0,1457,4,3,3,0.75,0.05873643194968627,0,0.0,1159,0.10344827586206896,1,1,1,0,LEGITIMATE
USER0700,5,1,7742.0855010000005,1548.4171002,3366.58693,200.0,40.0,1.6,0,1886,5,3,4,0.2,0.025832832765043365,0,0.0,1140,0.13146362839614373,1,1,1,0,LEGITIMATE
USER0701,3,2,8539.620238,2846.5400793333333,4794.143835,0.0,0.0,0.0,0,897,3,2,2,0.6666666666666666,0.0,2,1.0,578,0.15544041450777202,1,1,1,0,HIGH_RETURN_LEGITIMATE
USER0702,2,0,5737.935216000001,2868.9676080000004,4538.459180000001,0.0,0.0,0.0,0,690,2,2,2,0.0,0.0,0,0.0,239,0.25,1,1,1,0,LEGITIMATE
USER0703,1,0,305.97636,305.97636,305.97636,0.0,0.0,0.0,0,159,1,1,1,0.0,0.0,0,0.0,0,30.0,1,1,1,0,LEGITIMATE
USER0704,3,2,6333.24085,2111.080283333333,4010.2656,400.0,133.33333333333334,32.666666666666664,0,1567,3,2,2,0.6666666666666666,0.06315881702177803,0,0.0,1144,0.07860262008733625,1,1,1,0,LEGITIMATE
USER0705,4,1,2748.174685,687.04367125,1403.79079,200.0,50.0,5.0,0,1068,4,3,3,0.25,0.0727755775830531,0,0.0,197,0.6060606060606061,1,1,1,0,LEGITIMATE
USER0706,5,1,12745.422400000001,2549.0844800000004,5541.68541,200.0,40.0,4.6,0,1086,5,4,3,0.2,0.01569190833565469,0,0.0,933,0.16059957173447537,1,1,1,0,LEGITIMATE
USER0707,4,1,5470.399135999999,1367.5997839999998,2077.2363519999994,200.0,50.0,1.75,0,686,4,3,2,0.25,0.036560403551511536,0,0.0,604,0.19834710743801653,1,1,1,0,LEGITIMATE
USER0708,3,2,4201.288512,1400.429504,2211.15762,400.0,133.33333333333334,18.333333333333332,0,1372,3,3,2,0.6666666666666666,0.0952088862398984,0,0.0,1149,0.0782608695652174,1,1,1,0,HIGH_RETURN_LEGITIMATE
USER0709,4,1,9515.162706,2378.7906765,4182.423888,200.0,50.0,5.75,0,699,4,2,3,0.25,0.02101908355953656,0,0.0,586,0.20442930153321975,1,1,1,0,LEGITIMATE
USER0710,5,2,7457.4452329999995,1491.4890466,2844.78075,400.0,80.0,10.6,0,1058,5,3,3,0.4,0.05363767181687863,0,0.0,776,0.19305019305019305,1,1,1,0,LEGITIMATE
USER0711,4,1,10963.594809,2740.89870225,4808.26314,200.0,50.0,10.0,0,1175,4,3,4,0.25,0.01824219186172589,0,0.0,785,0.15267175572519084,1,1,1,0,LEGITIMATE
USER0712,3,1,4345.475597,1448.4918656666666,2437.1816000000003,200.0,66.66666666666667,4.666666666666667,0,1097,3,3,3,0.3333333333333333,0.04602488163506767,0,0.0,546,0.16453382084095064,1,1,1,0,LEGITIMATE
USER0713,2,0,10583.543243,5291.7716215,8857.83152,0.0,0.0,0.0,0,839,2,2,2,0.0,0.0,0,0.0,472,0.12684989429175475,1,1,1,0,LEGITIMATE
USER0714,2,1,3049.846015,1524.9230075,2654.4142500000003,200.0,100.0,8.5,0,1411,2,2,2,0.5,0.06557708127438033,0,0.0,986,0.060790273556231005,1,1,1,0,LEGITIMATE
USER0715,4,0,12422.673164,3105.668291,4650.414828,0.0,0.0,0.0,0,927,4,3,3,0.0,0.0,0,0.0,871,0.13761467889908258,1,1,1,0,LEGITIMATE
USER0716,4,3,16024.744213000002,4006.1860532500004,7525.965125000001,600.0,150.0,38.25,0,1449,4,2,3,0.75,0.03744209530116884,0,0.0,942,0.12725344644750794,1,1,1,0,LEGITIMATE
USER0717,4,0,10616.097207,2654.02430175,5525.990400000001,0.0,0.0,0.0,0,1797,4,3,3,0.0,0.0,0,0.0,1119,0.10714285714285714,1,1,1,0,LEGITIMATE
USER0718,1,1,4412.940336,4412.940336,4412.940336,200.0,200.0,16.0,16,840,1,1,1,1.0,0.04532125629898841,0,0.0,0,30.0,1,1,1,0,LEGITIMATE
USER0719,1,1,1475.0575,1475.0575,1475.0575,774.76933241021,774.76933241021,6.0,6,79,1,1,1,1.0,0.5252468682815484,0,0.0,0,30.0,4,1,2,1,COORDINATED_RETURN_ABUSE
USER0720,4,1,7140.227313,1785.05682825,2486.356028,200.0,50.0,1.25,0,1120,4,4,2,0.25,0.028010312729941512,1,1.0,816,0.14687882496940025,1,1,1,0,LEGITIMATE
USER0721,1,0,2755.5840000000003,2755.5840000000003,2755.5840000000003,0.0,0.0,0.0,0,292,1,1,1,0.0,0.0,0,0.0,0,30.0,1,1,1,0,LEGITIMATE
USER0722,4,0,7099.628076999999,1774.9070192499998,4494.72177,0.0,0.0,0.0,0,1896,4,2,2,0.0,0.0,0,0.0,1120,0.10704727921498662,1,1,1,0,LEGITIMATE
USER0724,2,0,815.696942,407.848471,658.4428760000001,0.0,0.0,0.0,0,1440,2,1,2,0.0,0.0,0,0.0,664,0.09022556390977443,1,1,1,0,LEGITIMATE
USER0725,2,2,2261.531822,1130.765911,1768.092678,1302.7544833254722,651.3772416627361,3.0,3,578,2,2,2,1.0,0.5760495919855654,2,1.0,48,1.2244897959183674,1,1,1,1,INDIVIDUAL_RETURN_ABUSE
USER0726,5,3,7192.214319,1438.4428638,2579.798424,600.0,120.0,28.0,0,655,5,3,3,0.6,0.08342354292960275,0,0.0,648,0.23112480739599384,1,1,1,0,LEGITIMATE
USER0727,1,0,2456.644592,2456.644592,2456.644592,0.0,0.0,0.0,0,342,1,1,1,0.0,0.0,0,0.0,0,30.0,1,1,1,0,LEGITIMATE
USER0728,2,1,4169.311568,2084.655784,3001.249328,200.0,100.0,7.5,0,968,2,2,2,0.5,0.04796955006553734,0,0.0,856,0.07001166861143523,1,1,1,0,LEGITIMATE
USER0729,3,1,5217.6538820000005,1739.2179606666668,4286.232468,0.0,0.0,0.0,0,1312,3,3,2,0.3333333333333333,0.0,1,1.0,932,0.09646302250803858,1,1,1,0,HIGH_RETURN_LEGITIMATE
USER0730,3,0,6318.453087,2106.151029,2644.390676,0.0,0.0,0.0,0,1216,3,3,2,0.0,0.0,0,0.0,452,0.1986754966887417,1,1,1,0,LEGITIMATE
USER0731,1,1,734.3795340000001,734.3795340000001,734.3795340000001,574.2930783681189,574.2930783681189,5.0,5,732,1,1,1,1.0,0.7820112786096771,1,1.0,0,30.0,4,4,3,1,COORDINATED_RETURN_ABUSE
USER0732,3,2,11401.217748,3800.4059159999997,5581.383719999999,400.0,133.33333333333334,33.666666666666664,0,1146,3,3,3,0.6666666666666666,0.03508397162839627,0,0.0,631,0.14240506329113925,1,1,1,0,LEGITIMATE
USER0733,3,3,1076.2388010000002,358.74626700000005,548.9055000000001,873.9843709737161,291.32812365790534,5.333333333333333,4,870,3,3,3,1.0,0.812072906274744,1,0.3333333333333333,606,0.14827018121911037,5,5,4,1,COORDINATED_RETURN_ABUSE
USER0734,2,1,3367.3886540000003,1683.6943270000002,2386.0133760000003,200.0,100.0,13.5,0,1253,2,2,1,0.5,0.05939320362157399,0,0.0,567,0.1056338028169014,1,1,1,0,LEGITIMATE
USER0735,1,0,838.779525,838.779525,838.779525,0.0,0.0,0.0,0,672,1,1,1,0.0,0.0,0,0.0,0,30.0,1,1,1,0,LEGITIMATE
USER0736,2,0,3464.6705279999996,1732.3352639999998,2928.690764,0.0,0.0,0.0,0,711,2,2,2,0.0,0.0,0,0.0,425,0.14084507042253522,1,1,1,0,LEGITIMATE
USER0737,2,2,10282.719816,5141.359908,5300.136036,5867.254789961774,2933.627394980887,3.0,1,1229,2,2,2,1.0,0.5705936653872719,2,1.0,684,0.08759124087591241,1,1,1,1,INDIVIDUAL_RETURN_ABUSE
USER0739,2,1,2559.2507140000002,1279.6253570000001,2189.65612,200.0,100.0,13.0,0,630,2,2,2,0.5,0.07814787308876374,0,0.0,116,0.5128205128205128,1,1,1,0,LEGITIMATE
USER0742,1,0,3966.4465379999992,3966.4465379999992,3966.4465379999992,0.0,0.0,0.0,0,226,1,1,1,0.0,0.0,0,0.0,0,30.0,1,1,1,0,LEGITIMATE
USER0743,2,1,7006.1050860000005,3503.0525430000002,3544.826292,200.0,100.0,17.0,0,1511,2,2,2,0.5,0.02854653156711158,0,0.0,741,0.08086253369272237,1,1,1,0,LEGITIMATE
USER0744,1,1,1949.31321,1949.31321,1949.31321,200.0,200.0,21.0,21,711,1,1,1,1.0,0.10260023836805579,0,0.0,0,30.0,1,1,1,0,LEGITIMATE
USER0745,1,0,1253.025185,1253.025185,1253.025185,0.0,0.0,0.0,0,334,1,1,1,0.0,0.0,0,0.0,0,30.0,1,1,1,0,LEGITIMATE
USER0746,2,0,4944.0679,2472.03395,3572.920032,0.0,0.0,0.0,0,2078,2,1,1,0.0,0.0,0,0.0,1180,0.05080440304826418,1,1,1,0,LEGITIMATE
USER0747,2,1,1581.9369259999999,790.9684629999999,922.228176,200.0,100.0,15.5,0,1782,2,2,2,0.5,0.12642729094497412,0,0.0,1027,0.058365758754863814,1,1,1,0,LEGITIMATE
USER0748,4,2,8837.007139000001,2209.2517847500003,3317.641296,400.0,100.0,6.5,0,1139,4,3,3,0.5,0.045264193375458124,1,0.5,866,0.1384083044982699,1,1,1,0,LEGITIMATE
USER0749,3,1,7600.3271540000005,2533.442384666667,3511.7320000000004,200.0,66.66666666666667,3.6666666666666665,0,1400,3,3,2,0.3333333333333333,0.026314656717736334,0,0.0,618,0.14539579967689822,1,1,1,0,LEGITIMATE
USER0750,4,0,4764.89377,1191.2234425,2763.854928,0.0,0.0,0.0,0,969,4,3,3,0.0,0.0,0,0.0,949,0.12631578947368421,1,1,1,0,LEGITIMATE
USER0751,2,0,2295.423378,1147.711689,1948.770918,0.0,0.0,0.0,0,1075,2,2,2,0.0,0.0,0,0.0,194,0.3076923076923077,1,1,1,0,LEGITIMATE
USER0752,4,1,3972.66315,993.1657875,1265.911164,200.0,50.0,12.5,0,1280,4,3,3,0.25,0.05034406201794381,0,0.0,959,0.125,1,1,1,0,LEGITIMATE
USER0753,1,0,901.68204,901.68204,901.68204,0.0,0.0,0.0,0,133,1,1,1,0.0,0.0,0,0.0,0,30.0,1,1,1,0,LEGITIMATE
USER0754,1,1,1978.47857,1978.47857,1978.47857,200.0,200.0,56.0,56,173,1,1,1,1.0,0.10108777675565118,0,0.0,0,30.0,1,1,1,0,LEGITIMATE
USER0755,2,2,2331.148756,1165.574378,2047.204764,1650.4779555642808,825.2389777821404,4.0,3,1550,2,2,2,1.0,0.7080105683158217,2,1.0,921,0.0650759219088937,1,1,1,1,INDIVIDUAL_RETURN_ABUSE
USER0756,1,1,903.799575,903.799575,903.799575,200.0,200.0,45.0,45,669,1,1,1,1.0,0.22128799960986925,0,0.0,0,30.0,1,1,1,0,LEGITIMATE
USER0757,7,1,16446.197146,2349.456735142857,5893.7719,200.0,28.571428571428573,8.285714285714286,0,930,7,4,3,0.14285714285714285,0.012160866018114315,0,0.0,823,0.25485436893203883,1,1,1,0,LEGITIMATE
USER0758,4,1,10745.287905,2686.32197625,7912.222694999999,200.0,50.0,12.75,0,1213,4,2,1,0.25,0.018612809797952084,0,0.0,351,0.3409090909090909,1,1,1,0,LEGITIMATE
USER0759,2,2,5437.604535000001,2718.8022675000007,4449.079635000001,400.0,200.0,19.5,11,1278,2,2,2,1.0,0.07356180417780234,0,0.0,729,0.0821917808219178,1,1,1,0,LEGITIMATE
USER0760,3,0,6005.068683,2001.6895610000001,4461.744000000001,0.0,0.0,0.0,0,1208,3,3,2,0.0,0.0,0,0.0,983,0.09146341463414634,1,1,1,0,LEGITIMATE
USER0761,2,1,5135.797651999999,2567.8988259999996,3464.2205,200.0,100.0,9.0,0,247,2,2,1,0.5,0.038942344218354345,0,0.0,155,0.38461538461538464,1,1,1,0,LEGITIMATE
USER0762,2,1,4028.4306450000004,2014.2153225000002,3471.2980440000006,200.0,100.0,28.5,0,603,2,2,2,0.5,0.04964712505308627,0,0.0,360,0.16620498614958448,1,1,1,0,LEGITIMATE
USER0763,3,3,3421.2347010000003,1140.411567,1749.951835,600.0,200.0,17.666666666666668,12,932,3,2,3,1.0,0.1753752818608512,0,0.0,403,0.22277227722772278,1,1,1,0,LEGITIMATE
USER0764,2,0,9379.43202,4689.71601,7409.84517,0.0,0.0,0.0,0,1190,2,2,2,0.0,0.0,0,0.0,625,0.09584664536741214,1,1,1,0,LEGITIMATE
USER0765,3,3,3951.7096189999997,1317.2365396666667,1812.079395,2502.3379057352176,834.1126352450725,4.333333333333333,4,1225,3,3,2,1.0,0.6332291962202544,3,1.0,602,0.14925373134328357,4,4,3,1,COORDINATED_RETURN_ABUSE
USER0766,1,0,3316.8276160000005,3316.8276160000005,3316.8276160000005,0.0,0.0,0.0,0,444,1,1,1,0.0,0.0,0,0.0,0,30.0,1,1,1,0,LEGITIMATE
USER0767,2,1,6745.191169,3372.5955845,5226.777375,200.0,100.0,10.5,0,415,2,2,1,0.5,0.029650753401797323,0,0.0,195,0.30612244897959184,1,1,1,0,LEGITIMATE
USER0768,2,0,4440.795144000001,2220.3975720000003,3788.691432000001,0.0,0.0,0.0,0,974,2,2,2,0.0,0.0,0,0.0,600,0.09983361064891846,1,1,1,0,LEGITIMATE
USER0769,5,3,10629.17238,2125.834476,5643.4158,600.0,120.0,28.2,0,900,5,2,2,0.6,0.05644842124575648,0,0.0,881,0.17006802721088435,1,1,1,0,LEGITIMATE
USER0770,1,0,5930.520390000001,5930.520390000001,5930.520390000001,0.0,0.0,0.0,0,246,1,1,1,0.0,0.0,0,0.0,0,30.0,1,1,1,0,LEGITIMATE
USER0771,3,3,8872.451371,2957.483790333333,6134.23629,400.0,133.33333333333334,29.666666666666668,0,1270,3,3,2,1.0,0.04508336910218722,1,0.3333333333333333,939,0.09574468085106383,1,1,1,0,HIGH_RETURN_LEGITIMATE
USER0772,3,3,10870.950122,3623.650040666667,6260.144072,5189.805883260007,1729.9352944200025,19.666666666666668,1,883,3,2,2,1.0,0.4774013149740406,2,0.6666666666666666,811,0.11083743842364532,1,1,1,1,INDIVIDUAL_RETURN_ABUSE
USER0773,3,2,9242.66818,3080.8893933333334,5603.906632,400.0,133.33333333333334,16.333333333333332,0,1337,3,2,3,0.6666666666666666,0.04327754628966892,0,0.0,1268,0.07092198581560284,1,1,1,0,LEGITIMATE
USER0774,1,0,607.356008,607.356008,607.356008,0.0,0.0,0.0,0,344,1,1,1,0.0,0.0,0,0.0,0,30.0,1,1,1,0,LEGITIMATE
USER0775,2,0,4345.09494,2172.54747,2804.9119,0.0,0.0,0.0,0,641,2,2,2,0.0,0.0,0,0.0,275,0.21739130434782608,1,1,1,0,LEGITIMATE
USER0776,5,1,6064.821346000001,1212.9642692000002,2009.809984,200.0,40.0,9.2,0,1191,5,3,3,0.2,0.03297706372371682,0,0.0,938,0.1597444089456869,1,1,1,0,LEGITIMATE
USER0777,2,0,9216.124434,4608.062217,6787.31601,0.0,0.0,0.0,0,214,2,2,2,0.0,0.0,0,0.0,24,2.4,1,1,1,0,LEGITIMATE
USER0778,2,1,2783.550854,1391.775427,2527.078356,200.0,100.0,28.5,0,1360,2,1,1,0.5,0.07185067221336995,0,0.0,853,0.0702576112412178,1,1,1,0,LEGITIMATE
USER0780,9,3,15771.363525,1752.3737250000001,4260.7554,600.0,66.66666666666667,6.555555555555555,0,1169,9,4,3,0.3333333333333333,0.03804363516501976,0,0.0,1145,0.2356020942408377,1,1,1,0,LEGITIMATE
USER0781,2,1,2260.7578999999996,1130.3789499999998,1719.8363999999997,200.0,100.0,9.0,0,359,2,1,1,0.5,0.08846590782675139,0,0.0,168,0.35502958579881655,1,1,1,0,LEGITIMATE
USER0782,2,0,6321.5460060000005,3160.7730030000002,4295.16204,0.0,0.0,0.0,0,963,2,2,2,0.0,0.0,0,0.0,611,0.09803921568627451,1,1,1,0,LEGITIMATE
USER0783,1,1,3348.5528119999994,3348.5528119999994,3348.5528119999994,200.0,200.0,21.0,21,270,1,1,1,1.0,0.05972729451459523,0,0.0,0,30.0,1,1,1,0,LEGITIMATE
USER0784,2,1,3975.6557059999996,1987.8278529999998,2678.331104,200.0,100.0,28.5,0,439,2,2,1,0.5,0.05030616703004816,0,0.0,105,0.5660377358490566,1,1,1,0,LEGITIMATE
USER0785,2,1,1036.83071,518.415355,648.87611,200.0,100.0,22.0,0,1349,2,2,2,0.5,0.19289552100554583,0,0.0,1072,0.05591798695246971,1,1,1,0,LEGITIMATE
USER0786,2,0,3478.28502,1739.14251,3084.144,0.0,0.0,0.0,0,814,2,2,2,0.0,0.0,0,0.0,463,0.12931034482758622,1,1,1,0,LEGITIMATE
USER0787,1,0,270.49242,270.49242,270.49242,0.0,0.0,0.0,0,842,1,1,1,0.0,0.0,0,0.0,0,30.0,1,1,1,0,LEGITIMATE
USER0788,1,0,979.944744,979.944744,979.944744,0.0,0.0,0.0,0,433,1,1,1,0.0,0.0,0,0.0,0,30.0,1,1,1,0,LEGITIMATE
USER0790,3,0,9509.805441,3169.935147,4171.928505000001,0.0,0.0,0.0,0,987,3,2,2,0.0,0.0,0,0.0,485,0.18518518518518517,1,1,1,0,LEGITIMATE
USER0791,2,1,3190.242797,1595.1213985,2723.324082,200.0,100.0,24.5,0,433,2,2,2,0.5,0.06269115322133897,0,0.0,105,0.5660377358490566,1,1,1,0,LEGITIMATE
USER0792,2,0,5604.894446,2802.447223,5147.490456,0.0,0.0,0.0,0,1264,2,2,1,0.0,0.0,0,0.0,927,0.06465517241379311,1,1,1,0,LEGITIMATE
USER0793,2,0,11413.164124,5706.582062,5909.322924,0.0,0.0,0.0,0,1163,2,2,2,0.0,0.0,0,0.0,451,0.13274336283185842,1,1,1,0,LEGITIMATE
USER0794,2,1,3070.8478880000002,1535.4239440000001,2599.89332,200.0,100.0,3.5,0,627,2,1,2,0.5,0.0651285922632453,0,0.0,626,0.09569377990430622,1,1,1,0,LEGITIMATE
USER0795,3,2,6438.488836,2146.1629453333335,4179.3501240000005,0.0,0.0,0.0,0,1600,3,2,2,0.6666666666666666,0.0,2,1.0,917,0.09803921568627451,1,1,1,0,HIGH_RETURN_LEGITIMATE
USER0796,3,1,4500.924024,1500.308008,3660.202176,200.0,66.66666666666667,12.333333333333334,0,1226,3,3,2,0.3333333333333333,0.0444353201550509,0,0.0,679,0.1323529411764706,1,1,1,0,LEGITIMATE
USER0797,4,1,3085.6958419999996,771.4239604999999,1783.9618839999996,200.0,50.0,12.25,0,1595,4,4,3,0.25,0.06481520222368048,0,0.0,1091,0.10989010989010989,1,1,1,0,LEGITIMATE
USER0798,1,1,1178.659625,1178.659625,1178.659625,200.0,200.0,10.0,10,731,1,1,1,1.0,0.16968427165730735,0,0.0,0,30.0,1,1,1,0,LEGITIMATE
USER0799,2,2,3771.521148,1885.760574,3411.532416,1923.790143437996,961.895071718998,3.0,1,1669,2,2,1,1.0,0.5100833504428745,2,1.0,1119,0.05357142857142857,1,1,1,1,INDIVIDUAL_RETURN_ABUSE
USER0800,4,3,9571.380484000001,2392.8451210000003,3203.956056,200.0,50.0,11.5,0,979,4,3,3,0.75,0.0208956273689391,2,0.6666666666666666,421,0.2843601895734597,1,1,1,0,HIGH_RETURN_LEGITIMATE
USER0801,2,0,6577.5447,3288.77235,4984.0944,0.0,0.0,0.0,0,608,2,2,2,0.0,0.0,0,0.0,226,0.2643171806167401,1,1,1,0,LEGITIMATE
USER0802,5,2,12571.162317,2514.2324634,5464.71258,400.0,80.0,13.0,0,1470,5,4,2,0.4,0.031818855720212876,0,0.0,1240,0.12087026591458501,1,1,1,0,LEGITIMATE
USER0803,1,0,3887.98731,3887.98731,3887.98731,0.0,0.0,0.0,0,201,1,1,1,0.0,0.0,0,0.0,0,30.0,1,1,1,0,LEGITIMATE
USER0804,2,2,3080.6971000000003,1540.3485500000002,2683.564749,2366.4071516332483,1183.2035758166242,3.0,2,286,2,2,2,1.0,0.7681401562111536,2,1.0,270,0.22140221402214022,1,1,1,1,INDIVIDUAL_RETURN_ABUSE
USER0805,3,0,4167.694561,1389.2315203333335,2598.8166440000005,0.0,0.0,0.0,0,1370,3,3,1,0.0,0.0,0,0.0,602,0.14925373134328357,1,1,1,0,LEGITIMATE
USER0806,3,1,4048.6511500000006,1349.5503833333335,3058.7176050000003,200.0,66.66666666666667,16.0,0,1136,3,3,3,0.3333333333333333,0.04939916841192899,0,0.0,881,0.10204081632653061,1,1,1,0,LEGITIMATE
USER0808,2,1,4992.49184,2496.24592,3595.267965,200.0,100.0,8.5,0,1085,2,1,1,0.5,0.04006015561159135,0,0.0,388,0.15424164524421594,1,1,1,0,LEGITIMATE
USER0809,2,0,5543.171374,2771.585687,4876.807648,0.0,0.0,0.0,0,652,2,2,2,0.0,0.0,0,0.0,375,0.1595744680851064,1,1,1,0,LEGITIMATE
USER0810,1,0,4819.4531,4819.4531,4819.4531,0.0,0.0,0.0,0,397,1,1,1,0.0,0.0,0,0.0,0,30.0,1,1,1,0,LEGITIMATE
USER0811,2,0,9941.601972,4970.800986,8902.356,0.0,0.0,0.0,0,951,2,2,2,0.0,0.0,0,0.0,315,0.189873417721519,1,1,1,0,LEGITIMATE
USER0812,5,0,10803.111488999999,2160.6222977999996,4167.661754999999,0.0,0.0,0.0,0,1548,5,3,3,0.0,0.0,0,0.0,1231,0.12175324675324675,1,1,1,0,LEGITIMATE
USER0813,3,1,9052.658094999999,3017.552698333333,5710.79808,200.0,66.66666666666667,6.0,0,939,3,2,2,0.3333333333333333,0.022092958543354777,0,0.0,805,0.11166253101736973,1,1,1,0,LEGITIMATE
USER0814,3,1,6765.282874,2255.0942913333333,3248.0716800000005,200.0,66.66666666666667,3.6666666666666665,0,917,3,2,3,0.3333333333333333,0.02956269585838459,0,0.0,520,0.1727447216890595,1,1,1,0,LEGITIMATE
USER0815,4,2,12498.032061000002,3124.5080152500004,4549.85685,400.0,100.0,20.5,0,1261,4,3,3,0.5,0.03200503871711103,0,0.0,1156,0.10371650821089023,1,1,1,0,LEGITIMATE
USER0816,4,2,9608.906706000002,2402.2266765000004,4676.037960000001,400.0,100.0,19.0,0,1457,4,3,3,0.5,0.04162804492109718,0,0.0,1050,0.11417697431018078,1,1,1,0,LEGITIMATE
USER0817,3,1,9365.491661,3121.8305536666667,5375.871045,200.0,66.66666666666667,15.666666666666666,0,1059,3,2,3,0.3333333333333333,0.021354992053737518,0,0.0,266,0.33707865168539325,1,1,1,0,LEGITIMATE
USER0818,2,0,1747.4608040000003,873.7304020000001,1340.1591400000002,0.0,0.0,0.0,0,1041,2,1,1,0.0,0.0,0,0.0,822,0.07290400972053462,1,1,1,0,LEGITIMATE
USER0819,3,0,7349.9447119999995,2449.9815706666664,3988.5251,0.0,0.0,0.0,0,1431,3,3,2,0.0,0.0,0,0.0,539,0.16666666666666666,1,1,1,0,LEGITIMATE
USER0820,1,0,3608.41929,3608.41929,3608.41929,0.0,0.0,0.0,0,640,1,1,1,0.0,0.0,0,0.0,0,30.0,1,1,1,0,LEGITIMATE
USER0821,2,1,12485.298869999999,6242.649434999999,7921.44675,200.0,100.0,25.5,0,778,2,2,2,0.5,0.01601883960347679,0,0.0,353,0.1694915254237288,1,1,1,0,LEGITIMATE
USER0822,1,0,570.32144,570.32144,570.32144,0.0,0.0,0.0,0,36,1,1,1,0.0,0.0,0,0.0,0,30.0,1,1,1,0,LEGITIMATE
USER0824,7,2,20902.122772,2986.017538857143,8297.35296,400.0,57.142857142857146,6.428571428571429,0,1339,7,4,4,0.2857142857142857,0.019136812292377823,0,0.0,789,0.26582278481012656,1,1,1,0,LEGITIMATE
USER0825,2,0,11387.242724,5693.621362,6938.555711999999,0.0,0.0,0.0,0,859,2,2,2,0.0,0.0,0,0.0,388,0.15424164524421594,1,1,1,0,LEGITIMATE
USER0828,1,0,1709.278,1709.278,1709.278,0.0,0.0,0.0,0,802,1,1,1,0.0,0.0,0,0.0,0,30.0,1,1,1,0,LEGITIMATE
USER0829,3,3,10934.659636,3644.8865453333333,7627.2096,2203.7257333518482,734.5752444506161,10.666666666666666,0,1358,3,1,2,1.0,0.2015358325463152,2,0.6666666666666666,1190,0.07556675062972293,3,2,2,1,COORDINATED_RETURN_ABUSE
USER0830,2,0,5892.301905,2946.1509525,5251.973370000001,0.0,0.0,0.0,0,1845,2,2,2,0.0,0.0,0,0.0,1039,0.057692307692307696,1,1,1,0,LEGITIMATE
USER0831,3,2,4289.771536,1429.9238453333335,2620.203936,200.0,66.66666666666667,18.666666666666668,0,1617,3,3,3,0.6666666666666666,0.04662252950339871,1,0.5,1024,0.08780487804878048,1,1,1,0,HIGH_RETURN_LEGITIMATE
USER0832,7,5,12611.06987,1801.58141,4119.411432,5574.459106024845,796.3513008606922,2.7142857142857144,0,1089,7,4,3,0.7142857142857143,0.4420290398426637,5,1.0,1088,0.1928374655647383,1,1,1,1,INDIVIDUAL_RETURN_ABUSE
USER0833,1,0,587.712272,587.712272,587.712272,0.0,0.0,0.0,0,473,1,1,1,0.0,0.0,0,0.0,0,30.0,1,1,1,0,LEGITIMATE
USER0834,5,0,10452.931229999998,2090.586246,6680.970224999998,0.0,0.0,0.0,0,719,4,4,3,0.0,0.0,0,0.0,621,0.24115755627009647,1,1,1,0,LEGITIMATE
USER0835,4,1,7209.270666,1802.3176665,2688.770304,200.0,50.0,4.5,0,1120,4,3,1,0.25,0.027742057312847183,0,0.0,896,0.13377926421404682,1,1,1,0,LEGITIMATE
USER0836,4,3,5285.561714,1321.3904285,3162.4834800000003,600.0,150.0,27.5,0,830,4,2,3,0.75,0.11351679016645759,0,0.0,808,0.14833127317676142,1,1,1,0,LEGITIMATE
USER0837,1,1,259.028044,259.028044,259.028044,200.0,200.0,9.0,9,94,1,1,1,1.0,0.7721171689039199,0,0.0,0,30.0,1,1,1,0,LEGITIMATE
USER0838,1,0,4517.778492,4517.778492,4517.778492,0.0,0.0,0.0,0,127,1,1,1,0.0,0.0,0,0.0,0,30.0,1,1,1,0,LEGITIMATE
USER0839,2,0,3153.353067,1576.6765335,1703.660715,0.0,0.0,0.0,0,172,2,2,2,0.0,0.0,0,0.0,8,6.666666666666667,1,1,1,0,LEGITIMATE
USER0840,4,2,8831.776708,2207.944177,3969.526,200.0,50.0,5.0,0,1288,4,2,2,0.5,0.02264550006329259,1,0.5,1041,0.11516314779270634,1,1,1,0,HIGH_RETURN_LEGITIMATE
USER0841,1,1,3096.147015,3096.147015,3096.147015,2472.047965916848,2472.047965916848,4.0,4,790,1,1,1,1.0,0.798427191583746,1,1.0,0,30.0,5,3,1,1,COORDINATED_RETURN_ABUSE
USER0843,1,0,436.6785,436.6785,436.6785,0.0,0.0,0.0,0,700,1,1,1,0.0,0.0,0,0.0,0,30.0,1,1,1,0,LEGITIMATE
USER0844,3,2,6434.372692999999,2144.7908976666663,4774.75934,400.0,133.33333333333334,27.0,0,379,3,2,3,0.6666666666666666,0.06216612233779416,0,0.0,366,0.2452316076294278,1,1,1,0,LEGITIMATE
USER0845,3,3,5744.910725,1914.9702416666667,4953.73608,4615.289788455558,1538.429929485186,1.6666666666666667,1,404,3,3,3,1.0,0.803370149578009,3,1.0,108,0.8256880733944955,5,5,1,1,COORDINATED_RETURN_ABUSE
USER0846,3,1,3323.499924,1107.833308,1872.104878,0.0,0.0,0.0,0,783,3,2,2,0.3333333333333333,0.0,1,1.0,700,0.12838801711840228,1,1,1,0,HIGH_RETURN_LEGITIMATE
USER0847,5,3,13312.534682000001,2662.5069364,6357.212972,600.0,120.0,25.4,0,2105,5,2,4,0.6,0.045070305117121345,0,0.0,1260,0.11895321173671689,1,1,1,0,LEGITIMATE
USER0849,2,1,7445.614484000001,3722.8072420000003,3975.4109640000006,200.0,100.0,29.5,0,1482,2,2,1,0.5,0.026861449841350662,0,0.0,1012,0.059230009871668314,1,1,1,0,LEGITIMATE
USER0851,5,3,8854.081304,1770.8162607999998,4384.519163999999,600.0,120.0,14.4,0,1319,5,2,2,0.6,0.06776535920547043,0,0.0,749,0.2,1,1,1,0,LEGITIMATE
USER0852,4,1,13911.376792000001,3477.8441980000002,4745.736025,200.0,50.0,3.75,0,1126,4,3,4,0.25,0.014376722231764562,0,0.0,540,0.22181146025878004,1,1,1,0,LEGITIMATE
USER0853,3,0,5918.356366,1972.7854553333334,4583.47734,0.0,0.0,0.0,0,1139,3,3,2,0.0,0.0,0,0.0,495,0.1814516129032258,1,1,1,0,LEGITIMATE
USER0854,3,1,6880.362701,2293.454233666667,3502.7433330000003,200.0,66.66666666666667,19.333333333333332,0,638,3,3,3,0.3333333333333333,0.02906823501774576,0,0.0,327,0.27439024390243905,1,1,1,0,LEGITIMATE
USER0855,1,0,6283.740604,6283.740604,6283.740604,0.0,0.0,0.0,0,883,1,1,1,0.0,0.0,0,0.0,0,30.0,1,1,1,0,LEGITIMATE
USER0856,2,1,5497.441062,2748.720531,5372.204646,200.0,100.0,9.0,0,1368,2,2,2,0.5,0.03638056283721919,0,0.0,644,0.09302325581395349,1,1,1,0,LEGITIMATE
USER0857,2,0,4660.933924999999,2330.4669624999997,3136.73625,0.0,0.0,0.0,0,133,2,2,2,0.0,0.0,0,0.0,41,1.4285714285714286,1,1,1,0,LEGITIMATE
USER0858,2,1,4606.954458,2303.477229,3501.292911,825.5826217062149,412.79131085310746,1.5,0,1256,2,2,2,0.5,0.17920355610908775,1,1.0,872,0.06872852233676977,1,1,1,1,INDIVIDUAL_RETURN_ABUSE
USER0859,3,1,3526.2109419999997,1175.4036473333333,2159.664232,200.0,66.66666666666667,4.666666666666667,0,871,3,2,3,0.3333333333333333,0.05671810430222413,0,0.0,599,0.15,1,1,1,0,LEGITIMATE
USER0860,2,2,6160.933282,3080.466641,3904.881252,1872.0443543641095,936.0221771820547,10.5,1,1186,2,2,2,1.0,0.30385726783205724,1,0.5,448,0.133630289532294,1,1,1,1,INDIVIDUAL_RETURN_ABUSE
USER0861,2,0,2994.0629879999997,1497.0314939999998,1545.6315,0.0,0.0,0.0,0,458,2,1,2,0.0,0.0,0,0.0,204,0.2926829268292683,1,1,1,0,LEGITIMATE
USER0862,3,2,6590.538186,2196.846062,4369.9278,2779.228801708664,926.4096005695546,2.6666666666666665,0,850,3,3,3,0.6666666666666666,0.4216998253059912,2,1.0,236,0.379746835443038,1,1,1,1,INDIVIDUAL_RETURN_ABUSE
USER0863,3,2,7794.962628000001,2598.320876,3126.417976,400.0,133.33333333333334,33.666666666666664,0,966,3,2,2,0.6666666666666666,0.05131519150113364,0,0.0,405,0.22167487684729065,1,1,1,0,HIGH_RETURN_LEGITIMATE
USER0864,2,1,9179.198344,4589.599172,5229.128664,200.0,100.0,16.0,0,917,2,1,2,0.5,0.021788395075995972,0,0.0,456,0.13129102844638948,1,1,1,0,LEGITIMATE
USER0865,5,2,10114.779607,2022.9559214,4649.527872,400.0,80.0,15.6,0,1341,5,2,4,0.4,0.03954609151574369,0,0.0,1140,0.13146362839614373,1,1,1,0,LEGITIMATE
USER0866,2,1,11849.500984,5924.750492,6177.2090800000005,200.0,100.0,4.5,0,747,2,1,1,0.5,0.016878347895835744,0,0.0,78,0.759493670886076,1,1,1,0,LEGITIMATE
USER0867,2,1,3026.011362,1513.005681,1887.931914,200.0,100.0,23.5,0,581,2,2,2,0.5,0.06609360510391897,0,0.0,526,0.11385199240986717,1,1,1,0,LEGITIMATE
USER0868,2,0,3133.292599,1566.6462995,2409.915712,0.0,0.0,0.0,0,668,2,2,2,0.0,0.0,0,0.0,140,0.425531914893617,1,1,1,0,LEGITIMATE
USER0869,3,0,1805.827092,601.942364,727.4053600000001,0.0,0.0,0.0,0,1665,3,1,2,0.0,0.0,0,0.0,1018,0.08832188420019627,1,1,1,0,LEGITIMATE
USER0870,1,0,2054.94168,2054.94168,2054.94168,0.0,0.0,0.0,0,419,1,1,1,0.0,0.0,0,0.0,0,30.0,1,1,1,0,LEGITIMATE
USER0871,2,1,5487.094766,2743.547383,3191.53726,200.0,100.0,3.5,0,631,2,2,2,0.5,0.03644916090009443,0,0.0,30,1.935483870967742,1,1,1,0,LEGITIMATE
USER0872,3,3,16325.845283999999,5441.948428,5990.083823999999,3564.70945354217,1188.2364845140567,9.0,0,1275,3,3,1,1.0,0.21834761946664608,2,0.6666666666666666,615,0.1461038961038961,3,3,1,1,COORDINATED_RETURN_ABUSE
USER0873,1,1,1795.864284,1795.864284,1795.864284,200.0,200.0,39.0,39,244,1,1,1,1.0,0.11136699013498505,0,0.0,0,30.0,1,1,1,0,LEGITIMATE
USER0874,2,1,2217.472224,1108.736112,1429.998152,200.0,100.0,25.5,0,362,2,2,2,0.5,0.09019278701007981,0,0.0,59,1.0,1,1,1,0,LEGITIMATE
USER0875,3,1,5671.701085000001,1890.5670283333336,3755.37546,200.0,66.66666666666667,17.0,0,510,3,3,3,0.3333333333333333,0.035262789241298664,0,0.0,278,0.3225806451612903,1,1,1,0,LEGITIMATE
USER0876,2,1,4776.446972,2388.223486,4494.868668,200.0,100.0,25.0,0,403,2,2,1,0.5,0.04187212821003135,0,0.0,44,1.3333333333333333,1,1,1,0,LEGITIMATE
USER0877,2,0,8312.548335,4156.2741675,4170.08838,0.0,0.0,0.0,0,274,2,1,2,0.0,0.0,0,0.0,93,0.6382978723404256,1,1,1,0,LEGITIMATE
USER0878,4,1,6279.815779000001,1569.9539447500003,2102.0333040000005,200.0,50.0,4.0,0,1245,4,2,3,0.25,0.03184806800683698,0,0.0,421,0.2843601895734597,1,1,1,0,LEGITIMATE
USER0879,6,0,9196.117159,1532.6861931666665,2593.89408,0.0,0.0,0.0,0,1620,6,2,4,0.0,0.0,0,0.0,1028,0.1749271137026239,1,1,1,0,LEGITIMATE
USER0880,1,0,3424.913268,3424.913268,3424.913268,0.0,0.0,0.0,0,140,1,1,1,0.0,0.0,0,0.0,0,30.0,1,1,1,0,LEGITIMATE
USER0881,2,1,7651.941023999999,3825.9705119999994,4634.718359999999,200.0,100.0,3.0,0,1135,2,2,2,0.5,0.026137159104168237,0,0.0,690,0.08683068017366136,1,1,1,0,LEGITIMATE
USER0882,3,0,12160.93545,4053.6451500000003,7145.612,0.0,0.0,0.0,0,831,3,2,3,0.0,0.0,0,0.0,623,0.14423076923076922,1,1,1,0,LEGITIMATE
USER0883,2,0,5866.284636,2933.142318,3350.541636,0.0,0.0,0.0,0,363,2,1,2,0.0,0.0,0,0.0,166,0.3592814371257485,1,1,1,0,LEGITIMATE
USER0884,3,1,10936.545948,3645.5153160000004,5773.0212,200.0,66.66666666666667,16.666666666666668,0,1147,3,3,2,0.3333333333333333,0.018287309444036542,0,0.0,1001,0.08982035928143713,1,1,1,0,LEGITIMATE
USER0885,5,0,11986.207645999997,2397.2415291999996,7524.841724999998,0.0,0.0,0.0,0,1226,5,2,2,0.0,0.0,0,0.0,1164,0.12875536480686695,1,1,1,0,LEGITIMATE
USER0886,1,0,842.9703199999999,842.9703199999999,842.9703199999999,0.0,0.0,0.0,0,301,1,1,1,0.0,0.0,0,0.0,0,30.0,1,1,1,0,LEGITIMATE
USER0887,1,0,3839.648832,3839.648832,3839.648832,0.0,0.0,0.0,0,731,1,1,1,0.0,0.0,0,0.0,0,30.0,1,1,1,0,LEGITIMATE
USER0888,1,0,1901.3731680000003,1901.3731680000003,1901.3731680000003,0.0,0.0,0.0,0,767,1,1,1,0.0,0.0,0,0.0,0,30.0,1,1,1,0,LEGITIMATE
USER0889,3,2,10911.440712,3637.1469039999997,5092.180512,400.0,133.33333333333334,8.0,0,1172,3,2,2,0.6666666666666666,0.036658770418840726,0,0.0,533,0.16853932584269662,1,1,1,0,LEGITIMATE
USER0890,3,1,3162.1719080000003,1054.0573026666668,1524.0155100000002,200.0,66.66666666666667,19.333333333333332,0,834,3,3,3,0.3333333333333333,0.06324766831746834,0,0.0,241,0.371900826446281,1,1,1,0,LEGITIMATE
USER0891,4,0,12517.600692,3129.400173,4979.373516000001,0.0,0.0,0.0,0,1957,4,3,3,0.0,0.0,0,0.0,1159,0.10344827586206896,1,1,1,0,LEGITIMATE
USER0893,3,3,7030.209945,2343.403315,2676.675456,400.0,133.33333333333334,29.0,0,917,3,2,3,1.0,0.056897305077565505,1,0.3333333333333333,731,0.12295081967213115,1,1,1,0,HIGH_RETURN_LEGITIMATE
USER0894,3,1,10789.762608000001,3596.5875360000005,8055.392640000001,200.0,66.66666666666667,14.0,0,1221,3,2,2,0.3333333333333333,0.018536089000856355,0,0.0,674,0.13333333333333333,1,1,1,0,LEGITIMATE
USER0895,4,2,6371.6947,1592.923675,4820.244360000001,400.0,100.0,15.75,0,765,3,2,4,0.5,0.06277764689510312,0,0.0,631,0.189873417721519,1,1,1,0,LEGITIMATE
USER0896,4,1,15135.226213999998,3783.8065534999996,7383.71616,200.0,50.0,13.25,0,1436,4,1,3,0.25,0.013214206195015515,0,0.0,644,0.18604651162790697,1,1,1,0,LEGITIMATE
USER0897,3,0,5054.305754,1684.7685846666666,3572.30175,0.0,0.0,0.0,0,1720,3,3,1,0.0,0.0,0,0.0,1203,0.07475083056478406,1,1,1,0,LEGITIMATE
USER0898,1,0,2063.133855,2063.133855,2063.133855,0.0,0.0,0.0,0,655,1,1,1,0.0,0.0,0,0.0,0,30.0,1,1,1,0,LEGITIMATE
USER0899,1,0,794.49636,794.49636,794.49636,0.0,0.0,0.0,0,388,1,1,1,0.0,0.0,0,0.0,0,30.0,1,1,1,0,LEGITIMATE
USER0900,1,0,2598.7720200000003,2598.7720200000003,2598.7720200000003,0.0,0.0,0.0,0,443,1,1,1,0.0,0.0,0,0.0,0,30.0,1,1,1,0,LEGITIMATE
USER0901,4,2,7525.644064,1881.411016,4892.8716,2842.1186861321826,710.5296715330456,2.5,0,987,4,2,2,0.5,0.37765786714892163,2,1.0,679,0.17647058823529413,1,1,1,1,INDIVIDUAL_RETURN_ABUSE
USER0902,2,1,3175.3044,1587.6522,2615.575824,200.0,100.0,20.5,0,1217,2,1,1,0.5,0.06298608725513057,0,0.0,800,0.0749063670411985,1,1,1,0,LEGITIMATE
USER0903,2,0,7663.485785999999,3831.7428929999996,4455.1716,0.0,0.0,0.0,0,755,2,2,2,0.0,0.0,0,0.0,306,0.19543973941368079,1,1,1,0,LEGITIMATE
USER0904,6,5,9202.692724,1533.7821206666667,2344.646896,400.0,66.66666666666667,10.666666666666666,0,1074,6,4,4,0.8333333333333334,0.04346553905432777,3,0.6,929,0.1935483870967742,1,1,1,0,HIGH_RETURN_LEGITIMATE
USER0905,2,1,6506.93103,3253.465515,4697.65737,200.0,100.0,11.5,0,716,2,1,2,0.5,0.03073645610778819,0,0.0,150,0.3973509933774834,1,1,1,0,LEGITIMATE
USER0906,2,1,7116.506812,3558.253406,5793.7923,200.0,100.0,10.0,0,502,2,1,2,0.5,0.02810367576164698,0,0.0,483,0.12396694214876033,1,1,1,0,LEGITIMATE
USER0907,2,0,5860.957438,2930.478719,5341.99996,0.0,0.0,0.0,0,1151,2,2,2,0.0,0.0,0,0.0,538,0.11131725417439703,1,1,1,0,LEGITIMATE
USER0908,4,1,7322.227323,1830.55683075,3345.820992,200.0,50.0,4.75,0,1640,4,4,2,0.25,0.027314093263913816,0,0.0,845,0.14184397163120568,1,1,1,0,LEGITIMATE
USER0909,3,1,10173.477674,3391.1592246666664,4840.32585,200.0,66.66666666666667,20.0,0,1455,3,2,2,0.3333333333333333,0.01965896091865744,0,0.0,854,0.10526315789473684,1,1,1,0,LEGITIMATE
USER0910,2,2,7004.831700000001,3502.4158500000003,5400.965220000001,400.0,200.0,40.5,35,832,2,2,1,1.0,0.05710344189996741,0,0.0,89,0.6666666666666666,1,1,1,0,LEGITIMATE
USER0911,1,0,1880.04613,1880.04613,1880.04613,0.0,0.0,0.0,0,353,1,1,1,0.0,0.0,0,0.0,0,30.0,1,1,1,0,LEGITIMATE
USER0912,3,2,8311.754824,2770.584941333333,4629.566536,400.0,133.33333333333334,19.333333333333332,0,1088,3,2,3,0.6666666666666666,0.048124614894198905,0,0.0,558,0.16100178890876565,1,1,1,0,LEGITIMATE
USER0914,1,1,2052.96192,2052.96192,2052.96192,200.0,200.0,7.0,7,680,1,1,1,1.0,0.0974202190754712,0,0.0,0,30.0,1,1,1,0,LEGITIMATE
USER0915,2,0,4388.587488,2194.293744,3831.54176,0.0,0.0,0.0,0,1122,2,2,1,0.0,0.0,0,0.0,493,0.1214574898785425,1,1,1,0,LEGITIMATE
USER0916,5,3,9326.479734,1865.2959468000001,3594.45024,400.0,80.0,5.6,0,1695,5,2,3,0.6,0.04288863659262415,1,0.3333333333333333,1239,0.12096774193548387,1,1,1,0,HIGH_RETURN_LEGITIMATE
USER0917,1,0,7390.267631999999,7390.267631999999,7390.267631999999,0.0,0.0,0.0,0,422,1,1,1,0.0,0.0,0,0.0,0,30.0,1,1,1,0,LEGITIMATE
USER0918,4,4,8211.782368,2052.945592,6530.468295000001,4513.657236036222,1128.4143090090554,2.75,2,1037,4,3,3,1.0,0.5496562175862356,4,1.0,969,0.12371134020618557,1,1,1,1,INDIVIDUAL_RETURN_ABUSE
USER0919,2,1,7689.3211200000005,3844.6605600000003,4339.69328,200.0,100.0,28.0,0,1044,2,2,2,0.5,0.026010098535200723,0,0.0,270,0.22140221402214022,1,1,1,0,LEGITIMATE
USER0920,4,2,16193.88713,4048.4717825,6108.127584,400.0,100.0,25.5,0,803,4,3,2,0.5,0.02470067852078453,0,0.0,676,0.17725258493353027,1,1,1,0,HIGH_RETURN_LEGITIMATE
USER0921,5,0,13513.050167000001,2702.6100334000002,4620.810492,0.0,0.0,0.0,0,1528,5,3,2,0.0,0.0,0,0.0,1111,0.13489208633093525,1,1,1,0,LEGITIMATE
USER0922,5,3,9673.946080000002,1934.7892160000004,3323.4777640000007,600.0,120.0,20.0,0,2069,5,3,3,0.6,0.06202226010339722,0,0.0,1171,0.12798634812286688,1,1,1,0,LEGITIMATE
USER0923,3,0,7511.416833,2503.805611,4030.326234,0.0,0.0,0.0,0,651,3,2,3,0.0,0.0,0,0.0,386,0.23255813953488372,1,1,1,0,LEGITIMATE
USER0924,5,0,10561.769688999999,2112.3539377999996,5634.675504,0.0,0.0,0.0,0,1450,5,3,2,0.0,0.0,0,0.0,598,0.25041736227045075,1,1,1,0,LEGITIMATE
USER0925,1,0,1448.456468,1448.456468,1448.456468,0.0,0.0,0.0,0,3,1,1,1,0.0,0.0,0,0.0,0,30.0,1,1,1,0,LEGITIMATE
USER0926,4,2,5746.258423,1436.56460575,3106.4595870000003,400.0,100.0,11.75,0,1284,4,2,2,0.5,0.06961051358201333,0,0.0,598,0.2003338898163606,1,1,1,0,LEGITIMATE
USER0927,3,2,2908.145254,969.3817513333333,1344.92048,200.0,66.66666666666667,12.0,0,848,3,3,2,0.6666666666666666,0.06877235575661518,1,0.5,671,0.13392857142857142,1,1,1,0,HIGH_RETURN_LEGITIMATE
USER0929,4,3,6116.111165,1529.02779125,3980.476384,3065.676609255434,766.4191523138585,2.0,0,1387,4,2,1,0.75,0.5012460575927798,3,1.0,635,0.18867924528301888,4,4,1,1,COORDINATED_RETURN_ABUSE
USER0930,6,3,18054.808667999998,3009.1347779999996,7931.710799999999,0.0,0.0,0.0,0,1547,6,4,4,0.5,0.0,3,1.0,703,0.2556818181818182,1,1,1,0,HIGH_RETURN_LEGITIMATE
USER0931,3,1,3081.6954990000004,1027.231833,1358.581928,200.0,66.66666666666667,9.666666666666666,0,845,3,3,2,0.3333333333333333,0.06489933871302318,0,0.0,831,0.10817307692307693,1,1,1,0,LEGITIMATE
USER0932,6,4,11571.032076000001,1928.5053460000001,4780.900125000001,800.0,133.33333333333334,28.5,0,1276,6,3,4,0.6666666666666666,0.06913817149114261,0,0.0,992,0.18126888217522658,1,1,1,0,LEGITIMATE
USER0933,1,1,229.390276,229.390276,229.390276,200.0,200.0,22.0,22,199,1,1,1,1.0,0.8718765393525225,0,0.0,0,30.0,1,1,1,0,LEGITIMATE
USER0934,1,0,3967.549068,3967.549068,3967.549068,0.0,0.0,0.0,0,86,1,1,1,0.0,0.0,0,0.0,0,30.0,1,1,1,0,LEGITIMATE
USER0935,5,2,14626.509853000001,2925.3019706000005,5028.276,400.0,80.0,11.8,0,1441,5,3,3,0.4,0.027347604043623377,0,0.0,1067,0.1404494382022472,1,1,1,0,LEGITIMATE
USER0937,4,2,10072.072411000001,2518.0181027500003,5192.75223,400.0,100.0,11.25,0,1147,4,3,2,0.5,0.0397137732611164,0,0.0,858,0.13969732246798602,1,1,1,0,LEGITIMATE
USER0938,1,1,732.2503500000001,732.2503500000001,732.2503500000001,200.0,200.0,14.0,14,49,1,1,1,1.0,0.2731306308013372,0,0.0,0,30.0,1,1,1,0,LEGITIMATE
USER0939,2,1,2944.1321989999997,1472.0660994999998,2423.475915,200.0,100.0,26.0,0,716,2,1,1,0.5,0.06793173216472133,0,0.0,520,0.11516314779270634,1,1,1,0,LEGITIMATE
USER0940,3,0,3618.16718,1206.0557266666667,2771.644716,0.0,0.0,0.0,0,1226,3,2,2,0.0,0.0,0,0.0,728,0.12345679012345678,1,1,1,0,LEGITIMATE
USER0941,4,2,5789.238836,1447.309709,2420.9402640000003,400.0,100.0,15.5,0,1523,4,2,2,0.5,0.06909371185597428,0,0.0,1254,0.09561752988047809,1,1,1,0,LEGITIMATE
USER0943,2,0,2636.576512,1318.288256,2081.00788,0.0,0.0,0.0,0,1970,2,2,1,0.0,0.0,0,0.0,1212,0.0494641384995878,1,1,1,0,LEGITIMATE
USER0944,4,4,10313.050054000001,2578.2625135000003,5126.53036,400.0,100.0,17.0,0,1203,4,3,3,1.0,0.038785810008248406,2,0.5,913,0.13129102844638948,1,1,1,0,HIGH_RETURN_LEGITIMATE
USER0945,2,0,5321.46169,2660.730845,5166.07875,0.0,0.0,0.0,0,981,2,2,1,0.0,0.0,0,0.0,693,0.08645533141210375,1,1,1,0,LEGITIMATE
USER0946,2,0,6188.467944000001,3094.2339720000004,4258.498132000001,0.0,0.0,0.0,0,1275,2,1,2,0.0,0.0,0,0.0,527,0.11363636363636363,1,1,1,0,LEGITIMATE
USER0947,1,0,4482.8316,4482.8316,4482.8316,0.0,0.0,0.0,0,124,1,1,1,0.0,0.0,0,0.0,0,30.0,1,1,1,0,LEGITIMATE
USER0948,1,0,2859.3463500000003,2859.3463500000003,2859.3463500000003,0.0,0.0,0.0,0,214,1,1,1,0.0,0.0,0,0.0,0,30.0,1,1,1,0,LEGITIMATE
USER0949,2,1,1644.5358729999998,822.2679364999999,853.5577679999999,634.5331050312087,317.26655251560436,1.0,0,473,2,1,2,0.5,0.38584327374609284,1,1.0,175,0.3409090909090909,1,1,1,1,INDIVIDUAL_RETURN_ABUSE
USER0950,1,1,1672.693984,1672.693984,1672.693984,1496.4781797278335,1496.4781797278335,4.0,4,120,1,1,1,1.0,0.894651498745292,1,1.0,0,30.0,3,1,2,1,COORDINATED_RETURN_ABUSE
USER0951,3,1,6957.224040000001,2319.07468,3585.8196000000003,200.0,66.66666666666667,14.0,0,368,3,2,2,0.3333333333333333,0.028747097815179742,0,0.0,357,0.25139664804469275,1,1,1,0,HIGH_RETURN_LEGITIMATE
USER0952,5,2,11848.926055,2369.785211,4358.610225,400.0,80.0,8.8,0,981,5,4,4,0.4,0.033758333720988014,0,0.0,474,0.3157894736842105,1,1,1,0,LEGITIMATE
USER0953,1,1,431.13196,431.13196,431.13196,200.0,200.0,25.0,25,469,1,1,1,1.0,0.4638950914239807,0,0.0,0,30.0,1,1,1,0,LEGITIMATE
USER0955,2,0,1997.2987549999998,998.6493774999999,1389.06168,0.0,0.0,0.0,0,445,2,2,1,0.0,0.0,0,0.0,69,0.8571428571428571,1,1,1,0,LEGITIMATE
USER0956,1,0,851.7913880000001,851.7913880000001,851.7913880000001,0.0,0.0,0.0,0,669,1,1,1,0.0,0.0,0,0.0,0,30.0,1,1,1,0,LEGITIMATE
USER0957,3,2,2536.1857950000003,845.3952650000001,1247.733696,925.4934024388158,308.4978008129386,2.0,0,1089,3,3,1,0.6666666666666666,0.36491545858485325,2,1.0,871,0.10321100917431193,1,1,1,1,INDIVIDUAL_RETURN_ABUSE
USER0958,5,4,7836.973435999999,1567.3946872,3115.476032,4914.012242409564,982.8024484819128,1.6,0,1534,5,4,3,0.8,0.6270293350538243,4,1.0,1114,0.13452914798206278,1,1,1,1,INDIVIDUAL_RETURN_ABUSE
USER0959,1,1,3918.953664,3918.953664,3918.953664,200.0,200.0,11.0,11,73,1,1,1,1.0,0.05103403029161204,0,0.0,0,30.0,1,1,1,0,LEGITIMATE
USER0960,1,0,210.764505,210.764505,210.764505,0.0,0.0,0.0,0,223,1,1,1,0.0,0.0,0,0.0,0,30.0,1,1,1,0,LEGITIMATE
USER0961,2,2,3143.407768,1571.703884,2730.194298,1490.5704054972016,745.2852027486008,3.5,2,1494,2,1,2,1.0,0.4741893242967902,2,1.0,902,0.0664451827242525,1,1,1,1,INDIVIDUAL_RETURN_ABUSE
USER0962,3,1,13371.424949999997,4457.141649999999,5187.048719999999,200.0,66.66666666666667,9.666666666666666,0,428,3,2,2,0.3333333333333333,0.014957269008191984,0,0.0,187,0.4787234042553192,1,1,1,0,LEGITIMATE
USER0964,2,1,1185.728638,592.864319,945.579844,200.0,100.0,24.5,0,1916,2,2,2,0.5,0.16867265712443727,0,0.0,1093,0.054844606946983544,1,1,1,0,LEGITIMATE
USER0965,3,1,5849.1053,1949.7017666666668,3852.47256,200.0,66.66666666666667,10.0,0,1248,3,2,2,0.3333333333333333,0.03419326371163125,0,0.0,896,0.10033444816053512,1,1,1,0,LEGITIMATE
USER0966,3,0,10202.299668,3400.766556,6349.72998,0.0,0.0,0.0,0,1354,3,2,3,0.0,0.0,0,0.0,922,0.09750812567713976,1,1,1,0,LEGITIMATE
USER0967,1,0,2997.0819840000004,2997.0819840000004,2997.0819840000004,0.0,0.0,0.0,0,388,1,1,1,0.0,0.0,0,0.0,0,30.0,1,1,1,0,LEGITIMATE
USER0968,2,0,13232.6342,6616.3171,6982.93864,0.0,0.0,0.0,0,1403,2,2,2,0.0,0.0,0,0.0,535,0.11194029850746269,1,1,1,0,LEGITIMATE
USER0969,1,0,246.111492,246.111492,246.111492,0.0,0.0,0.0,0,229,1,1,1,0.0,0.0,0,0.0,0,30.0,1,1,1,0,LEGITIMATE
USER0970,3,2,5580.2452140000005,1860.081738,3569.4461440000005,2893.2230741146013,964.4076913715338,3.3333333333333335,0,1371,3,2,2,0.6666666666666666,0.5184759742915844,1,0.5,1118,0.08042895442359249,3,3,3,1,COORDINATED_RETURN_ABUSE
USER0971,5,0,12822.046992,2564.4093984,4255.831656,0.0,0.0,0.0,0,2010,5,4,3,0.0,0.0,0,0.0,1142,0.13123359580052493,1,1,1,0,LEGITIMATE
USER0972,2,1,1787.297336,893.648668,1033.758536,200.0,100.0,7.5,0,1082,2,2,2,0.5,0.11190079902855067,0,0.0,584,0.10256410256410256,1,1,1,0,LEGITIMATE
USER0973,2,0,10513.70685,5256.853425,7242.75045,0.0,0.0,0.0,0,1036,2,1,2,0.0,0.0,0,0.0,1029,0.05825242718446602,1,1,1,0,LEGITIMATE
USER0974,3,1,4537.199957,1512.3999856666667,2408.153664,200.0,66.66666666666667,2.0,0,896,3,3,3,0.3333333333333333,0.04408004978741121,0,0.0,554,0.16216216216216217,1,1,1,0,LEGITIMATE
USER0975,4,0,10447.114344000001,2611.7785860000004,5177.9176800000005,0.0,0.0,0.0,0,1104,4,3,3,0.0,0.0,0,0.0,515,0.23255813953488372,1,1,1,0,LEGITIMATE
USER0976,2,0,3163.71216,1581.85608,3053.863008,0.0,0.0,0.0,0,866,2,2,2,0.0,0.0,0,0.0,431,0.1388888888888889,1,1,1,0,LEGITIMATE
USER0977,2,0,3063.368978,1531.684489,2375.773188,0.0,0.0,0.0,0,1053,2,2,2,0.0,0.0,0,0.0,275,0.21739130434782608,1,1,1,0,LEGITIMATE
USER0978,3,2,3853.69262,1284.5642066666667,2692.64106,400.0,133.33333333333334,26.0,0,1670,3,2,2,0.6666666666666666,0.10379655033306731,0,0.0,953,0.09433962264150944,1,1,1,0,LEGITIMATE
USER0979,2,1,5145.675482,2572.837741,3602.300848,200.0,100.0,18.0,0,587,2,2,2,0.5,0.03886758904630046,0,0.0,583,0.10273972602739725,1,1,1,0,LEGITIMATE
USER0980,4,1,16041.077976,4010.269494,5456.89116,200.0,50.0,14.5,0,1748,4,2,2,0.25,0.012467990012842763,0,0.0,1058,0.11331444759206799,1,1,1,0,LEGITIMATE
USER0981,4,1,8715.788166,2178.9470415,5759.882100000001,200.0,50.0,13.0,0,754,4,3,3,0.25,0.022946863346242553,0,0.0,597,0.20066889632107024,1,1,1,0,LEGITIMATE
USER0982,1,0,423.921644,423.921644,423.921644,0.0,0.0,0.0,0,665,1,1,1,0.0,0.0,0,0.0,0,30.0,1,1,1,0,LEGITIMATE
USER0983,1,0,969.968802,969.968802,969.968802,0.0,0.0,0.0,0,386,1,1,1,0.0,0.0,0,0.0,0,30.0,1,1,1,0,LEGITIMATE
USER0984,3,0,8470.235417,2823.4118056666666,5611.07496,0.0,0.0,0.0,0,1042,3,3,3,0.0,0.0,0,0.0,703,0.1278409090909091,1,1,1,0,LEGITIMATE
USER0985,3,1,6256.522578,2085.507526,3097.115,200.0,66.66666666666667,17.666666666666668,0,1151,3,2,3,0.3333333333333333,0.031966639216370135,0,0.0,492,0.18255578093306288,1,1,1,0,LEGITIMATE
USER0986,2,2,5498.0526,2749.0263,5343.18372,400.0,200.0,33.5,7,1731,2,2,2,1.0,0.07275303259193992,0,0.0,1113,0.05385996409335727,1,1,1,0,LEGITIMATE
USER0987,2,0,10374.088955,5187.0444775,5280.0944,0.0,0.0,0.0,0,848,2,2,1,0.0,0.0,0,0.0,619,0.0967741935483871,1,1,1,0,LEGITIMATE
USER0988,2,0,4280.117998999999,2140.0589994999996,3925.3576549999993,0.0,0.0,0.0,0,814,2,2,1,0.0,0.0,0,0.0,391,0.15306122448979592,1,1,1,0,LEGITIMATE
USER0989,3,1,8733.696485,2911.232161666667,5757.27344,200.0,66.66666666666667,10.0,0,843,3,1,2,0.3333333333333333,0.022899811133063434,0,0.0,536,0.16759776536312848,1,1,1,0,LEGITIMATE
USER0990,2,0,4296.564439,2148.2822195,2614.714234,0.0,0.0,0.0,0,551,2,2,2,0.0,0.0,0,0.0,343,0.1744186046511628,1,1,1,0,LEGITIMATE
USER0991,4,1,12245.88,3061.47,7564.82622,200.0,50.0,10.75,0,1535,4,2,2,0.25,0.01633202350504823,0,0.0,894,0.1340782122905028,1,1,1,0,LEGITIMATE
USER0992,2,1,5165.17626,2582.58813,3775.47936,200.0,100.0,17.5,0,503,2,2,1,0.5,0.03872084705972841,0,0.0,16,3.5294117647058822,1,1,1,0,LEGITIMATE
USER0993,2,1,1251.180954,625.590477,629.1679379999999,200.0,100.0,4.0,0,442,2,2,2,0.5,0.15984898056560412,0,0.0,437,0.136986301369863,1,1,1,0,LEGITIMATE
USER0994,2,0,3185.96158,1592.98079,2905.463916,0.0,0.0,0.0,0,817,2,2,1,0.0,0.0,0,0.0,92,0.6451612903225806,1,1,1,0,LEGITIMATE
USER0995,4,4,4796.946146,1199.2365365,1539.746586,2193.914067767533,548.4785169418833,9.0,1,1896,4,3,3,1.0,0.45735640988943743,3,0.75,1130,0.10610079575596817,1,1,1,1,INDIVIDUAL_RETURN_ABUSE
USER0996,2,2,1203.83603,601.918015,1140.09896,956.2731953089409,478.13659765447045,2.5,2,920,2,1,2,1.0,0.7943550213470026,2,1.0,231,0.25862068965517243,5,4,1,1,COORDINATED_RETURN_ABUSE
USER0997,5,0,14519.806975,2903.961395,6620.662028,0.0,0.0,0.0,0,1950,5,3,3,0.0,0.0,0,0.0,1058,0.141643059490085,1,1,1,0,LEGITIMATE
USER0998,2,2,3760.564085,1880.2820425,2746.6991,2983.689928392061,1491.8449641960306,3.0,1,258,2,2,2,1.0,0.7934155251583915,2,1.0,156,0.3821656050955414,1,1,1,1,INDIVIDUAL_RETURN_ABUSE
USER0999,2,0,4855.1869719999995,2427.5934859999998,3691.5582959999992,0.0,0.0,0.0,0,564,2,1,2,0.0,0.0,0,0.0,25,2.3076923076923075,1,1,1,0,LEGITIMATE
USER1000,4,0,7718.321934999999,1929.5804837499998,4224.590112,0.0,0.0,0.0,0,1099,4,2,3,0.0,0.0,0,0.0,596,0.20100502512562815,1,1,1,0,LEGITIMATE
USER1001,2,0,8394.401042,4197.200521,4741.251552,0.0,0.0,0.0,0,1255,2,2,2,0.0,0.0,0,0.0,432,0.13856812933025403,1,1,1,0,LEGITIMATE
USER1002,4,0,9618.171481,2404.54287025,3624.16968,0.0,0.0,0.0,0,1069,4,2,3,0.0,0.0,0,0.0,946,0.12671594508975711,1,1,1,0,LEGITIMATE
USER1003,1,0,717.906816,717.906816,717.906816,0.0,0.0,0.0,0,607,1,1,1,0.0,0.0,0,0.0,0,30.0,1,1,1,0,LEGITIMATE
USER1004,3,1,9994.0774,3331.3591333333334,6998.4649,200.0,66.66666666666667,3.0,0,1158,3,2,3,0.3333333333333333,0.020011852219595578,0,0.0,691,0.13005780346820808,1,1,1,0,LEGITIMATE
USER1005,4,0,7695.200225000001,1923.8000562500004,5283.969936,0.0,0.0,0.0,0,986,4,4,3,0.0,0.0,0,0.0,352,0.33994334277620397,1,1,1,0,LEGITIMATE
USER1006,5,0,19523.63135,3904.72627,7412.634945,0.0,0.0,0.0,0,1072,5,3,3,0.0,0.0,0,0.0,1029,0.14563106796116504,1,1,1,0,LEGITIMATE
USER1007,4,2,6243.246239,1560.81155975,3025.692872,200.0,50.0,10.0,0,810,4,2,3,0.5,0.03203461666314712,1,0.5,661,0.18126888217522658,1,1,1,0,HIGH_RETURN_LEGITIMATE
USER1008,2,1,3211.105284,1605.552642,1738.421874,200.0,100.0,8.0,0,527,2,2,2,0.5,0.06228385004893536,0,0.0,25,2.3076923076923075,1,1,1,0,LEGITIMATE
USER1009,3,0,5192.530368,1730.8434559999998,2365.384896,0.0,0.0,0.0,0,882,3,2,2,0.0,0.0,0,0.0,614,0.14634146341463414,1,1,1,0,LEGITIMATE
USER1010,2,0,3065.173491,1532.5867455,1709.402214,0.0,0.0,0.0,0,1046,2,2,2,0.0,0.0,0,0.0,149,0.4,1,1,1,0,LEGITIMATE
USER1011,4,1,10017.523401,2504.38085025,6160.43955,200.0,50.0,10.25,0,1396,4,2,4,0.25,0.019965014504486706,0,0.0,672,0.17830609212481427,1,1,1,0,LEGITIMATE
USER1012,3,0,4508.607705,1502.8692350000001,1717.716424,0.0,0.0,0.0,0,660,3,2,3,0.0,0.0,0,0.0,655,0.13719512195121952,1,1,1,0,LEGITIMATE
USER1013,2,0,8485.917904,4242.958952,7206.557904,0.0,0.0,0.0,0,867,2,2,2,0.0,0.0,0,0.0,610,0.09819967266775777,1,1,1,0,LEGITIMATE
USER1014,3,1,5824.81844,1941.6061466666667,3397.281084,861.5069715431447,287.16899051438156,1.0,0,1156,3,3,3,0.3333333333333333,0.14790280253664775,1,1.0,663,0.1355421686746988,4,2,1,1,COORDINATED_RETURN_ABUSE
USER1015,3,1,8667.177974999999,2889.0593249999997,3968.9,200.0,66.66666666666667,3.6666666666666665,0,1718,3,2,3,0.3333333333333333,0.023075561685347766,0,0.0,1008,0.08919722497522299,1,1,1,0,LEGITIMATE
USER1016,1,0,6802.517168,6802.517168,6802.517168,0.0,0.0,0.0,0,208,1,1,1,0.0,0.0,0,0.0,0,30.0,1,1,1,0,LEGITIMATE
USER1017,2,0,4884.093208,2442.046604,2984.32748,0.0,0.0,0.0,0,671,2,2,2,0.0,0.0,0,0.0,80,0.7407407407407407,1,1,1,0,LEGITIMATE
USER1018,3,0,10203.09601,3401.0320033333333,6581.6519,0.0,0.0,0.0,0,467,3,2,3,0.0,0.0,0,0.0,183,0.4891304347826087,1,1,1,0,LEGITIMATE
USER1019,1,1,1897.949913,1897.949913,1897.949913,200.0,200.0,7.0,7,376,1,1,1,1.0,0.10537685880438721,0,0.0,0,30.0,1,1,1,0,LEGITIMATE
USER1020,3,2,18495.978131999997,6165.326043999999,7825.743419999999,400.0,133.33333333333334,20.333333333333332,0,889,3,3,3,0.6666666666666666,0.02162632314686606,0,0.0,281,0.3191489361702128,1,1,1,0,LEGITIMATE
USER1021,6,1,13035.738898,2172.6231496666664,5757.583936,200.0,33.333333333333336,1.6666666666666667,0,1599,6,3,4,0.16666666666666666,0.015342436785895188,0,0.0,1199,0.15,1,1,1,0,LEGITIMATE
USER1023,3,1,4467.204323,1489.0681076666667,3385.761813,200.0,66.66666666666667,5.333333333333333,0,1815,3,2,2,0.3333333333333333,0.044770730313425156,0,0.0,1036,0.08678881388621022,1,1,1,0,LEGITIMATE
USER1024,2,0,4194.663502,2097.331751,2755.222,0.0,0.0,0.0,0,677,2,2,2,0.0,0.0,0,0.0,179,0.3333333333333333,1,1,1,0,LEGITIMATE
USER1025,1,0,646.3457,646.3457,646.3457,0.0,0.0,0.0,0,551,1,1,1,0.0,0.0,0,0.0,0,30.0,1,1,1,0,LEGITIMATE
USER1026,2,0,1753.201532,876.600766,1090.430276,0.0,0.0,0.0,0,751,2,2,2,0.0,0.0,0,0.0,172,0.3468208092485549,1,1,1,0,LEGITIMATE
USER1027,6,4,10746.981152,1791.1635253333334,2845.33035,1678.8977034887866,279.8162839147978,16.333333333333332,0,1673,6,3,3,0.6666666666666666,0.15622040084962333,2,0.5,1089,0.1651376146788991,1,1,1,1,INDIVIDUAL_RETURN_ABUSE
USER1028,2,0,3885.2868799999997,1942.6434399999998,3576.30464,0.0,0.0,0.0,0,888,2,1,2,0.0,0.0,0,0.0,517,0.11583011583011583,1,1,1,0,LEGITIMATE
USER1029,1,0,2548.78976,2548.78976,2548.78976,0.0,0.0,0.0,0,133,1,1,1,0.0,0.0,0,0.0,0,30.0,1,1,1,0,LEGITIMATE
USER1030,2,0,1396.628377,698.3141885,837.0039230000001,0.0,0.0,0.0,0,712,2,1,2,0.0,0.0,0,0.0,656,0.091324200913242,1,1,1,0,LEGITIMATE
USER1031,3,1,8912.770335,2970.923445,7423.32141,200.0,66.66666666666667,6.666666666666667,0,1064,3,2,2,0.3333333333333333,0.02243971206288241,0,0.0,889,0.10112359550561797,1,1,1,0,LEGITIMATE
USER1032,3,1,3992.30444,1330.7681466666666,1396.16892,200.0,66.66666666666667,13.666666666666666,0,668,3,2,2,0.3333333333333333,0.0500963799243727,0,0.0,529,0.16981132075471697,1,1,1,0,LEGITIMATE
USER1033,4,2,6495.173186,1623.7932965,2356.70502,400.0,100.0,20.5,0,1514,4,3,3,0.5,0.061584193145485126,0,0.0,745,0.16085790884718498,1,1,1,0,LEGITIMATE
USER1034,1,1,607.45672,607.45672,607.45672,200.0,200.0,33.0,33,640,1,1,1,1.0,0.3292415630861734,0,0.0,0,30.0,1,1,1,0,LEGITIMATE
USER1035,2,0,1745.359596,872.679798,1454.706156,0.0,0.0,0.0,0,290,2,2,2,0.0,0.0,0,0.0,138,0.4316546762589928,1,1,1,0,LEGITIMATE
USER1036,1,1,2158.3019850000005,2158.3019850000005,2158.3019850000005,200.0,200.0,18.0,18,505,1,1,1,1.0,0.09266543856697604,0,0.0,0,30.0,1,1,1,0,LEGITIMATE
USER1037,3,1,2397.1185130000003,799.0395043333334,1030.582012,200.0,66.66666666666667,3.0,0,1343,3,2,3,0.3333333333333333,0.08343350523362296,0,0.0,867,0.10368663594470046,1,1,1,0,LEGITIMATE
USER1038,1,0,3100.437256,3100.437256,3100.437256,0.0,0.0,0.0,0,470,1,1,1,0.0,0.0,0,0.0,0,30.0,1,1,1,0,LEGITIMATE
USER1039,4,1,11325.197027,2831.29925675,5098.520396,200.0,50.0,8.25,0,637,3,2,2,0.25,0.01765973691435011,0,0.0,471,0.2542372881355932,1,1,1,0,LEGITIMATE
USER1040,2,1,4434.6220140000005,2217.3110070000002,2282.367192,200.0,100.0,7.0,0,563,2,2,2,0.5,0.045099672388899115,0,0.0,529,0.11320754716981132,1,1,1,0,LEGITIMATE
USER1041,2,1,3711.9691440000006,1855.9845720000003,2546.421264,1749.5466916323878,874.7733458161939,3.0,0,1054,2,1,2,0.5,0.47132576370154966,0,0.0,744,0.08053691275167785,5,5,3,1,COORDINATED_RETURN_ABUSE
USER1042,3,3,2701.0642159999998,900.3547386666665,1787.961384,2046.3486111939612,682.1162037313204,3.3333333333333335,2,785,3,3,2,1.0,0.7576082786452203,3,1.0,661,0.13595166163141995,1,1,1,1,INDIVIDUAL_RETURN_ABUSE
USER1043,3,0,5001.175329000001,1667.0584430000001,2491.3491750000003,0.0,0.0,0.0,0,1361,3,2,2,0.0,0.0,0,0.0,877,0.10250569476082004,1,1,1,0,LEGITIMATE
USER1044,2,2,9381.293233999999,4690.646616999999,8824.21804,6839.031068256032,3419.515534128016,32.5,7,1584,2,1,2,1.0,0.7290072805175501,0,0.0,1008,0.05946481665014866,5,5,1,1,COORDINATED_RETURN_ABUSE
USER1045,2,0,3303.697995,1651.8489975,1921.522371,0.0,0.0,0.0,0,82,2,2,1,0.0,0.0,0,0.0,60,0.9836065573770492,1,1,1,0,LEGITIMATE
USER1046,3,1,5553.943818,1851.314606,3623.24842,200.0,66.66666666666667,7.666666666666667,0,1650,3,3,2,0.3333333333333333,0.03601044709019417,0,0.0,1071,0.08395522388059702,1,1,1,0,LEGITIMATE
USER1048,2,0,3685.854858,1842.927429,2839.41273,0.0,0.0,0.0,0,1713,2,2,2,0.0,0.0,0,0.0,836,0.07168458781362007,1,1,1,0,LEGITIMATE
USER1049,3,1,12559.233479999999,4186.41116,6269.438448,200.0,66.66666666666667,7.0,0,1286,3,2,2,0.3333333333333333,0.015924538732279385,0,0.0,915,0.0982532751091703,1,1,1,0,LEGITIMATE
USER1050,6,1,15619.123214,2603.187202333333,3725.571072,200.0,33.333333333333336,1.8333333333333333,0,1507,5,4,4,0.16666666666666666,0.012804816074485704,0,0.0,992,0.18126888217522658,1,1,1,0,LEGITIMATE
USER1051,2,2,643.923492,321.961746,508.0104,595.8670249402367,297.93351247011833,2.5,1,1108,2,2,2,1.0,0.9253692905185026,2,1.0,852,0.07033997655334115,1,1,1,1,INDIVIDUAL_RETURN_ABUSE
USER1052,2,2,6813.454389999999,3406.7271949999995,4777.497899999999,4714.924715154468,2357.462357577234,4.0,4,987,2,2,2,1.0,0.6920020954531507,2,1.0,313,0.1910828025477707,1,1,1,1,INDIVIDUAL_RETURN_ABUSE
USER1053,7,3,11843.660378,1691.9514825714286,5442.5187000000005,600.0,85.71428571428571,13.714285714285714,0,1667,7,2,4,0.42857142857142855,0.05066001395265608,0,0.0,1197,0.17529215358931552,1,1,1,0,LEGITIMATE
USER1054,2,0,8033.081932,4016.540966,6655.37148,0.0,0.0,0.0,0,1845,2,2,2,0.0,0.0,0,0.0,1239,0.04838709677419355,1,1,1,0,LEGITIMATE
USER1055,3,0,4632.251627,1544.0838756666665,3485.511875,0.0,0.0,0.0,0,1845,2,3,3,0.0,0.0,0,0.0,1009,0.0891089108910891,1,1,1,0,LEGITIMATE
USER1056,2,0,3026.611472,1513.305736,1869.801472,0.0,0.0,0.0,0,680,2,2,2,0.0,0.0,0,0.0,410,0.145985401459854,1,1,1,0,LEGITIMATE
USER1057,5,1,15203.997218,3040.7994436,7661.216,200.0,40.0,3.0,0,1807,5,3,3,0.2,0.01315443545091025,0,0.0,1223,0.12254901960784313,1,1,1,0,LEGITIMATE
USER1058,1,0,3196.0643200000004,3196.0643200000004,3196.0643200000004,0.0,0.0,0.0,0,782,1,1,1,0.0,0.0,0,0.0,0,30.0,1,1,1,0,LEGITIMATE
USER1059,3,0,3688.067502,1229.355834,1809.84447,0.0,0.0,0.0,0,183,3,3,2,0.0,0.0,0,0.0,179,0.5,1,1,1,0,LEGITIMATE
USER1060,2,0,7390.410605,3695.2053025,6161.864485,0.0,0.0,0.0,0,1064,2,2,2,0.0,0.0,0,0.0,392,0.15267175572519084,1,1,1,0,LEGITIMATE
USER1061,5,3,15527.638949,3105.5277898,6129.330896,600.0,120.0,11.0,0,1213,4,3,2,0.6,0.038640774812621514,0,0.0,386,0.3875968992248062,1,1,1,0,LEGITIMATE
USER1062,2,0,6780.71724,3390.35862,5201.72268,0.0,0.0,0.0,0,259,2,2,2,0.0,0.0,0,0.0,50,1.1764705882352942,1,1,1,0,LEGITIMATE
USER1063,1,1,2543.599716,2543.599716,2543.599716,200.0,200.0,10.0,10,588,1,1,1,1.0,0.0786287239859088,0,0.0,0,30.0,1,1,1,0,LEGITIMATE
USER1064,5,0,11769.944979,2353.9889958,3886.27302,0.0,0.0,0.0,0,1611,5,3,3,0.0,0.0,0,0.0,800,0.18726591760299627,1,1,1,0,LEGITIMATE
USER1065,5,3,11178.799535,2235.759907,4263.655624999999,600.0,120.0,24.4,0,1028,5,5,3,0.6,0.05367302617078373,0,0.0,710,0.2109704641350211,1,1,1,0,LEGITIMATE
USER1066,1,0,2583.649728,2583.649728,2583.649728,0.0,0.0,0.0,0,49,1,1,1,0.0,0.0,0,0.0,0,30.0,1,1,1,0,LEGITIMATE
USER1067,4,0,11101.90091,2775.4752275,4479.72525,0.0,0.0,0.0,0,1005,4,3,3,0.0,0.0,0,0.0,449,0.26666666666666666,1,1,1,0,LEGITIMATE
USER1068,1,0,1611.4204799999998,1611.4204799999998,1611.4204799999998,0.0,0.0,0.0,0,798,1,1,1,0.0,0.0,0,0.0,0,30.0,1,1,1,0,LEGITIMATE
USER1069,2,1,1732.8223240000002,866.4111620000001,1219.254192,200.0,100.0,30.0,0,1151,2,1,2,0.5,0.11541864230968897,0,0.0,419,0.14285714285714285,1,1,1,0,LEGITIMATE
USER1070,3,0,9564.157062,3188.052354,4249.302250000001,0.0,0.0,0.0,0,698,3,3,1,0.0,0.0,0,0.0,588,0.15280135823429541,1,1,1,0,LEGITIMATE
USER1071,5,2,11311.552408,2262.3104816,4003.201244,400.0,80.0,5.2,0,1746,5,3,3,0.4,0.03536207812794143,0,0.0,1034,0.14492753623188406,1,1,1,0,LEGITIMATE
USER1072,3,2,6861.043733,2287.014577666667,5279.36836,801.8159078448497,267.2719692816166,10.0,0,1676,3,2,3,0.6666666666666666,0.11686500466223593,1,0.5,982,0.09155645981688708,1,1,1,1,INDIVIDUAL_RETURN_ABUSE
USER1073,2,2,3054.82824,1527.41412,1750.540164,400.0,200.0,26.5,5,1086,2,1,2,1.0,0.1309402586902889,1,0.5,365,0.16393442622950818,1,1,1,0,LEGITIMATE
USER1074,4,1,6942.27413,1735.5685325,2712.80002,200.0,50.0,14.5,0,1633,4,3,3,0.25,0.028809003541898453,0,0.0,1167,0.10273972602739725,1,1,1,0,LEGITIMATE
USER1075,2,0,2682.233262,1341.116631,1429.05591,0.0,0.0,0.0,0,1485,2,2,1,0.0,0.0,0,0.0,1004,0.05970149253731343,1,1,1,0,LEGITIMATE
USER1076,5,1,9695.416115,1939.083223,4054.184608,200.0,40.0,8.8,0,1982,5,4,3,0.2,0.020628304925517888,0,0.0,1271,0.1179245283018868,1,1,1,0,LEGITIMATE
USER1077,2,1,3432.581692,1716.290846,3182.33806,200.0,100.0,24.5,0,661,2,2,2,0.5,0.058265182869826945,0,0.0,193,0.30927835051546393,1,1,1,0,LEGITIMATE
USER1078,3,1,9283.842048,3094.614016,5212.58525,200.0,66.66666666666667,8.0,0,883,3,3,2,0.3333333333333333,0.021542805119469433,0,0.0,726,0.12379642365887207,1,1,1,0,LEGITIMATE
USER1079,3,0,3557.4617770000004,1185.8205923333335,2150.1958120000004,0.0,0.0,0.0,0,1616,3,2,2,0.0,0.0,0,0.0,1083,0.08302583025830258,1,1,1,0,LEGITIMATE
USER1080,3,1,5908.3382280000005,1969.4460760000002,3747.682980000001,200.0,66.66666666666667,15.333333333333334,0,653,3,3,3,0.3333333333333333,0.033850465610141774,0,0.0,507,0.17716535433070865,1,1,1,0,LEGITIMATE
USER1083,2,1,11615.604424000001,5807.8022120000005,6768.980224,200.0,100.0,24.5,0,318,2,2,2,0.5,0.017218217210183465,0,0.0,101,0.5882352941176471,1,1,1,0,LEGITIMATE
USER1085,2,1,4797.23863,2398.619315,2677.940254,200.0,100.0,24.0,0,866,2,2,2,0.5,0.04169065069001998,0,0.0,289,0.20689655172413793,1,1,1,0,LEGITIMATE
USER1086,3,1,2047.9059539999998,682.635318,1111.29615,200.0,66.66666666666667,9.0,0,961,3,2,2,0.3333333333333333,0.09766073466867806,0,0.0,789,0.11392405063291139,1,1,1,0,LEGITIMATE
USER1087,3,1,4075.177939,1358.3926463333335,2516.0019,200.0,66.66666666666667,4.666666666666667,0,1205,3,2,2,0.3333333333333333,0.04907761157763767,0,0.0,1052,0.08547008547008547,1,1,1,0,LEGITIMATE
USER1088,4,2,6108.959489000001,1527.2398722500002,2770.6381290000004,400.0,100.0,17.25,0,865,4,2,3,0.5,0.06547759904452691,0,0.0,479,0.25,1,1,1,0,LEGITIMATE
USER1089,3,3,4211.978566,1403.9928553333332,3379.539834,600.0,200.0,36.666666666666664,17,1325,3,3,2,1.0,0.14245086735325044,0,0.0,712,0.12622720897615708,1,1,1,0,LEGITIMATE
USER1091,5,0,11268.831833,2253.7663666,5965.76575,0.0,0.0,0.0,0,1439,5,4,3,0.0,0.0,0,0.0,829,0.18072289156626506,1,1,1,0,LEGITIMATE
USER1092,5,3,10944.156144,2188.8312288,6678.86282,600.0,120.0,19.6,0,1597,5,2,3,0.6,0.05482377920283444,0,0.0,846,0.1770956316410862,1,1,1,0,LEGITIMATE
USER1093,3,2,3309.54182,1103.1806066666666,2113.807556,0.0,0.0,0.0,0,940,3,3,2,0.6666666666666666,0.0,2,1.0,823,0.10922330097087378,1,1,1,0,HIGH_RETURN_LEGITIMATE
USER1094,1,0,1635.89248,1635.89248,1635.89248,0.0,0.0,0.0,0,406,1,1,1,0.0,0.0,0,0.0,0,30.0,1,1,1,0,LEGITIMATE
USER1095,3,2,7948.844229999999,2649.614743333333,6263.286419999999,4649.406663570501,1549.802221190167,3.6666666666666665,0,1155,3,3,2,0.6666666666666666,0.5849160618877169,1,0.5,285,0.3146853146853147,4,4,3,1,COORDINATED_RETURN_ABUSE
USER1096,2,1,3230.9086260000004,1615.4543130000002,1649.06208,200.0,100.0,14.0,0,1447,2,2,1,0.5,0.061902091068297506,0,0.0,1018,0.058881256133464184,1,1,1,0,LEGITIMATE
USER1097,2,0,4339.81848,2169.90924,3963.97224,0.0,0.0,0.0,0,869,2,1,2,0.0,0.0,0,0.0,234,0.2553191489361702,1,1,1,0,LEGITIMATE
USER1098,2,1,4698.37583,2349.187915,3856.270482,200.0,100.0,5.0,0,96,2,2,1,0.5,0.042567901597603784,0,0.0,11,5.0,1,1,1,0,LEGITIMATE
USER1099,5,1,9787.156922,1957.4313844,2915.69808,200.0,40.0,1.8,0,653,5,3,3,0.2,0.020434943630098668,0,0.0,554,0.2702702702702703,1,1,1,0,LEGITIMATE
USER1100,4,2,15318.472294000001,3829.6180735000003,6003.628496,400.0,100.0,11.0,0,1462,4,2,3,0.5,0.026112264481927064,0,0.0,926,0.12944983818770225,1,1,1,0,LEGITIMATE
USER1102,5,1,17423.749548000003,3484.7499096000006,8152.841860000001,200.0,40.0,2.6,0,1500,5,3,3,0.2,0.011478585562139071,0,0.0,1214,0.12345679012345678,1,1,1,0,LEGITIMATE
USER1103,1,0,4309.496421,4309.496421,4309.496421,0.0,0.0,0.0,0,531,1,1,1,0.0,0.0,0,0.0,0,30.0,1,1,1,0,LEGITIMATE
USER1104,1,1,3399.6514150000003,3399.6514150000003,3399.6514150000003,200.0,200.0,45.0,45,387,1,1,1,1.0,0.058829560912497254,0,0.0,0,30.0,1,1,1,0,LEGITIMATE
USER1105,1,0,3625.96773,3625.96773,3625.96773,0.0,0.0,0.0,0,518,1,1,1,0.0,0.0,0,0.0,0,30.0,1,1,1,0,LEGITIMATE
USER1106,2,0,5128.270558,2564.135279,2674.375002,0.0,0.0,0.0,0,1319,2,2,2,0.0,0.0,0,0.0,441,0.13574660633484162,1,1,1,0,LEGITIMATE
USER1107,1,0,215.539707,215.539707,215.539707,0.0,0.0,0.0,0,35,1,1,1,0.0,0.0,0,0.0,0,30.0,1,1,1,0,LEGITIMATE
USER1108,1,0,2012.3943,2012.3943,2012.3943,0.0,0.0,0.0,0,159,1,1,1,0.0,0.0,0,0.0,0,30.0,1,1,1,0,LEGITIMATE
USER1109,2,1,2345.745288,1172.872644,1303.949988,200.0,100.0,18.5,0,656,2,1,2,0.5,0.08526074890702284,0,0.0,435,0.13761467889908258,1,1,1,0,LEGITIMATE
USER1110,2,0,8853.760995,4426.8804975,6018.1777950000005,0.0,0.0,0.0,0,389,2,2,1,0.0,0.0,0,0.0,326,0.1834862385321101,1,1,1,0,LEGITIMATE
USER1111,3,1,4312.825916999999,1437.6086389999998,2202.614016,200.0,66.66666666666667,19.333333333333332,0,284,3,2,2,0.3333333333333333,0.04637330693354764,0,0.0,185,0.4838709677419355,1,1,1,0,LEGITIMATE
USER1112,3,0,7762.922257,2587.6407523333332,4349.5603200000005,0.0,0.0,0.0,0,835,3,3,3,0.0,0.0,0,0.0,715,0.12569832402234637,1,1,1,0,LEGITIMATE
USER1113,1,1,2836.378566,2836.378566,2836.378566,1585.4516088154514,1585.4516088154514,3.0,3,892,1,1,1,1.0,0.5589703813942344,1,1.0,0,30.0,5,3,5,1,COORDINATED_RETURN_ABUSE
USER1114,1,0,4536.25596,4536.25596,4536.25596,0.0,0.0,0.0,0,661,1,1,1,0.0,0.0,0,0.0,0,30.0,1,1,1,0,LEGITIMATE
USER1115,1,0,2835.1617,2835.1617,2835.1617,0.0,0.0,0.0,0,722,1,1,1,0.0,0.0,0,0.0,0,30.0,1,1,1,0,LEGITIMATE
USER1116,1,1,3023.157735,3023.157735,3023.157735,200.0,200.0,18.0,18,476,1,1,1,1.0,0.0661559923534721,0,0.0,0,30.0,1,1,1,0,LEGITIMATE
USER1117,1,1,3241.375504,3241.375504,3241.375504,200.0,200.0,37.0,37,894,1,1,1,1.0,0.06170220011633678,0,0.0,0,30.0,1,1,1,0,LEGITIMATE
USER1118,2,1,4612.281677999999,2306.1408389999997,2596.042998,200.0,100.0,22.0,0,1627,2,1,2,0.5,0.04336248606713999,0,0.0,1319,0.045454545454545456,1,1,1,0,LEGITIMATE
USER1119,2,0,2851.7041529999997,1425.8520764999998,1744.8404399999995,0.0,0.0,0.0,0,1082,2,2,2,0.0,0.0,0,0.0,567,0.1056338028169014,1,1,1,0,LEGITIMATE
USER1120,4,3,9038.226098000001,2259.5565245000003,3609.908952,600.0,150.0,35.25,0,1341,4,4,3,0.75,0.06638470796086517,0,0.0,849,0.1411764705882353,1,1,1,0,LEGITIMATE
USER1121,4,1,6687.131670000001,1671.7829175000002,2815.350384,200.0,50.0,2.25,0,759,4,2,3,0.25,0.029908189320878138,0,0.0,390,0.3069053708439898,1,1,1,0,LEGITIMATE
USER1122,1,0,2306.023264,2306.023264,2306.023264,0.0,0.0,0.0,0,161,1,1,1,0.0,0.0,0,0.0,0,30.0,1,1,1,0,LEGITIMATE
USER1123,2,0,2789.529561,1394.7647805,1981.96635,0.0,0.0,0.0,0,1175,2,1,2,0.0,0.0,0,0.0,1115,0.053763440860215055,1,1,1,0,LEGITIMATE
USER1124,4,1,7633.0630280000005,1908.2657570000001,4439.6934,200.0,50.0,13.5,0,900,4,2,3,0.25,0.026201801199118826,0,0.0,323,0.37037037037037035,1,1,1,0,LEGITIMATE
USER1125,2,1,9430.624497,4715.3122485,4815.073995,3281.9111469957447,1640.9555734978724,0.5,0,820,2,1,2,0.5,0.34800570715542345,1,1.0,413,0.14492753623188406,1,1,1,1,INDIVIDUAL_RETURN_ABUSE
USER1126,3,0,3001.900397,1000.6334656666667,2066.299645,0.0,0.0,0.0,0,1589,3,3,2,0.0,0.0,0,0.0,780,0.11523687580025609,1,1,1,0,LEGITIMATE
USER1127,5,3,6180.170893,1236.0341786000001,2603.863068,600.0,120.0,18.6,0,1004,5,4,3,0.6,0.0970846939976357,0,0.0,962,0.1557632398753894,1,1,1,0,LEGITIMATE
USER1128,2,1,6140.72879,3070.364395,4744.64952,200.0,100.0,15.0,0,790,2,1,1,0.5,0.03256942406016925,0,0.0,746,0.08032128514056225,1,1,1,0,LEGITIMATE
USER1129,4,0,5473.1934439999995,1368.2983609999999,2663.454992,0.0,0.0,0.0,0,901,4,3,3,0.0,0.0,0,0.0,634,0.1889763779527559,1,1,1,0,LEGITIMATE
USER1130,2,1,2706.1591799999997,1353.0795899999998,1600.24608,200.0,100.0,25.0,0,674,2,2,2,0.5,0.07390548252967145,0,0.0,599,0.1,1,1,1,0,LEGITIMATE
USER1131,4,0,7860.224695999999,1965.0561739999998,4321.534788,0.0,0.0,0.0,0,1919,4,3,3,0.0,0.0,0,0.0,1104,0.1085972850678733,1,1,1,0,LEGITIMATE
USER1132,3,1,7781.013621000001,2593.6712070000003,5769.902160000001,200.0,66.66666666666667,4.666666666666667,0,636,3,3,2,0.3333333333333333,0.025703592069319162,0,0.0,433,0.2073732718894009,1,1,1,0,LEGITIMATE
USER1133,2,0,4498.000416999999,2249.0002084999996,3936.414876,0.0,0.0,0.0,0,1418,2,1,2,0.0,0.0,0,0.0,1000,0.059940059940059943,1,1,1,0,LEGITIMATE
USER1134,1,0,1616.130618,1616.130618,1616.130618,0.0,0.0,0.0,0,825,1,1,1,0.0,0.0,0,0.0,0,30.0,1,1,1,0,LEGITIMATE
USER1135,5,5,5704.766166,1140.9532332,2693.3029200000005,2466.4589621127498,493.29179242255,15.8,2,681,5,4,3,1.0,0.43235058025912954,3,0.6,629,0.23809523809523808,5,4,1,1,COORDINATED_RETURN_ABUSE
USER1136,1,1,2543.422542,2543.422542,2543.422542,200.0,200.0,39.0,39,833,1,1,1,1.0,0.07863420123764871,0,0.0,0,30.0,1,1,1,0,LEGITIMATE
USER1137,5,1,8849.792823,1769.9585646,3023.546985000001,200.0,40.0,11.0,0,1661,5,4,3,0.2,0.022599399104599807,0,0.0,1154,0.12987012987012986,1,1,1,0,LEGITIMATE
USER1138,3,2,13796.408544999998,4598.802848333333,6206.32389,400.0,133.33333333333334,18.0,0,848,3,3,1,0.6666666666666666,0.02899305269884642,0,0.0,693,0.12968299711815562,1,1,1,0,LEGITIMATE
USER1139,3,3,8001.875148,2667.291716,3638.037508,600.0,200.0,28.333333333333332,8,780,3,3,2,1.0,0.07498242460705787,0,0.0,314,0.2857142857142857,1,1,1,0,LEGITIMATE
USER1140,3,2,10858.386862,3619.4622873333333,4418.23648,400.0,133.33333333333334,6.0,0,1200,3,3,3,0.6666666666666666,0.03683788440065988,0,0.0,823,0.10922330097087378,1,1,1,0,LEGITIMATE
USER1141,2,1,6075.8578019999995,3037.9289009999998,5706.94716,200.0,100.0,11.0,0,832,2,2,2,0.5,0.03291716273118928,0,0.0,748,0.0801068090787717,1,1,1,0,LEGITIMATE
USER1142,3,2,1588.479579,529.493193,928.42443,400.0,133.33333333333334,31.0,0,1794,3,3,3,0.6666666666666666,0.25181312072756584,0,0.0,993,0.09054325955734406,1,1,1,0,LEGITIMATE
USER1144,3,2,5304.50532,1768.1684400000001,2231.39587,400.0,133.33333333333334,24.666666666666668,0,1068,3,2,3,0.6666666666666666,0.07540759710275867,0,0.0,383,0.234375,1,1,1,0,LEGITIMATE
USER1145,3,0,3895.940417,1298.6468056666665,1858.807724,0.0,0.0,0.0,0,1316,3,3,1,0.0,0.0,0,0.0,1105,0.081374321880651,1,1,1,0,LEGITIMATE
USER1147,2,1,4968.848082,2484.424041,4544.333310000001,200.0,100.0,21.0,0,968,2,1,2,0.5,0.040250777785803916,0,0.0,936,0.064034151547492,1,1,1,0,LEGITIMATE
USER1148,1,0,3644.9315,3644.9315,3644.9315,0.0,0.0,0.0,0,550,1,1,1,0.0,0.0,0,0.0,0,30.0,1,1,1,0,LEGITIMATE
USER1149,7,2,19808.49487,2829.7849814285714,7369.8807,400.0,57.142857142857146,9.857142857142858,0,1675,7,3,4,0.2857142857142857,0.020193356568741664,0,0.0,1036,0.20250723240115717,1,1,1,0,LEGITIMATE
USER1150,4,4,6322.032015999999,1580.5080039999998,2330.0298,4405.67398522732,1101.41849630683,2.5,1,1468,4,3,2,1.0,0.6968762534067054,4,1.0,1150,0.10425716768027801,1,1,1,1,INDIVIDUAL_RETURN_ABUSE
USER1151,1,0,531.1012000000001,531.1012000000001,531.1012000000001,0.0,0.0,0.0,0,536,1,1,1,0.0,0.0,0,0.0,0,30.0,1,1,1,0,LEGITIMATE
USER1152,2,0,8216.63622,4108.31811,8029.6398,0.0,0.0,0.0,0,182,2,2,1,0.0,0.0,0,0.0,132,0.45112781954887216,1,1,1,0,LEGITIMATE
USER1154,5,1,8405.046681,1681.0093362,2677.42176,200.0,40.0,5.4,0,1617,5,4,4,0.2,0.023795227747171153,0,0.0,1105,0.13562386980108498,1,1,1,0,LEGITIMATE
USER1155,1,0,2658.9701159999995,2658.9701159999995,2658.9701159999995,0.0,0.0,0.0,0,180,1,1,1,0.0,0.0,0,0.0,0,30.0,1,1,1,0,LEGITIMATE
USER1156,1,1,273.144714,273.144714,273.144714,200.0,200.0,52.0,52,700,1,1,1,1.0,0.7322125955547505,0,0.0,0,30.0,1,1,1,0,LEGITIMATE
USER1158,2,1,545.393704,272.696852,465.327096,347.80415259203335,173.90207629601667,0.5,0,991,2,2,2,0.5,0.637712078524532,1,1.0,597,0.10033444816053512,1,1,1,1,INDIVIDUAL_RETURN_ABUSE
USER1159,3,1,6566.464591000001,2188.8215303333336,3863.456165,200.0,66.66666666666667,13.666666666666666,0,659,3,2,3,0.3333333333333333,0.030457790067751234,0,0.0,337,0.26627218934911245,1,1,1,0,LEGITIMATE
USER1160,3,1,4245.7927629999995,1415.2642543333332,2718.56178,200.0,66.66666666666667,14.0,0,1061,3,2,2,0.3333333333333333,0.04710545501488011,0,0.0,572,0.15706806282722513,1,1,1,0,LEGITIMATE
USER1161,2,2,5441.058358,2720.529179,2748.471448,400.0,200.0,15.5,8,278,2,2,2,1.0,0.073515109319105,0,0.0,226,0.2643171806167401,1,1,1,0,LEGITIMATE
USER1162,1,1,210.948873,210.948873,210.948873,200.0,200.0,17.0,17,739,1,1,1,1.0,0.9480970301272954,0,0.0,0,30.0,1,1,1,0,LEGITIMATE
USER1163,1,0,3353.27304,3353.27304,3353.27304,0.0,0.0,0.0,0,414,1,1,1,0.0,0.0,0,0.0,0,30.0,1,1,1,0,LEGITIMATE
USER1164,3,1,5829.876598000001,1943.2921993333337,1980.938934,200.0,66.66666666666667,10.0,0,803,3,3,2,0.3333333333333333,0.03430604347073351,0,0.0,474,0.18947368421052632,1,1,1,0,LEGITIMATE
USER1165,4,3,10841.411958,2710.3529895,5655.92648,1878.50894561888,469.62723640472,14.25,0,596,4,2,3,0.75,0.17327161378022418,1,0.3333333333333333,538,0.22263450834879406,5,1,5,1,COORDINATED_RETURN_ABUSE
USER1166,1,0,334.249162,334.249162,334.249162,0.0,0.0,0.0,0,859,1,1,1,0.0,0.0,0,0.0,0,30.0,1,1,1,0,LEGITIMATE
USER1167,4,1,7716.85872,1929.21468,4543.186656,200.0,50.0,7.0,0,1035,4,2,3,0.25,0.025917281533437222,0,0.0,523,0.22900763358778625,1,1,1,0,LEGITIMATE
USER1168,1,0,2006.550728,2006.550728,2006.550728,0.0,0.0,0.0,0,77,1,1,1,0.0,0.0,0,0.0,0,30.0,1,1,1,0,LEGITIMATE
USER1169,4,1,6458.831609999999,1614.7079024999998,3269.638192,200.0,50.0,3.0,0,1004,4,2,3,0.25,0.030965352880596313,0,0.0,381,0.31413612565445026,1,1,1,0,LEGITIMATE
USER1170,5,3,15166.005638999999,3033.2011278,4490.231129999999,600.0,120.0,21.2,0,1102,5,3,3,0.6,0.039562163847353164,0,0.0,855,0.17523364485981308,1,1,1,0,LEGITIMATE
USER1171,3,2,2475.467829,825.1559430000001,1116.322872,400.0,133.33333333333334,23.666666666666668,0,758,3,1,2,0.6666666666666666,0.16158561840877794,0,0.0,468,0.19189765458422176,1,1,1,0,LEGITIMATE
USER1172,3,2,5362.752132,1787.584044,2168.029584,0.0,0.0,0.0,0,1419,3,3,2,0.6666666666666666,0.0,2,1.0,531,0.16917293233082706,1,1,1,0,HIGH_RETURN_LEGITIMATE
USER1173,2,0,10089.278793,5044.6393965,5798.806848,0.0,0.0,0.0,0,849,2,2,2,0.0,0.0,0,0.0,495,0.12096774193548387,1,1,1,0,LEGITIMATE
USER1174,2,1,2098.949448,1049.474724,1535.343984,200.0,100.0,20.0,0,559,2,2,2,0.5,0.09528576316622182,0,0.0,28,2.0689655172413794,1,1,1,0,LEGITIMATE
USER1175,1,1,3387.13824,3387.13824,3387.13824,200.0,200.0,10.0,10,11,1,1,1,1.0,0.05904689617864548,0,0.0,0,30.0,1,1,1,0,LEGITIMATE
USER1176,3,3,4142.842855000001,1380.9476183333336,3548.5519890000005,400.0,133.33333333333334,12.333333333333334,0,1540,3,3,2,1.0,0.09655205712599976,2,0.6666666666666666,715,0.12569832402234637,1,1,1,0,HIGH_RETURN_LEGITIMATE
USER1177,4,2,6987.391893999999,1746.8479734999999,4592.713889999999,400.0,100.0,14.0,0,568,4,4,3,0.5,0.05724596617279701,1,0.5,525,0.22813688212927757,1,1,1,0,LEGITIMATE
USER1178,1,0,1050.374,1050.374,1050.374,0.0,0.0,0.0,0,820,1,1,1,0.0,0.0,0,0.0,0,30.0,1,1,1,0,LEGITIMATE
USER1179,2,1,8474.456064,4237.228032,7151.28936,200.0,100.0,28.5,0,824,2,2,2,0.5,0.023600334757721154,0,0.0,33,1.7647058823529411,1,1,1,0,LEGITIMATE
USER1180,4,3,9925.508376000002,2481.3770940000004,6831.365285000001,600.0,150.0,40.25,0,1599,4,3,3,0.75,0.060450304132613215,0,0.0,987,0.1214574898785425,1,1,1,0,LEGITIMATE
USER1181,3,0,5780.771302,1926.9237673333334,2878.56144,0.0,0.0,0.0,0,1099,3,2,2,0.0,0.0,0,0.0,515,0.1744186046511628,1,1,1,0,LEGITIMATE
USER1182,1,0,3669.000759000001,3669.000759000001,3669.000759000001,0.0,0.0,0.0,0,898,1,1,1,0.0,0.0,0,0.0,0,30.0,1,1,1,0,LEGITIMATE
USER1183,2,0,3358.827972,1679.413986,2465.997696,0.0,0.0,0.0,0,495,2,1,2,0.0,0.0,0,0.0,22,2.608695652173913,1,1,1,0,LEGITIMATE
USER1184,1,0,2091.8464,2091.8464,2091.8464,0.0,0.0,0.0,0,616,1,1,1,0.0,0.0,0,0.0,0,30.0,1,1,1,0,LEGITIMATE
USER1185,2,0,2837.904444,1418.952222,1990.22784,0.0,0.0,0.0,0,789,2,1,2,0.0,0.0,0,0.0,3,15.0,1,1,1,0,LEGITIMATE
USER1186,3,1,5692.5998500000005,1897.5332833333334,2529.237216,200.0,66.66666666666667,8.666666666666666,0,1575,3,2,2,0.3333333333333333,0.0351333319168745,0,0.0,857,0.1048951048951049,1,1,1,0,LEGITIMATE
USER1187,1,0,3518.82936,3518.82936,3518.82936,0.0,0.0,0.0,0,436,1,1,1,0.0,0.0,0,0.0,0,30.0,1,1,1,0,LEGITIMATE
USER1188,2,1,3635.1870360000003,1817.5935180000001,1878.132396,200.0,100.0,6.5,0,922,2,2,2,0.5,0.05501780184055431,0,0.0,80,0.7407407407407407,1,1,1,0,LEGITIMATE
USER1189,5,0,11550.998646,2310.1997292,4604.797156,0.0,0.0,0.0,0,1342,5,2,3,0.0,0.0,0,0.0,1176,0.1274426508071368,1,1,1,0,LEGITIMATE
USER1190,4,0,3936.787582,984.1968955,2112.145384,0.0,0.0,0.0,0,1281,4,4,2,0.0,0.0,0,0.0,1221,0.09819967266775777,1,1,1,0,LEGITIMATE
USER1191,2,0,8306.137009999999,4153.068504999999,5935.822129999999,0.0,0.0,0.0,0,563,2,1,2,0.0,0.0,0,0.0,164,0.36363636363636365,1,1,1,0,LEGITIMATE
USER1192,3,3,8207.446386,2735.815462,5858.293139999999,4117.187348575946,1372.3957828586488,3.6666666666666665,2,347,3,1,2,1.0,0.5016404804786679,3,1.0,185,0.4838709677419355,1,1,1,1,INDIVIDUAL_RETURN_ABUSE
USER1193,4,0,9712.908051999999,2428.2270129999997,5063.10352,0.0,0.0,0.0,0,934,4,3,3,0.0,0.0,0,0.0,707,0.1694915254237288,1,1,1,0,LEGITIMATE
USER1194,5,0,19694.197525,3938.839505,7602.50816,0.0,0.0,0.0,0,1624,5,3,4,0.0,0.0,0,0.0,1081,0.13863216266173753,1,1,1,0,LEGITIMATE
USER1195,4,1,6477.8247599999995,1619.4561899999999,3072.983745,200.0,50.0,7.0,0,969,4,3,2,0.25,0.03087456166381383,0,0.0,959,0.125,1,1,1,0,LEGITIMATE
USER1196,4,0,18970.479333,4742.61983325,8943.372239999999,0.0,0.0,0.0,0,1444,4,2,2,0.0,0.0,0,0.0,1075,0.11152416356877323,1,1,1,0,LEGITIMATE
USER1197,3,0,10947.798614,3649.2662046666665,6055.75976,0.0,0.0,0.0,0,1415,3,3,3,0.0,0.0,0,0.0,859,0.10465116279069768,1,1,1,0,LEGITIMATE
USER1198,2,1,2980.6097760000002,1490.3048880000001,1499.191152,862.2769292482475,431.13846462412374,3.0,0,946,2,2,2,0.5,0.28929547778824954,0,0.0,568,0.1054481546572935,3,3,3,1,COORDINATED_RETURN_ABUSE
USER1199,4,1,9051.793208,2262.948302,3338.247585,200.0,50.0,2.5,0,910,4,1,3,0.25,0.02209506949664288,0,0.0,699,0.17142857142857143,1,1,1,0,LEGITIMATE
USER1200,1,0,1125.4023,1125.4023,1125.4023,0.0,0.0,0.0,0,237,1,1,1,0.0,0.0,0,0.0,0,30.0,1,1,1,0,LEGITIMATE
USER1201,4,1,7932.384185000001,1983.0960462500002,2872.3735550000006,200.0,50.0,7.75,0,854,4,2,2,0.25,0.025213100542734238,0,0.0,317,0.37735849056603776,1,1,1,0,LEGITIMATE
USER1202,1,0,2338.275174,2338.275174,2338.275174,0.0,0.0,0.0,0,611,1,1,1,0.0,0.0,0,0.0,0,30.0,1,1,1,0,LEGITIMATE
USER1203,2,1,6695.596008000001,3347.7980040000007,5314.781076000001,200.0,100.0,26.0,0,695,2,2,1,0.5,0.029870380435294618,0,0.0,588,0.10186757215619695,1,1,1,0,LEGITIMATE
USER1204,3,1,5596.705108,1865.5683693333333,3264.099,1050.046327451516,350.0154424838386,1.0,0,1445,3,1,2,0.3333333333333333,0.18761866262179272,1,1.0,910,0.09879253567508232,1,1,1,1,INDIVIDUAL_RETURN_ABUSE
USER1206,2,1,1264.2828359999994,632.1414179999997,1124.0308199999995,200.0,100.0,28.5,0,803,2,2,2,0.5,0.15819245053802194,0,0.0,316,0.1892744479495268,1,1,1,0,LEGITIMATE
USER1207,2,1,4925.643096,2462.821548,3572.9593560000003,200.0,100.0,2.5,0,170,2,2,2,0.5,0.04060383509361759,1,1.0,40,1.4634146341463414,1,1,1,0,LEGITIMATE
USER1208,2,1,5478.963412,2739.481706,3313.586632,200.0,100.0,29.0,0,667,2,2,2,0.5,0.03650325526211052,0,0.0,397,0.1507537688442211,1,1,1,0,LEGITIMATE
USER1209,3,1,7292.802264999999,2430.934088333333,3257.1987039999995,200.0,66.66666666666667,3.6666666666666665,0,883,3,3,3,0.3333333333333333,0.027424300389968136,0,0.0,826,0.10882708585247884,1,1,1,0,LEGITIMATE
USER1210,1,0,4091.236288,4091.236288,4091.236288,0.0,0.0,0.0,0,43,1,1,1,0.0,0.0,0,0.0,0,30.0,1,1,1,0,LEGITIMATE
USER1211,3,0,7236.861405000001,2412.287135,3512.9039850000004,0.0,0.0,0.0,0,944,3,3,2,0.0,0.0,0,0.0,940,0.09564293304994687,1,1,1,0,LEGITIMATE
USER1212,2,1,6512.22124,3256.11062,4887.5736,200.0,100.0,30.0,0,1394,2,1,2,0.5,0.030711487314273124,0,0.0,526,0.11385199240986717,1,1,1,0,LEGITIMATE
USER1213,5,3,11954.721989,2390.9443978,4996.82843,600.0,120.0,14.4,0,1094,5,3,3,0.6,0.05018937291491037,0,0.0,782,0.19157088122605365,1,1,1,0,LEGITIMATE
USER1214,2,1,3113.867448,1556.933724,2335.043448,200.0,100.0,4.5,0,466,2,1,2,0.5,0.06422880978073027,0,0.0,192,0.31088082901554404,1,1,1,0,LEGITIMATE
USER1215,5,1,14964.030515999999,2992.8061031999996,5906.103168,200.0,40.0,2.2,0,1181,5,4,3,0.2,0.013365383062147186,0,0.0,838,0.17878426698450536,1,1,1,0,LEGITIMATE
USER1216,5,1,14421.338134,2884.2676268,6904.540223999999,200.0,40.0,3.4,0,984,5,4,3,0.2,0.013868338578684076,0,0.0,356,0.42016806722689076,1,1,1,0,LEGITIMATE
USER1217,3,1,6021.523203,2007.174401,3621.424608,200.0,66.66666666666667,18.0,0,689,3,2,2,0.3333333333333333,0.03321418738374328,0,0.0,438,0.20501138952164008,1,1,1,0,LEGITIMATE
USER1218,2,1,2186.5548179999996,1093.2774089999998,1546.0603079999998,769.2907354962523,384.64536774812615,2.5,0,678,2,2,1,0.5,0.3518277836729051,1,1.0,491,0.12195121951219512,1,1,1,1,INDIVIDUAL_RETURN_ABUSE
USER1219,3,0,4228.523757999999,1409.5079193333331,3129.689736,0.0,0.0,0.0,0,1601,3,2,2,0.0,0.0,0,0.0,996,0.09027081243731194,1,1,1,0,LEGITIMATE
USER1220,3,0,13022.283950000001,4340.761316666667,7426.366550000001,0.0,0.0,0.0,0,974,3,3,3,0.0,0.0,0,0.0,297,0.30201342281879195,1,1,1,0,LEGITIMATE
USER1221,4,2,6958.77274,1739.693185,2691.2305560000004,400.0,100.0,13.0,0,1844,4,2,3,0.5,0.05748140008952211,0,0.0,1157,0.10362694300518134,1,1,1,0,LEGITIMATE
USER1223,3,0,5053.886848,1684.6289493333334,3270.831104,0.0,0.0,0.0,0,1387,3,2,3,0.0,0.0,0,0.0,984,0.09137055837563451,1,1,1,0,LEGITIMATE
USER1224,1,0,381.865968,381.865968,381.865968,0.0,0.0,0.0,0,831,1,1,1,0.0,0.0,0,0.0,0,30.0,1,1,1,0,LEGITIMATE
USER1225,4,3,12563.86684,3140.96671,4741.832875,200.0,50.0,12.5,0,1131,4,3,3,0.75,0.015918666008402235,2,0.6666666666666666,515,0.23255813953488372,1,1,1,0,HIGH_RETURN_LEGITIMATE
USER1226,4,3,12887.012614,3221.7531535,5032.503376,5337.425716009922,1334.3564290024806,1.75,0,1901,4,2,3,0.75,0.41417090802033746,3,1.0,1264,0.09486166007905138,1,1,1,1,INDIVIDUAL_RETURN_ABUSE
USER1227,2,0,6796.334785999999,3398.1673929999997,5174.828672,0.0,0.0,0.0,0,314,2,2,1,0.0,0.0,0,0.0,173,0.3448275862068966,1,1,1,0,LEGITIMATE
USER1228,3,1,9563.294639000002,3187.764879666667,5887.226140000001,200.0,66.66666666666667,11.333333333333334,0,1027,3,3,3,0.3333333333333333,0.02091329479532937,0,0.0,274,0.32727272727272727,1,1,1,0,LEGITIMATE
USER1230,2,1,1026.5965589999998,513.2982794999999,802.4800479999999,200.0,100.0,30.0,0,569,2,2,2,0.5,0.19481849831526665,0,0.0,88,0.6741573033707865,1,1,1,0,LEGITIMATE
USER1231,4,2,13939.353323,3484.83833075,4937.187315,400.0,100.0,16.75,0,751,4,2,3,0.5,0.028695735787111307,0,0.0,671,0.17857142857142858,1,1,1,0,LEGITIMATE
USER1232,3,0,5833.384286,1944.4614286666667,2345.683038,0.0,0.0,0.0,0,1398,3,2,3,0.0,0.0,0,0.0,970,0.09268795056642637,1,1,1,0,LEGITIMATE
USER1233,2,0,3114.729545,1557.3647725,2289.22742,0.0,0.0,0.0,0,1293,2,2,1,0.0,0.0,0,0.0,684,0.08759124087591241,1,1,1,0,LEGITIMATE
USER1234,2,1,7311.156000000001,3655.5780000000004,3804.61762,200.0,100.0,11.5,0,655,2,1,2,0.5,0.027355455142798208,0,0.0,149,0.4,1,1,1,0,LEGITIMATE
USER1235,3,2,6818.7029139999995,2272.900971333333,4968.072824,200.0,66.66666666666667,9.666666666666666,0,889,3,3,3,0.6666666666666666,0.02933109163465162,1,0.5,460,0.19522776572668113,1,1,1,0,HIGH_RETURN_LEGITIMATE
USER1237,6,1,9072.148260000002,1512.0247100000004,5390.558944,200.0,33.333333333333336,7.833333333333333,0,1234,6,4,3,0.16666666666666666,0.02204549509864381,0,0.0,880,0.2043132803632236,1,1,1,0,LEGITIMATE
USER1238,2,2,1715.894292,857.947146,1443.44802,400.0,200.0,28.5,22,779,2,2,1,1.0,0.23311459328521386,0,0.0,95,0.625,1,1,1,0,LEGITIMATE
USER1239,2,1,8320.259328,4160.129664,4947.86464,200.0,100.0,7.5,0,531,2,2,2,0.5,0.024037712301459648,0,0.0,322,0.18575851393188855,1,1,1,0,LEGITIMATE
USER1240,1,1,2312.114544,2312.114544,2312.114544,200.0,200.0,13.0,13,483,1,1,1,1.0,0.08650090477524369,0,0.0,0,30.0,1,1,1,0,LEGITIMATE
USER1241,1,0,724.5953230000001,724.5953230000001,724.5953230000001,0.0,0.0,0.0,0,144,1,1,1,0.0,0.0,0,0.0,0,30.0,1,1,1,0,LEGITIMATE
USER1242,1,1,416.9330010000001,416.9330010000001,416.9330010000001,200.0,200.0,38.0,38,223,1,1,1,1.0,0.4796933788409806,0,0.0,0,30.0,1,1,1,0,LEGITIMATE
USER1243,2,0,2354.4705919999997,1177.2352959999998,1829.392602,0.0,0.0,0.0,0,868,2,2,1,0.0,0.0,0,0.0,244,0.24489795918367346,1,1,1,0,LEGITIMATE
USER1244,5,2,14921.290714,2984.2581428000003,6791.731640000001,400.0,80.0,10.4,0,1249,5,4,3,0.4,0.02680733239951537,0,0.0,417,0.3588516746411483,1,1,1,0,LEGITIMATE
USER1245,3,1,4695.0937300000005,1565.0312433333336,3339.822780000001,200.0,66.66666666666667,19.333333333333332,0,757,3,2,2,0.3333333333333333,0.042597658641417575,0,0.0,246,0.3643724696356275,1,1,1,0,LEGITIMATE
USER1246,3,1,3771.0740590000005,1257.0246863333334,1723.6103610000002,200.0,66.66666666666667,7.333333333333333,0,1830,3,2,2,0.3333333333333333,0.05303528832128936,0,0.0,985,0.09127789046653144,1,1,1,0,LEGITIMATE
USER1247,3,3,8345.967160000002,2781.989053333334,3574.757340000001,5367.902545794861,1789.300848598287,3.0,1,597,3,2,3,1.0,0.6431732168228254,3,1.0,121,0.7377049180327869,1,1,1,1,INDIVIDUAL_RETURN_ABUSE
USER1248,5,2,11685.449116,2337.0898232,5196.789918,400.0,80.0,10.0,0,2146,5,4,2,0.4,0.0342306056043931,0,0.0,1273,0.11773940345368916,1,1,1,0,LEGITIMATE
USER1249,6,5,12180.376955,2030.0628258333334,3365.8822319999995,8184.37653722074,1364.0627562034567,2.0,0,1799,5,4,3,0.8333333333333334,0.6719313012608434,5,1.0,901,0.19955654101995565,1,1,1,1,INDIVIDUAL_RETURN_ABUSE
USER1250,3,1,3066.922018,1022.3073393333334,1237.11223,200.0,66.66666666666667,19.666666666666668,0,966,3,3,2,0.3333333333333333,0.06521196131697665,0,0.0,766,0.11734028683181226,1,1,1,0,LEGITIMATE
USER1251,4,2,3344.836251,836.20906275,1896.369736,400.0,100.0,13.0,0,1467,4,3,2,0.5,0.11958731907441289,0,0.0,1211,0.09900990099009901,1,1,1,0,LEGITIMATE
USER1252,1,0,563.4604400000001,563.4604400000001,563.4604400000001,0.0,0.0,0.0,0,262,1,1,1,0.0,0.0,0,0.0,0,30.0,1,1,1,0,LEGITIMATE
USER1253,4,2,6723.409154000001,1680.8522885000002,3533.9299200000005,200.0,50.0,3.25,0,826,4,3,2,0.5,0.029746813769471803,1,0.5,620,0.1932367149758454,1,1,1,0,HIGH_RETURN_LEGITIMATE
USER1255,1,0,1178.978064,1178.978064,1178.978064,0.0,0.0,0.0,0,671,1,1,1,0.0,0.0,0,0.0,0,30.0,1,1,1,0,LEGITIMATE
USER1256,2,2,7253.261589,3626.6307945,3771.381879,400.0,200.0,23.5,7,1059,2,2,1,1.0,0.05514760430074984,0,0.0,495,0.12096774193548387,1,1,1,0,LEGITIMATE
USER1258,2,1,2667.338262,1333.669131,1526.1255780000004,200.0,100.0,9.5,0,697,2,2,2,0.5,0.07498111613711782,0,0.0,364,0.1643835616438356,1,1,1,0,LEGITIMATE
USER1259,1,0,344.997408,344.997408,344.997408,0.0,0.0,0.0,0,809,1,1,1,0.0,0.0,0,0.0,0,30.0,1,1,1,0,LEGITIMATE
USER1260,1,0,1286.841984,1286.841984,1286.841984,0.0,0.0,0.0,0,488,1,1,1,0.0,0.0,0,0.0,0,30.0,1,1,1,0,LEGITIMATE
USER1261,1,1,6908.891600000001,6908.891600000001,6908.891600000001,3652.86126950213,3652.86126950213,5.0,5,251,1,1,1,1.0,0.5287188569440183,1,1.0,0,30.0,3,3,2,1,COORDINATED_RETURN_ABUSE
USER1262,3,3,6817.303628,2272.4345426666664,3710.57696,600.0,200.0,29.666666666666668,16,1020,3,2,2,1.0,0.08801133596803326,0,0.0,380,0.23622047244094488,1,1,1,0,LEGITIMATE
USER1263,3,2,2237.652492,745.884164,1056.88794,0.0,0.0,0.0,0,1325,3,2,2,0.6666666666666666,0.0,2,1.0,597,0.1505016722408027,1,1,1,0,HIGH_RETURN_LEGITIMATE
USER1264,4,2,12475.313879999998,3118.8284699999995,4688.97944,400.0,100.0,12.5,0,1165,4,2,3,0.5,0.03206332152021173,0,0.0,845,0.14184397163120568,1,1,1,0,LEGITIMATE
USER1265,4,1,15760.604510000001,3940.1511275000003,7037.9325,200.0,50.0,9.5,0,1928,4,3,3,0.25,0.012689868581696934,0,0.0,1214,0.09876543209876543,1,1,1,0,LEGITIMATE
USER1266,4,3,17141.946750000003,4285.486687500001,6080.157000000001,600.0,150.0,28.0,0,843,4,4,3,0.75,0.03500185881746482,0,0.0,657,0.182370820668693,1,1,1,0,LEGITIMATE
USER1267,1,1,5413.4582040000005,5413.4582040000005,5413.4582040000005,200.0,200.0,25.0,25,56,1,1,1,1.0,0.0369449605895581,0,0.0,0,30.0,1,1,1,0,LEGITIMATE
USER1268,3,1,4263.3002559999995,1421.1000853333333,2606.047976,200.0,66.66666666666667,4.0,0,1593,3,2,2,0.3333333333333333,0.046912013696086254,0,0.0,918,0.09793253536452666,1,1,1,0,LEGITIMATE
USER1269,4,1,15993.361267,3998.34031675,5286.24173,200.0,50.0,7.5,0,1172,4,3,3,0.25,0.012505188663040534,0,0.0,670,0.17883755588673622,1,1,1,0,LEGITIMATE
USER1270,6,1,7129.575344,1188.2625573333332,2434.25169,200.0,33.333333333333336,3.1666666666666665,0,1156,6,4,3,0.16666666666666666,0.02805216164358414,0,0.0,1021,0.1761252446183953,1,1,1,0,LEGITIMATE
USER1271,3,1,9815.184762,3271.728254,5270.847744,200.0,66.66666666666667,11.666666666666666,0,730,3,1,2,0.3333333333333333,0.020376590441201926,0,0.0,645,0.1393188854489164,1,1,1,0,LEGITIMATE
USER1272,1,0,4188.472002,4188.472002,4188.472002,0.0,0.0,0.0,0,254,1,1,1,0.0,0.0,0,0.0,0,30.0,1,1,1,0,LEGITIMATE
USER1273,4,1,12084.23246,3021.058115,9391.19948,200.0,50.0,11.75,0,1421,4,3,3,0.25,0.016550492607786196,0,0.0,644,0.18604651162790697,1,1,1,0,LEGITIMATE
USER1274,4,3,8550.811016,2137.702754,3603.6723,0.0,0.0,0.0,0,2011,4,2,3,0.75,0.0,3,1.0,1169,0.10256410256410256,1,1,1,0,HIGH_RETURN_LEGITIMATE
USER1275,1,1,2900.2227120000007,2900.2227120000007,2900.2227120000007,200.0,200.0,45.0,45,167,1,1,1,1.0,0.06896022128661958,0,0.0,0,30.0,1,1,1,0,LEGITIMATE
USER1276,2,0,3706.042864,1853.021432,2675.37528,0.0,0.0,0.0,0,1310,2,1,2,0.0,0.0,0,0.0,518,0.11560693641618497,1,1,1,0,LEGITIMATE
USER1277,2,1,3311.451274,1655.725637,2978.10744,200.0,100.0,3.5,0,992,2,2,2,0.5,0.0603964798063944,0,0.0,485,0.12345679012345678,1,1,1,0,LEGITIMATE
USER1278,2,1,3380.2370960000007,1690.1185480000004,2009.0643000000005,200.0,100.0,16.5,0,98,2,2,2,0.5,0.059167447229269726,0,0.0,34,1.7142857142857142,1,1,1,0,LEGITIMATE
USER1279,3,2,2710.071683,903.3572276666667,1367.5243160000002,400.0,133.33333333333334,4.333333333333333,0,1748,3,2,2,0.6666666666666666,0.14759757186836006,0,0.0,1241,0.07246376811594203,1,1,1,0,LEGITIMATE
USER1280,4,2,13197.58288,3299.39572,6978.184,400.0,100.0,15.75,0,1389,4,3,4,0.5,0.030308580263297427,0,0.0,660,0.1815431164901664,1,1,1,0,LEGITIMATE
USER1281,3,2,4747.259339,1582.4197796666667,2318.330223,400.0,133.33333333333334,6.666666666666667,0,845,3,3,2,0.6666666666666666,0.08425914226212447,0,0.0,701,0.1282051282051282,1,1,1,0,HIGH_RETURN_LEGITIMATE
USER1282,3,2,2201.949584,733.9831946666667,1461.172242,400.0,133.33333333333334,31.333333333333332,0,1486,3,2,3,0.6666666666666666,0.18165720182992165,0,0.0,592,0.15177065767284992,1,1,1,0,LEGITIMATE
USER1283,1,0,4828.824008,4828.824008,4828.824008,0.0,0.0,0.0,0,232,1,1,1,0.0,0.0,0,0.0,0,30.0,1,1,1,0,LEGITIMATE
USER1284,3,2,5679.923382,1893.307794,3355.19856,200.0,66.66666666666667,9.0,0,889,3,2,3,0.6666666666666666,0.035211742579805104,1,0.5,169,0.5294117647058824,1,1,1,0,HIGH_RETURN_LEGITIMATE
USER1285,1,0,3282.2833680000003,3282.2833680000003,3282.2833680000003,0.0,0.0,0.0,0,715,1,1,1,0.0,0.0,0,0.0,0,30.0,1,1,1,0,LEGITIMATE
USER1286,5,2,5868.2668109999995,1173.6533622,1613.392326,0.0,0.0,0.0,0,1115,5,4,4,0.4,0.0,2,1.0,654,0.22900763358778625,1,1,1,0,HIGH_RETURN_LEGITIMATE
USER1287,6,4,6130.915516999999,1021.8192528333333,2099.458725,800.0,133.33333333333334,24.0,0,987,6,2,4,0.6666666666666666,0.13048622147568895,0,0.0,785,0.22900763358778625,1,1,1,0,LEGITIMATE
USER1288,3,1,6332.702144000001,2110.9007146666668,3321.594054,200.0,66.66666666666667,14.666666666666666,0,1032,3,2,2,0.3333333333333333,0.03158209488653948,0,0.0,556,0.1615798922800718,1,1,1,0,LEGITIMATE
USER1289,1,0,4621.65735,4621.65735,4621.65735,0.0,0.0,0.0,0,686,1,1,1,0.0,0.0,0,0.0,0,30.0,1,1,1,0,LEGITIMATE
USER1290,5,1,8971.263892,1794.2527784000001,4037.05076,200.0,40.0,4.8,0,1419,5,3,3,0.2,0.02229340284799193,0,0.0,1060,0.1413760603204524,1,1,1,0,LEGITIMATE
USER1291,1,0,1359.074829,1359.074829,1359.074829,0.0,0.0,0.0,0,407,1,1,1,0.0,0.0,0,0.0,0,30.0,1,1,1,0,LEGITIMATE
USER1292,2,2,6954.551126,3477.275563,6691.8487700000005,400.0,200.0,37.5,16,1114,2,2,1,1.0,0.05751629296455617,0,0.0,698,0.08583690987124463,1,1,1,0,LEGITIMATE
USER1293,2,2,5496.169226,2748.084613,2961.67505,3737.8010641195247,1868.9005320597623,1.5,1,1279,2,2,2,1.0,0.6800738678928596,2,1.0,637,0.09404388714733543,1,1,1,1,INDIVIDUAL_RETURN_ABUSE
USER1294,2,0,10724.877330000001,5362.438665000001,9212.29353,0.0,0.0,0.0,0,1196,2,2,2,0.0,0.0,0,0.0,868,0.06904487917146145,1,1,1,0,LEGITIMATE
USER1295,4,0,9301.773735,2325.44343375,4676.7289,0.0,0.0,0.0,0,1312,4,3,3,0.0,0.0,0,0.0,1118,0.10723860589812333,1,1,1,0,LEGITIMATE
USER1296,3,2,3400.6212419999997,1133.5404139999998,1678.11,400.0,133.33333333333334,9.0,0,925,3,2,2,0.6666666666666666,0.11762556648759534,1,0.5,300,0.29900332225913623,1,1,1,0,LEGITIMATE
USER1297,2,2,4017.024206,2008.512103,2058.684966,400.0,200.0,19.5,16,1163,2,2,2,1.0,0.09957619857070883,0,0.0,434,0.13793103448275862,1,1,1,0,LEGITIMATE
USER1298,3,1,7610.176018,2536.7253393333335,5658.66345,200.0,66.66666666666667,3.0,0,1432,3,3,3,0.3333333333333333,0.02628060106979775,0,0.0,822,0.10935601458080195,1,1,1,0,LEGITIMATE
USER1299,3,1,6913.938466,2304.6461553333334,2843.800992,0.0,0.0,0.0,0,1817,3,2,3,0.3333333333333333,0.0,1,1.0,928,0.0968783638320775,1,1,1,0,HIGH_RETURN_LEGITIMATE
USER1300,3,3,4059.8073609999997,1353.2691203333331,1915.19952,1980.1830866131274,660.0610288710425,5.333333333333333,3,926,3,2,2,1.0,0.487752967206152,1,0.3333333333333333,101,0.8823529411764706,5,4,1,1,COORDINATED_RETURN_ABUSE
USER1301,1,1,4285.795340000001,4285.795340000001,4285.795340000001,200.0,200.0,34.0,34,634,1,1,1,1.0,0.046665784092247385,0,0.0,0,30.0,1,1,1,0,LEGITIMATE
USER1302,3,2,12165.332540000001,4055.110846666667,7032.729120000001,400.0,133.33333333333334,27.333333333333332,0,1355,3,3,3,0.6666666666666666,0.032880317795242114,0,0.0,942,0.09544008483563096,1,1,1,0,LEGITIMATE
USER1303,3,1,4253.487256,1417.8290853333335,1892.692648,0.0,0.0,0.0,0,1258,3,3,2,0.3333333333333333,0.0,1,1.0,680,0.13215859030837004,1,1,1,0,HIGH_RETURN_LEGITIMATE
USER1304,5,0,11042.417180999999,2208.4834361999997,4325.386444999999,0.0,0.0,0.0,0,1376,5,4,3,0.0,0.0,0,0.0,904,0.16574585635359115,1,1,1,0,LEGITIMATE
USER1305,1,0,1576.177218,1576.177218,1576.177218,0.0,0.0,0.0,0,99,1,1,1,0.0,0.0,0,0.0,0,30.0,1,1,1,0,LEGITIMATE
USER1306,2,0,3588.45947,1794.229735,2917.38985,0.0,0.0,0.0,0,817,2,1,2,0.0,0.0,0,0.0,176,0.3389830508474576,1,1,1,0,LEGITIMATE
USER1307,1,0,4001.526056,4001.526056,4001.526056,0.0,0.0,0.0,0,449,1,1,1,0.0,0.0,0,0.0,0,30.0,1,1,1,0,LEGITIMATE
USER1308,2,2,6665.995124,3332.997562,5735.277908,400.0,200.0,43.5,39,49,2,2,1,1.0,0.06000604449287023,0,0.0,4,12.0,1,1,1,0,LEGITIMATE
USER1309,2,0,12091.943044,6045.971522,6594.034924,0.0,0.0,0.0,0,1551,2,1,1,0.0,0.0,0,0.0,811,0.07389162561576355,1,1,1,0,LEGITIMATE
USER1310,4,2,5360.585337,1340.14633425,2388.5812880000003,400.0,100.0,10.75,0,1732,4,3,2,0.5,0.07461871695971473,0,0.0,1248,0.09607686148919135,1,1,1,0,LEGITIMATE
USER1311,3,2,4056.285312,1352.095104,1999.700136,400.0,133.33333333333334,26.333333333333332,0,597,3,3,3,0.6666666666666666,0.09861239267776635,0,0.0,555,0.1618705035971223,1,1,1,0,LEGITIMATE
USER1312,3,2,9483.850140999999,3161.283380333333,5616.952704999999,0.0,0.0,0.0,0,483,3,1,2,0.6666666666666666,0.0,2,1.0,442,0.20316027088036118,1,1,1,0,HIGH_RETURN_LEGITIMATE
USER1313,1,1,368.755158,368.755158,368.755158,200.0,200.0,48.0,48,274,1,1,1,1.0,0.5423652948604993,0,0.0,0,30.0,1,1,1,0,LEGITIMATE
USER1314,2,0,4372.057766,2186.028883,2665.0008,0.0,0.0,0.0,0,1136,2,1,2,0.0,0.0,0,0.0,396,0.15113350125944586,1,1,1,0,LEGITIMATE
USER1315,1,1,601.2710059999998,601.2710059999998,601.2710059999998,200.0,200.0,32.0,32,375,1,1,1,1.0,0.33262871151981016,0,0.0,0,30.0,1,1,1,0,LEGITIMATE
USER1316,1,0,2639.419156,2639.419156,2639.419156,0.0,0.0,0.0,0,250,1,1,1,0.0,0.0,0,0.0,0,30.0,1,1,1,0,LEGITIMATE
USER1317,2,1,2586.100856,1293.050428,1687.62636,200.0,100.0,4.5,0,687,2,2,2,0.5,0.0773365043114931,0,0.0,131,0.45454545454545453,1,1,1,0,LEGITIMATE
USER1318,4,2,7792.762298,1948.1905745,3443.76536,400.0,100.0,11.5,0,437,4,3,2,0.5,0.05132968063232974,0,0.0,370,0.32345013477088946,1,1,1,0,LEGITIMATE
USER1319,5,3,13712.414551,2742.4829102,5645.95511,600.0,120.0,22.0,0,1024,5,4,2,0.6,0.04375597002033781,0,0.0,719,0.20833333333333334,1,1,1,0,LEGITIMATE
USER1320,1,0,2393.246156,2393.246156,2393.246156,0.0,0.0,0.0,0,396,1,1,1,0.0,0.0,0,0.0,0,30.0,1,1,1,0,LEGITIMATE
USER1321,1,0,1308.3375,1308.3375,1308.3375,0.0,0.0,0.0,0,549,1,1,1,0.0,0.0,0,0.0,0,30.0,1,1,1,0,LEGITIMATE
USER1322,3,0,7691.328244,2563.7760813333334,2981.1976480000003,0.0,0.0,0.0,0,1809,3,3,2,0.0,0.0,0,0.0,997,0.09018036072144289,1,1,1,0,LEGITIMATE
USER1323,1,0,2163.505452,2163.505452,2163.505452,0.0,0.0,0.0,0,893,1,1,1,0.0,0.0,0,0.0,0,30.0,1,1,1,0,LEGITIMATE
USER1325,1,1,971.81101,971.81101,971.81101,200.0,200.0,7.0,7,550,1,1,1,1.0,0.20580133168073492,0,0.0,0,30.0,1,1,1,0,LEGITIMATE
USER1326,4,1,10345.823360999999,2586.4558402499997,4208.63718,200.0,50.0,10.75,0,1314,4,2,3,0.25,0.019331472520005267,0,0.0,1060,0.11310084825636192,1,1,1,0,LEGITIMATE
USER1327,1,0,878.6958880000002,878.6958880000002,878.6958880000002,0.0,0.0,0.0,0,702,1,1,1,0.0,0.0,0,0.0,0,30.0,1,1,1,0,LEGITIMATE
USER1328,4,1,13837.59228,3459.39807,5582.1696,200.0,50.0,5.75,0,1052,4,2,3,0.25,0.01445338148090023,0,0.0,828,0.14475271411338964,1,1,1,0,LEGITIMATE
USER1329,1,0,4773.453056,4773.453056,4773.453056,0.0,0.0,0.0,0,34,1,1,1,0.0,0.0,0,0.0,0,30.0,1,1,1,0,LEGITIMATE
USER1330,2,0,8508.569532,4254.284766,7118.661939999999,0.0,0.0,0.0,0,753,2,2,2,0.0,0.0,0,0.0,419,0.14285714285714285,1,1,1,0,LEGITIMATE
USER1331,2,1,2698.751445,1349.3757225,1689.454149,200.0,100.0,10.5,0,1081,2,2,2,0.5,0.07410834383082655,0,0.0,537,0.11152416356877323,1,1,1,0,LEGITIMATE
USER1332,3,0,2868.031876,956.0106253333333,1333.504822,0.0,0.0,0.0,0,785,3,2,3,0.0,0.0,0,0.0,178,0.5027932960893855,1,1,1,0,LEGITIMATE
USER1333,2,0,8116.326834,4058.163417,6277.85961,0.0,0.0,0.0,0,880,2,2,2,0.0,0.0,0,0.0,823,0.07281553398058252,1,1,1,0,LEGITIMATE
USER1334,6,3,16411.16702,2735.1945033333336,5480.262912,600.0,100.0,12.833333333333334,0,820,6,4,3,0.5,0.036560471249167746,1,0.3333333333333333,808,0.22249690976514216,1,1,1,0,LEGITIMATE
USER1335,3,1,5872.892868,1957.630956,3405.95298,200.0,66.66666666666667,16.666666666666668,0,790,3,3,2,0.3333333333333333,0.03405476730041383,0,0.0,651,0.13803680981595093,1,1,1,0,LEGITIMATE
USER1336,3,2,3478.96416,1159.65472,3000.525,200.0,66.66666666666667,19.333333333333332,0,866,3,2,2,0.6666666666666666,0.057488376080310065,1,0.5,567,0.15845070422535212,1,1,1,0,HIGH_RETURN_LEGITIMATE
USER1337,2,2,4553.709508,2276.854754,3554.250192,400.0,200.0,23.0,5,1812,2,1,2,1.0,0.08784047363962857,1,0.5,943,0.0635593220338983,1,1,1,0,LEGITIMATE
USER1339,2,0,4776.284344,2388.142172,3269.85516,0.0,0.0,0.0,0,1014,2,2,1,0.0,0.0,0,0.0,764,0.0784313725490196,1,1,1,0,LEGITIMATE
USER1340,2,1,1405.7844300000002,702.8922150000001,925.72788,200.0,100.0,2.5,0,365,2,2,2,0.5,0.14226932361172898,1,1.0,47,1.25,1,1,1,0,LEGITIMATE
USER1341,5,1,11192.817438000002,2238.5634876000004,4514.085120000001,200.0,40.0,9.6,0,1842,5,4,3,0.2,0.017868601994792937,0,0.0,1115,0.13440860215053763,1,1,1,0,LEGITIMATE
USER1342,3,1,1483.586132,494.52871066666665,687.6674840000001,200.0,66.66666666666667,3.0,0,989,3,2,2,0.3333333333333333,0.13480848579406915,0,0.0,740,0.1214574898785425,1,1,1,0,LEGITIMATE
USER1343,2,1,6310.34047,3155.170235,6089.91647,200.0,100.0,19.0,0,525,2,2,2,0.5,0.03169401095722494,0,0.0,17,3.3333333333333335,1,1,1,0,LEGITIMATE
USER1344,1,0,7611.32827,7611.32827,7611.32827,0.0,0.0,0.0,0,56,1,1,1,0.0,0.0,0,0.0,0,30.0,1,1,1,0,LEGITIMATE
USER1345,2,0,4155.670174,2077.835087,3819.15025,0.0,0.0,0.0,0,1421,2,2,2,0.0,0.0,0,0.0,1055,0.056818181818181816,1,1,1,0,LEGITIMATE
USER1346,1,0,1824.862554,1824.862554,1824.862554,0.0,0.0,0.0,0,421,1,1,1,0.0,0.0,0,0.0,0,30.0,1,1,1,0,LEGITIMATE
USER1347,3,1,8875.105857999999,2958.368619333333,3192.1194,200.0,66.66666666666667,10.666666666666666,0,575,3,3,3,0.3333333333333333,0.022534942478429198,0,0.0,445,0.20179372197309417,1,1,1,0,LEGITIMATE
USER1348,6,6,12674.338527,2112.3897545,4278.497369999999,5421.49141157408,903.5819019290134,3.5,1,1525,6,4,2,1.0,0.42775340109661253,5,0.8333333333333334,984,0.18274111675126903,1,1,1,1,INDIVIDUAL_RETURN_ABUSE
USER1349,2,1,7891.823168,3945.911584,6787.68558,200.0,100.0,19.5,0,843,2,1,2,0.5,0.025342686441704114,0,0.0,440,0.1360544217687075,1,1,1,0,LEGITIMATE
USER1350,4,3,2862.120867,715.53021675,935.7162840000002,0.0,0.0,0.0,0,1189,4,3,3,0.75,0.0,3,1.0,1000,0.11988011988011989,1,1,1,0,HIGH_RETURN_LEGITIMATE
USER1351,1,0,1476.13811,1476.13811,1476.13811,0.0,0.0,0.0,0,280,1,1,1,0.0,0.0,0,0.0,0,30.0,1,1,1,0,LEGITIMATE
USER1354,2,2,10018.634394,5009.317197,7079.97225,400.0,200.0,38.0,34,1035,2,1,2,1.0,0.03992560106191255,0,0.0,418,0.1431980906921241,1,1,1,0,LEGITIMATE
USER1355,7,7,15629.277011,2232.753858714286,7292.31825,1200.0,171.42857142857142,37.0,0,1714,7,4,3,1.0,0.07677898338838265,1,0.14285714285714285,1121,0.18716577540106952,1,1,1,0,HIGH_RETURN_LEGITIMATE
USER1356,5,2,11299.071727999999,2259.8143456,5844.210644999999,200.0,40.0,5.6,0,937,5,4,3,0.4,0.017700569109972468,1,0.5,883,0.16968325791855204,1,1,1,0,HIGH_RETURN_LEGITIMATE
USER1357,2,1,5728.629816000001,2864.3149080000003,5260.20246,200.0,100.0,11.0,0,1361,2,1,1,0.5,0.03491236236654744,0,0.0,952,0.06295907660020986,1,1,1,0,LEGITIMATE
USER1358,1,1,1329.245624,1329.245624,1329.245624,200.0,200.0,46.0,46,800,1,1,1,1.0,0.15046128148848434,0,0.0,0,30.0,1,1,1,0,LEGITIMATE
USER1359,2,2,1919.1391559999997,959.5695779999999,1435.284522,400.0,200.0,23.0,13,834,2,2,1,1.0,0.208426782784062,0,0.0,145,0.410958904109589,1,1,1,0,LEGITIMATE
USER1360,1,0,444.426576,444.426576,444.426576,0.0,0.0,0.0,0,55,1,1,1,0.0,0.0,0,0.0,0,30.0,1,1,1,0,LEGITIMATE
USER1361,1,1,737.1100739999999,737.1100739999999,737.1100739999999,200.0,200.0,37.0,37,642,1,1,1,1.0,0.2713298963812561,0,0.0,0,30.0,1,1,1,0,LEGITIMATE
USER1362,2,0,3222.8813590000004,1611.4406795000002,2718.695344,0.0,0.0,0.0,0,1014,2,2,2,0.0,0.0,0,0.0,340,0.17595307917888564,1,1,1,0,LEGITIMATE
USER1363,5,2,12018.003043,2403.6006086,6925.536730000001,400.0,80.0,10.2,0,1806,5,3,4,0.4,0.033283399793527575,0,0.0,1074,0.13953488372093023,1,1,1,0,LEGITIMATE
USER1364,1,0,3152.339685000001,3152.339685000001,3152.339685000001,0.0,0.0,0.0,0,103,1,1,1,0.0,0.0,0,0.0,0,30.0,1,1,1,0,LEGITIMATE
USER1365,3,2,13773.591638,4591.197212666667,6861.68254,400.0,133.33333333333334,17.333333333333332,0,839,3,3,3,0.6666666666666666,0.029041081695528048,0,0.0,167,0.5357142857142857,1,1,1,0,LEGITIMATE
USER1366,3,0,16740.604256,5580.2014186666665,9013.045999999998,0.0,0.0,0.0,0,1011,3,2,3,0.0,0.0,0,0.0,330,0.2719033232628399,1,1,1,0,LEGITIMATE
USER1367,2,0,6630.073051,3315.0365255,3640.079547,0.0,0.0,0.0,0,564,2,1,2,0.0,0.0,0,0.0,77,0.7692307692307693,1,1,1,0,LEGITIMATE
USER1368,2,1,3663.412695,1831.7063475,2397.373155,200.0,100.0,15.0,0,1424,2,1,1,0.5,0.05459390373161329,0,0.0,939,0.06382978723404255,1,1,1,0,LEGITIMATE
USER1369,5,1,14226.009264,2845.2018528,4858.185345000001,200.0,40.0,6.0,0,1909,5,3,2,0.2,0.01405875648528609,0,0.0,1048,0.14299332697807435,1,1,1,0,LEGITIMATE
USER1370,5,1,14644.245321,2928.8490642,4296.9493600000005,200.0,40.0,1.0,0,837,5,3,4,0.2,0.013657241845928238,1,1.0,446,0.33557046979865773,1,1,1,0,LEGITIMATE
USER1371,2,1,3388.6393989999997,1694.3196994999998,2599.617524,200.0,100.0,6.0,0,174,2,2,2,0.5,0.05902073854745971,0,0.0,29,2.0,1,1,1,0,LEGITIMATE
USER1372,5,1,5994.717943,1198.9435885999999,2092.789968,200.0,40.0,4.0,0,1811,5,2,3,0.2,0.033362703950656915,0,0.0,917,0.16339869281045752,1,1,1,0,LEGITIMATE
USER1373,2,1,10279.694488000001,5139.8472440000005,7409.933928,200.0,100.0,4.0,0,257,2,1,2,0.5,0.019455831127420175,0,0.0,105,0.5660377358490566,1,1,1,0,LEGITIMATE
USER1375,1,0,3989.4624,3989.4624,3989.4624,0.0,0.0,0.0,0,375,1,1,1,0.0,0.0,0,0.0,0,30.0,1,1,1,0,LEGITIMATE
USER1376,3,0,11668.632294,3889.544098,6573.67245,0.0,0.0,0.0,0,1385,3,2,2,0.0,0.0,0,0.0,1046,0.08595988538681948,1,1,1,0,LEGITIMATE
USER1377,2,2,2743.3103960000003,1371.6551980000002,2455.654656,400.0,200.0,41.0,23,958,2,2,1,1.0,0.1458092385692982,0,0.0,359,0.16666666666666666,1,1,1,0,LEGITIMATE
USER1379,1,1,2860.7279040000003,2860.7279040000003,2860.7279040000003,1431.0140572896564,1431.0140572896564,4.0,4,804,1,1,1,1.0,0.5002272517035777,1,1.0,0,30.0,5,5,4,1,COORDINATED_RETURN_ABUSE
USER1380,2,1,1227.844202,613.922101,1054.76272,200.0,100.0,26.0,0,1334,2,2,1,0.5,0.1628871152172448,0,0.0,560,0.10695187165775401,1,1,1,0,LEGITIMATE
USER1381,6,2,14081.158114000002,2346.859685666667,5017.849200000001,400.0,66.66666666666667,14.833333333333334,0,896,6,4,4,0.3333333333333333,0.02840675438494689,0,0.0,643,0.2795031055900621,1,1,1,0,LEGITIMATE
USER1382,5,1,15704.886718,3140.9773436,5460.528144,200.0,40.0,8.4,0,819,5,1,4,0.2,0.012734889693331693,0,0.0,761,0.1968503937007874,1,1,1,0,LEGITIMATE
USER1384,2,0,6026.967684,3013.483842,5198.59514,0.0,0.0,0.0,0,1547,2,2,2,0.0,0.0,0,0.0,1090,0.054995417048579284,1,1,1,0,LEGITIMATE
USER1385,3,0,6192.86852,2064.2895066666665,3772.335488,0.0,0.0,0.0,0,1765,3,2,2,0.0,0.0,0,0.0,937,0.09594882729211088,1,1,1,0,LEGITIMATE
USER1386,1,0,421.679979,421.679979,421.679979,0.0,0.0,0.0,0,373,1,1,1,0.0,0.0,0,0.0,0,30.0,1,1,1,0,LEGITIMATE
USER1387,2,2,3038.776467,1519.3882335,2616.640389,1647.2959915110414,823.6479957555207,3.5,2,704,2,2,1,1.0,0.5420918614449179,2,1.0,267,0.22388059701492538,1,1,1,1,INDIVIDUAL_RETURN_ABUSE
USER1388,1,0,247.36535999999995,247.36535999999995,247.36535999999995,0.0,0.0,0.0,0,565,1,1,1,0.0,0.0,0,0.0,0,30.0,1,1,1,0,LEGITIMATE
USER1389,1,0,1005.430125,1005.430125,1005.430125,0.0,0.0,0.0,0,778,1,1,1,0.0,0.0,0,0.0,0,30.0,1,1,1,0,LEGITIMATE
USER1390,3,1,3166.568281,1055.5227603333333,1867.808673,200.0,66.66666666666667,11.666666666666666,0,1308,3,3,3,0.3333333333333333,0.06315985706041373,0,0.0,758,0.11857707509881422,1,1,1,0,LEGITIMATE
USER1391,3,1,9137.619756,3045.873252,4384.249707999999,200.0,66.66666666666667,13.333333333333334,0,1111,3,3,2,0.3333333333333333,0.021887538039506927,0,0.0,972,0.09249743062692703,1,1,1,0,LEGITIMATE
USER1393,3,0,2609.8375839999994,869.9458613333331,1745.9214799999995,0.0,0.0,0.0,0,1199,3,2,2,0.0,0.0,0,0.0,788,0.11406844106463879,1,1,1,0,LEGITIMATE
USER1394,2,0,4362.918612,2181.459306,4107.0116880000005,0.0,0.0,0.0,0,121,2,2,2,0.0,0.0,0,0.0,95,0.625,1,1,1,0,LEGITIMATE
USER1395,2,1,2480.3473,1240.17365,1741.04464,200.0,100.0,12.5,0,1658,2,2,2,0.5,0.08063386929725527,0,0.0,1127,0.05319148936170213,1,1,1,0,LEGITIMATE
USER1396,3,1,5174.172038000001,1724.7240126666668,1885.893968,200.0,66.66666666666667,8.666666666666666,0,1340,3,3,3,0.3333333333333333,0.038653527275700525,0,0.0,978,0.09193054136874361,1,1,1,0,LEGITIMATE
USER1397,3,1,16801.269215999997,5600.423071999999,8307.694979999998,200.0,66.66666666666667,8.0,0,1603,3,2,1,0.3333333333333333,0.011903862584949132,0,0.0,722,0.12448132780082988,1,1,1,0,LEGITIMATE
USER1399,2,0,2994.084726,1497.042363,2697.920226,0.0,0.0,0.0,0,576,2,2,2,0.0,0.0,0,0.0,99,0.6,1,1,1,0,LEGITIMATE
USER1400,3,1,5211.920997000001,1737.3069990000004,2847.1762320000003,200.0,66.66666666666667,8.666666666666666,0,1323,3,2,2,0.3333333333333333,0.03837356708114353,0,0.0,739,0.12162162162162163,1,1,1,0,LEGITIMATE
USER1401,3,3,11448.108510999999,3816.036170333333,5690.583395000001,200.0,66.66666666666667,19.0,0,1821,3,3,2,1.0,0.01747013489676732,2,0.6666666666666666,1053,0.08538899430740038,1,1,1,0,HIGH_RETURN_LEGITIMATE
USER1402,4,1,14652.682814,3663.1707035,6087.801712,200.0,50.0,1.75,0,976,4,4,3,0.25,0.013649377560326954,0,0.0,954,0.1256544502617801,1,1,1,0,LEGITIMATE
USER1403,1,1,2770.12428,2770.12428,2770.12428,1484.5131864711552,1484.5131864711552,4.0,4,439,1,1,1,1.0,0.5359012941004782,1,1.0,0,30.0,5,4,3,1,COORDINATED_RETURN_ABUSE
USER1404,3,1,14328.009561,4776.003187,6874.174605,200.0,66.66666666666667,16.0,0,978,3,3,2,0.3333333333333333,0.013958672985840841,0,0.0,860,0.10452961672473868,1,1,1,0,LEGITIMATE
USER1405,4,4,6075.212713999999,1518.8031784999998,2447.00174,0.0,0.0,0.0,0,1063,3,2,3,1.0,0.0,4,1.0,609,0.19672131147540983,1,1,1,0,HIGH_RETURN_LEGITIMATE
USER1406,1,0,5315.833824,5315.833824,5315.833824,0.0,0.0,0.0,0,329,1,1,1,0.0,0.0,0,0.0,0,30.0,1,1,1,0,LEGITIMATE
USER1407,4,3,13365.799929,3341.44998225,5637.292848,200.0,50.0,14.75,0,645,4,4,3,0.75,0.014963563801823536,2,0.6666666666666666,630,0.1901743264659271,1,1,1,0,HIGH_RETURN_LEGITIMATE
USER1408,2,2,2150.5721020000005,1075.2860510000003,1597.0025500000004,1206.7184219940627,603.3592109970314,2.0,1,225,2,1,2,1.0,0.5611150729946847,2,1.0,151,0.39473684210526316,1,1,1,1,INDIVIDUAL_RETURN_ABUSE
USER1409,2,1,5551.157158999999,2775.5785794999997,4939.313007999999,200.0,100.0,24.0,0,394,2,2,1,0.5,0.036028524192607894,0,0.0,322,0.18575851393188855,1,1,1,0,LEGITIMATE
USER1410,2,1,7533.739427999999,3766.8697139999995,6118.327248,200.0,100.0,5.5,0,1304,2,2,1,0.5,0.02654724150090422,0,0.0,728,0.0823045267489712,1,1,1,0,LEGITIMATE
USER1411,2,1,5940.6652730000005,2970.3326365000003,5008.0892,200.0,100.0,3.5,0,266,2,2,2,0.5,0.03366626308824183,0,0.0,36,1.6216216216216217,1,1,1,0,LEGITIMATE
USER1412,5,1,13069.692453,2613.9384906,5187.12976,200.0,40.0,7.6,0,1183,5,3,2,0.2,0.015302578903001827,0,0.0,777,0.1928020565552699,1,1,1,0,LEGITIMATE
USER1413,4,3,4886.3921820000005,1221.5980455000001,2719.0120440000005,400.0,100.0,21.75,0,1028,4,3,2,0.75,0.08185998689861197,1,0.3333333333333333,739,0.16216216216216217,1,1,1,0,HIGH_RETURN_LEGITIMATE
USER1414,3,2,6188.103585,2062.701195,3886.155114,400.0,133.33333333333334,33.0,0,910,3,2,2,0.6666666666666666,0.06464015905771235,0,0.0,606,0.14827018121911037,1,1,1,0,LEGITIMATE
USER1415,6,2,13842.657881000001,2307.1096468333335,5555.336948,200.0,33.333333333333336,2.1666666666666665,0,1256,5,3,4,0.3333333333333333,0.014448092390877748,1,0.5,1163,0.15463917525773196,1,1,1,0,HIGH_RETURN_LEGITIMATE
USER1416,4,1,13664.285857000003,3416.0714642500006,5045.501130000001,200.0,50.0,10.25,0,944,4,3,3,0.25,0.01463669613568155,0,0.0,907,0.13215859030837004,1,1,1,0,LEGITIMATE
USER1417,3,0,3951.217116,1317.0723719999999,2432.389008,0.0,0.0,0.0,0,1070,3,3,2,0.0,0.0,0,0.0,597,0.1505016722408027,1,1,1,0,LEGITIMATE
USER1418,1,1,1991.180772,1991.180772,1991.180772,200.0,200.0,5.0,5,316,1,1,1,1.0,0.1004429144819002,1,1.0,0,30.0,1,1,1,0,LEGITIMATE
USER1419,4,1,11079.147798999998,2769.7869497499996,4036.0471199999993,200.0,50.0,1.75,0,904,4,3,3,0.25,0.01805192995241493,0,0.0,728,0.1646090534979424,1,1,1,0,LEGITIMATE
USER1420,3,1,4417.707098000001,1472.569032666667,2999.3860680000003,200.0,66.66666666666667,12.0,0,1163,3,2,3,0.3333333333333333,0.04527235408851453,0,0.0,759,0.11842105263157894,1,1,1,0,LEGITIMATE
USER1421,3,0,6609.162730000002,2203.054243333334,3946.875520000001,0.0,0.0,0.0,0,748,3,3,2,0.0,0.0,0,0.0,469,0.19148936170212766,1,1,1,0,LEGITIMATE
USER1422,2,2,1457.545366,728.772683,1052.352304,832.7418639049323,416.37093195246615,4.0,4,127,2,1,2,1.0,0.571331694594357,2,1.0,19,3.0,1,1,1,1,INDIVIDUAL_RETURN_ABUSE
USER1423,1,0,2603.506556,2603.506556,2603.506556,0.0,0.0,0.0,0,64,1,1,1,0.0,0.0,0,0.0,0,30.0,1,1,1,0,LEGITIMATE
USER1424,1,0,3345.627483,3345.627483,3345.627483,0.0,0.0,0.0,0,171,1,1,1,0.0,0.0,0,0.0,0,30.0,1,1,1,0,LEGITIMATE
USER1425,1,1,2398.868028,2398.868028,2398.868028,200.0,200.0,53.0,53,465,1,1,1,1.0,0.08337265646361769,0,0.0,0,30.0,1,1,1,0,LEGITIMATE
USER1426,1,1,2004.423392,2004.423392,2004.423392,200.0,200.0,14.0,14,842,1,1,1,1.0,0.0997793184804341,0,0.0,0,30.0,1,1,1,0,LEGITIMATE
USER1428,5,2,11654.596599,2330.9193198000003,4144.77627,400.0,80.0,13.8,0,1541,5,2,4,0.4,0.034321222240701256,0,0.0,788,0.19011406844106463,1,1,1,0,LEGITIMATE
USER1429,4,1,10554.914999999999,2638.7287499999998,4199.603455999999,200.0,50.0,12.5,0,897,4,4,3,0.25,0.018948518296926127,0,0.0,348,0.3438395415472779,1,1,1,0,LEGITIMATE
USER1430,2,1,6651.693138,3325.846569,4697.525909999999,200.0,100.0,5.5,0,1313,2,2,2,0.5,0.03006753255910646,0,0.0,690,0.08683068017366136,1,1,1,0,LEGITIMATE
USER1431,3,0,7730.06095,2576.6869833333335,6096.98668,0.0,0.0,0.0,0,1646,3,3,2,0.0,0.0,0,0.0,1160,0.07751937984496124,1,1,1,0,LEGITIMATE
USER1432,4,2,6969.240658000001,1742.3101645000002,5212.80784,400.0,100.0,20.25,0,1114,4,3,4,0.5,0.05739506204895357,0,0.0,396,0.3022670025188917,1,1,1,0,LEGITIMATE
USER1433,2,1,3603.01164,1801.50582,3318.884496,200.0,100.0,26.0,0,760,2,1,2,0.5,0.05550911847734136,0,0.0,475,0.12605042016806722,1,1,1,0,LEGITIMATE
USER1434,2,1,1693.9972440000001,846.9986220000001,1063.599656,200.0,100.0,26.5,0,641,2,1,2,0.5,0.1180639465078138,0,0.0,371,0.16129032258064516,1,1,1,0,LEGITIMATE
USER1435,2,2,3605.9399080000003,1802.9699540000001,1946.48376,2841.034357358063,1420.5171786790315,4.0,1,1502,2,2,2,1.0,0.787876234724559,1,0.5,926,0.06472491909385113,3,2,1,1,COORDINATED_RETURN_ABUSE
USER1436,4,2,9654.948977999999,2413.7372444999996,5105.42988,400.0,100.0,27.25,0,1136,4,3,3,0.5,0.04142953017270725,0,0.0,1018,0.11776251226692837,1,1,1,0,LEGITIMATE
USER1437,1,0,419.887488,419.887488,419.887488,0.0,0.0,0.0,0,731,1,1,1,0.0,0.0,0,0.0,0,30.0,1,1,1,0,LEGITIMATE
USER1438,2,2,2571.9674480000003,1285.9837240000002,2398.852248,400.0,200.0,39.5,32,924,2,2,2,1.0,0.15552296367943766,0,0.0,323,0.18518518518518517,1,1,1,0,LEGITIMATE
USER1439,4,1,9795.197043,2448.79926075,4100.537112,200.0,50.0,4.5,0,1338,4,3,2,0.25,0.02041817016258261,0,0.0,830,0.1444043321299639,1,1,1,0,LEGITIMATE
USER1440,2,1,3862.118779,1931.0593895,3299.52256,200.0,100.0,2.5,0,1516,2,2,2,0.5,0.0517850463552509,1,1.0,626,0.09569377990430622,1,1,1,0,LEGITIMATE
USER1441,1,0,816.223374,816.223374,816.223374,0.0,0.0,0.0,0,645,1,1,1,0.0,0.0,0,0.0,0,30.0,1,1,1,0,LEGITIMATE
USER1442,1,0,3720.76886,3720.76886,3720.76886,0.0,0.0,0.0,0,144,1,1,1,0.0,0.0,0,0.0,0,30.0,1,1,1,0,LEGITIMATE
USER1443,4,1,6888.821517,1722.20537925,2754.0603050000004,200.0,50.0,2.0,0,894,4,3,3,0.25,0.029032541996689386,0,0.0,762,0.15727391874180865,1,1,1,0,LEGITIMATE
USER1444,3,1,5210.335348,1736.7784493333331,2496.6946,200.0,66.66666666666667,10.333333333333334,0,912,3,3,2,0.3333333333333333,0.03838524521780935,0,0.0,561,0.1601423487544484,1,1,1,0,LEGITIMATE
USER1445,2,1,4664.667696,2332.333848,2530.348056,1746.441927276293,873.2209636381465,2.5,0,825,2,1,1,0.5,0.37439792951894185,1,1.0,410,0.145985401459854,1,1,1,1,INDIVIDUAL_RETURN_ABUSE
USER1446,2,1,4898.49934,2449.24967,4637.8912,200.0,100.0,22.5,0,933,2,1,2,0.5,0.04082883065163381,0,0.0,503,0.11904761904761904,1,1,1,0,LEGITIMATE
USER1447,1,0,572.1658479999999,572.1658479999999,572.1658479999999,0.0,0.0,0.0,0,412,1,1,1,0.0,0.0,0,0.0,0,30.0,1,1,1,0,LEGITIMATE
USER1448,2,0,3261.2341800000004,1630.6170900000002,2630.079642,0.0,0.0,0.0,0,1166,2,2,2,0.0,0.0,0,0.0,918,0.06528835690968444,1,1,1,0,LEGITIMATE
USER1449,1,0,3292.1901,3292.1901,3292.1901,0.0,0.0,0.0,0,396,1,1,1,0.0,0.0,0,0.0,0,30.0,1,1,1,0,LEGITIMATE
USER1450,1,0,162.15147000000002,162.15147000000002,162.15147000000002,0.0,0.0,0.0,0,668,1,1,1,0.0,0.0,0,0.0,0,30.0,1,1,1,0,LEGITIMATE
USER1451,5,1,12097.4366,2419.48732,5134.24632,200.0,40.0,8.6,0,1532,5,3,4,0.2,0.016532428035208713,0,0.0,911,0.16447368421052633,1,1,1,0,LEGITIMATE
USER1452,2,2,5416.371134,2708.185567,3417.268198,1809.8020201293923,904.9010100646962,21.0,7,1383,2,1,2,1.0,0.33413552641708477,0,0.0,907,0.06607929515418502,4,4,3,1,COORDINATED_RETURN_ABUSE
USER1453,1,1,303.838257,303.838257,303.838257,200.0,200.0,43.0,43,436,1,1,1,1.0,0.6582449556376964,0,0.0,0,30.0,1,1,1,0,LEGITIMATE
USER1454,1,0,1061.6575199999995,1061.6575199999995,1061.6575199999995,0.0,0.0,0.0,0,58,1,1,1,0.0,0.0,0,0.0,0,30.0,1,1,1,0,LEGITIMATE
USER1455,3,2,7839.547468,2613.1824893333333,4370.512900000001,200.0,66.66666666666667,17.666666666666668,0,893,3,2,3,0.6666666666666666,0.02551167663903735,1,0.5,346,0.25936599423631124,1,1,1,0,HIGH_RETURN_LEGITIMATE
USER1456,3,0,4247.814972,1415.938324,2858.451624,0.0,0.0,0.0,0,1377,3,3,3,0.0,0.0,0,0.0,542,0.16574585635359115,1,1,1,0,LEGITIMATE
USER1457,1,0,4706.909860000001,4706.909860000001,4706.909860000001,0.0,0.0,0.0,0,97,1,1,1,0.0,0.0,0,0.0,0,30.0,1,1,1,0,LEGITIMATE
USER1458,3,2,10210.255142999998,3403.4183809999995,4849.279071,400.0,133.33333333333334,23.333333333333332,0,1226,3,2,2,0.6666666666666666,0.039176298182346025,0,0.0,717,0.12534818941504178,1,1,1,0,LEGITIMATE
USER1459,2,1,6240.90354,3120.45177,5737.7961000000005,200.0,100.0,14.5,0,1041,2,2,1,0.5,0.03204664175918348,0,0.0,953,0.06289308176100629,1,1,1,0,LEGITIMATE
USER1460,1,0,463.1952,463.1952,463.1952,0.0,0.0,0.0,0,640,1,1,1,0.0,0.0,0,0.0,0,30.0,1,1,1,0,LEGITIMATE
USER1462,2,0,2041.269894,1020.634947,1085.871204,0.0,0.0,0.0,0,990,2,2,2,0.0,0.0,0,0.0,749,0.08,1,1,1,0,LEGITIMATE
USER1463,6,0,5642.631530000001,940.4385883333334,2900.1759360000005,0.0,0.0,0.0,0,1221,6,3,2,0.0,0.0,0,0.0,1169,0.15384615384615385,1,1,1,0,LEGITIMATE
USER1464,4,1,7714.346264,1928.586566,5321.687616,200.0,50.0,13.5,0,884,4,2,3,0.25,0.02592572243397033,0,0.0,600,0.19966722129783693,1,1,1,0,LEGITIMATE
USER1465,4,1,10235.665909000001,2558.9164772500003,7357.090752,200.0,50.0,3.5,0,1060,4,2,2,0.25,0.019539520122881727,0,0.0,922,0.13001083423618634,1,1,1,0,LEGITIMATE
USER1466,1,0,1253.393352,1253.393352,1253.393352,0.0,0.0,0.0,0,560,1,1,1,0.0,0.0,0,0.0,0,30.0,1,1,1,0,LEGITIMATE
USER1467,3,1,8914.186308,2971.3954360000002,3712.0065,200.0,66.66666666666667,1.6666666666666667,0,1358,3,2,2,0.3333333333333333,0.022436147629146006,1,1.0,673,0.13353115727002968,1,1,1,0,LEGITIMATE
USER1468,6,1,19517.668418,3252.9447363333334,5831.585428,200.0,33.333333333333336,7.0,0,1047,6,3,3,0.16666666666666666,0.0102471256154527,0,0.0,989,0.18181818181818182,1,1,1,0,LEGITIMATE
USER1469,4,1,18185.097162,4546.2742905,9710.2731,200.0,50.0,3.0,0,1621,4,3,3,0.25,0.010998016574688676,0,0.0,1135,0.1056338028169014,1,1,1,0,LEGITIMATE
USER1470,1,0,533.56394,533.56394,533.56394,0.0,0.0,0.0,0,824,1,1,1,0.0,0.0,0,0.0,0,30.0,1,1,1,0,LEGITIMATE
USER1471,3,1,5164.985484000001,1721.6618280000002,2911.6989000000003,200.0,66.66666666666667,11.666666666666666,0,1177,3,3,1,0.3333333333333333,0.038722277268649914,0,0.0,736,0.12211668928086838,1,1,1,0,LEGITIMATE
USER1472,2,0,3458.475161,1729.2375805,2180.057724,0.0,0.0,0.0,0,1247,2,2,2,0.0,0.0,0,0.0,762,0.07863695937090433,1,1,1,0,LEGITIMATE
USER1473,5,1,8159.300295000001,1631.860059,2842.994376,200.0,40.0,6.6,0,1355,5,4,4,0.2,0.02451190577242996,0,0.0,687,0.2180232558139535,1,1,1,0,LEGITIMATE
USER1474,3,0,5627.931996000001,1875.9773320000004,2867.06469,0.0,0.0,0.0,0,1407,3,3,2,0.0,0.0,0,0.0,1159,0.07758620689655173,1,1,1,0,LEGITIMATE
USER1475,3,1,5438.280998,1812.7603326666667,2553.988785,200.0,66.66666666666667,2.6666666666666665,0,230,3,2,3,0.3333333333333333,0.03677632694477403,0,0.0,158,0.5660377358490566,1,1,1,0,LEGITIMATE
USER1476,4,3,9367.166906,2341.7917265,3118.91056,600.0,150.0,22.25,0,1651,4,2,3,0.75,0.06405351863813581,0,0.0,801,0.14962593516209477,1,1,1,0,LEGITIMATE
USER1477,2,0,4319.270762,2159.635381,2590.395152,0.0,0.0,0.0,0,917,2,2,2,0.0,0.0,0,0.0,418,0.1431980906921241,1,1,1,0,LEGITIMATE
USER1478,3,3,8090.029216999999,2696.6764056666666,4150.675464,2756.3604742473112,918.7868247491037,7.333333333333333,2,1127,3,2,1,1.0,0.34071081825702526,2,0.6666666666666666,693,0.12968299711815562,1,1,1,1,INDIVIDUAL_RETURN_ABUSE
USER1479,4,1,10142.832591999999,2535.7081479999997,3808.95792,200.0,50.0,6.5,0,1036,4,4,3,0.25,0.019718357587578336,0,0.0,310,0.3858520900321543,1,1,1,0,LEGITIMATE
USER1480,2,0,5783.031592,2891.515796,5066.378856,0.0,0.0,0.0,0,1195,2,2,1,0.0,0.0,0,0.0,1012,0.059230009871668314,1,1,1,0,LEGITIMATE
USER1481,2,0,2009.806022,1004.903011,1417.724772,0.0,0.0,0.0,0,749,2,2,2,0.0,0.0,0,0.0,480,0.12474012474012475,1,1,1,0,LEGITIMATE
USER1482,3,0,12083.515027000001,4027.838342333334,6081.11714,0.0,0.0,0.0,0,1148,3,3,3,0.0,0.0,0,0.0,612,0.1468189233278956,1,1,1,0,LEGITIMATE
USER1483,2,0,5590.970577,2795.4852885,2938.375137,0.0,0.0,0.0,0,676,2,1,2,0.0,0.0,0,0.0,16,3.5294117647058822,1,1,1,0,LEGITIMATE
USER1484,2,0,3309.811012,1654.905506,2151.913012,0.0,0.0,0.0,0,257,2,1,2,0.0,0.0,0,0.0,81,0.7317073170731707,1,1,1,0,LEGITIMATE
USER1485,2,0,6395.599852,3197.799926,5528.294872,0.0,0.0,0.0,0,200,2,2,2,0.0,0.0,0,0.0,38,1.5384615384615385,1,1,1,0,LEGITIMATE
USER1486,4,2,10815.443653000002,2703.8609132500005,5596.324125,400.0,100.0,14.75,0,1890,4,4,2,0.5,0.036984150889552043,0,0.0,1026,0.11684518013631938,1,1,1,0,LEGITIMATE
USER1487,4,0,14969.231145000002,3742.3077862500004,5591.297010000001,0.0,0.0,0.0,0,909,4,3,3,0.0,0.0,0,0.0,753,0.15915119363395225,1,1,1,0,LEGITIMATE
USER1488,1,1,885.2115300000002,885.2115300000002,885.2115300000002,200.0,200.0,8.0,8,562,1,1,1,1.0,0.22593469834266613,0,0.0,0,30.0,1,1,1,0,LEGITIMATE
USER1489,3,1,7659.866156000001,2553.288718666667,5399.790710000001,0.0,0.0,0.0,0,1916,3,3,2,0.3333333333333333,0.0,1,1.0,1207,0.07450331125827815,1,1,1,0,HIGH_RETURN_LEGITIMATE
USER1490,4,1,14112.827292,3528.206823,5909.5828,200.0,50.0,13.25,0,1394,4,3,3,0.25,0.014171504820538125,0,0.0,571,0.2097902097902098,1,1,1,0,LEGITIMATE
USER1491,5,3,15997.154891999999,3199.4309783999997,6496.057895999999,200.0,40.0,6.6,0,1185,5,4,3,0.6,0.012502223135941367,2,0.6666666666666666,1144,0.13100436681222707,1,1,1,0,HIGH_RETURN_LEGITIMATE
USER1492,1,0,116.51244,116.51244,116.51244,0.0,0.0,0.0,0,685,1,1,1,0.0,0.0,0,0.0,0,30.0,1,1,1,0,LEGITIMATE
USER1494,4,2,16160.265963,4040.06649075,5362.440808,400.0,100.0,10.75,0,1562,4,1,4,0.5,0.024752067875357157,0,0.0,741,0.16172506738544473,1,1,1,0,LEGITIMATE
USER1495,1,0,428.4673800000001,428.4673800000001,428.4673800000001,0.0,0.0,0.0,0,343,1,1,1,0.0,0.0,0,0.0,0,30.0,1,1,1,0,LEGITIMATE
USER1496,3,1,8375.692915,2791.8976383333334,4329.0675,2300.799250358584,766.9330834528613,0.3333333333333333,0,841,3,3,2,0.3333333333333333,0.2746995709737746,1,1.0,685,0.13119533527696792,5,4,2,1,COORDINATED_RETURN_ABUSE
USER1497,5,1,8238.917535,1647.783507,3485.71077,200.0,40.0,4.8,0,1513,5,3,3,0.2,0.024275033601243588,0,0.0,667,0.2245508982035928,1,1,1,0,LEGITIMATE
USER1498,2,2,6774.855978,3387.427989,3562.92648,5129.422865239623,2564.7114326198116,4.0,3,973,2,2,2,1.0,0.7571264809017942,2,1.0,219,0.2727272727272727,1,1,1,1,INDIVIDUAL_RETURN_ABUSE
USER1499,2,2,3096.278343,1548.1391715,1692.1799279999998,400.0,200.0,22.0,22,1071,2,2,1,1.0,0.1291873519395669,0,0.0,538,0.11131725417439703,1,1,1,0,LEGITIMATE
USER1500,4,3,10974.880831,2743.72020775,5036.5237,200.0,50.0,12.5,0,895,4,2,4,0.75,0.01822343249824395,2,0.6666666666666666,370,0.32345013477088946,1,1,1,0,HIGH_RETURN_LEGITIMATE
USER1501,3,1,2217.058524,739.019508,1070.55886,802.4141750898694,267.47139169662313,0.6666666666666666,0,946,3,3,3,0.3333333333333333,0.3619273764781635,1,1.0,503,0.17857142857142858,1,1,1,1,INDIVIDUAL_RETURN_ABUSE
USER1502,6,2,16780.270673,2796.711778833333,7140.14756,400.0,66.66666666666667,11.0,0,1793,6,5,3,0.3333333333333333,0.02383751774896057,0,0.0,1038,0.17324350336862368,1,1,1,0,LEGITIMATE
USER1503,4,2,7390.759568,1847.689892,4006.817056,400.0,100.0,18.25,0,1209,4,2,3,0.5,0.054121636121393035,0,0.0,915,0.13100436681222707,1,1,1,0,LEGITIMATE
USER1504,3,3,5039.56769,1679.8558966666667,2636.9932499999995,200.0,66.66666666666667,8.666666666666666,0,1529,3,2,2,1.0,0.03968594377586384,2,0.6666666666666666,712,0.12622720897615708,1,1,1,0,HIGH_RETURN_LEGITIMATE
USER1505,4,1,12558.991880000001,3139.7479700000004,6594.318520000001,200.0,50.0,5.25,0,1419,4,2,2,0.25,0.015924845076020544,0,0.0,1083,0.11070110701107011,1,1,1,0,LEGITIMATE
USER1506,4,3,7842.317316000001,1960.5793290000001,2753.0831400000006,200.0,50.0,4.25,0,1352,4,3,4,0.75,0.025502666105075514,2,0.6666666666666666,566,0.21164021164021163,1,1,1,0,HIGH_RETURN_LEGITIMATE
USER1507,1,0,2822.291232,2822.291232,2822.291232,0.0,0.0,0.0,0,357,1,1,1,0.0,0.0,0,0.0,0,30.0,5,5,1,1,COORDINATED_RETURN_ABUSE
USER1508,1,0,3217.989425,3217.989425,3217.989425,0.0,0.0,0.0,0,616,1,1,1,0.0,0.0,0,0.0,0,30.0,1,1,1,0,LEGITIMATE
USER1509,2,0,7393.537632,3696.768816,6314.44014,0.0,0.0,0.0,0,1121,2,1,2,0.0,0.0,0,0.0,563,0.10638297872340426,1,1,1,0,LEGITIMATE
USER1510,3,1,2760.628721,920.2095736666666,1280.1519990000002,200.0,66.66666666666667,10.0,0,1370,3,3,2,0.3333333333333333,0.07244726481276074,0,0.0,998,0.09009009009009009,1,1,1,0,LEGITIMATE
USER1511,5,0,8029.219863,1605.8439726000001,3018.0425250000003,0.0,0.0,0.0,0,1854,5,4,3,0.0,0.0,0,0.0,1179,0.1271186440677966,1,1,1,0,LEGITIMATE
USER1512,4,1,4118.4094159999995,1029.6023539999999,1992.247356,200.0,50.0,7.5,0,1817,4,2,2,0.25,0.04856243753304395,0,0.0,1088,0.11019283746556474,1,1,1,0,LEGITIMATE
USER1513,2,0,576.6799020000001,288.33995100000004,425.658744,0.0,0.0,0.0,0,1037,2,1,1,0.0,0.0,0,0.0,849,0.07058823529411765,1,1,1,0,LEGITIMATE
USER1514,3,1,6786.905854,2262.3019513333334,4371.541698,200.0,66.66666666666667,9.333333333333334,0,699,3,2,2,0.3333333333333333,0.029468509553897227,0,0.0,468,0.19189765458422176,1,1,1,0,LEGITIMATE
USER1516,5,1,13022.250917000001,2604.4501834000002,5285.04215,200.0,40.0,6.2,0,1789,5,3,2,0.2,0.015358327932301505,0,0.0,1160,0.12919896640826872,1,1,1,0,LEGITIMATE
USER1517,1,1,1122.01078,1122.01078,1122.01078,200.0,200.0,26.0,26,279,1,1,1,1.0,0.1782514068180343,0,0.0,0,30.0,1,1,1,0,LEGITIMATE
USER1518,1,0,1850.6527200000005,1850.6527200000005,1850.6527200000005,0.0,0.0,0.0,0,716,1,1,1,0.0,0.0,0,0.0,0,30.0,1,1,1,0,LEGITIMATE
USER1519,2,0,1141.9313599999998,570.9656799999999,788.4961999999998,0.0,0.0,0.0,0,1189,2,2,2,0.0,0.0,0,0.0,541,0.11070110701107011,1,1,1,0,LEGITIMATE
USER1520,3,2,14487.411162,4829.137054,7599.78175,400.0,133.33333333333334,5.666666666666667,0,383,3,2,3,0.6666666666666666,0.027610177934977557,0,0.0,329,0.2727272727272727,1,1,1,0,LEGITIMATE
USER1521,1,0,373.256962,373.256962,373.256962,0.0,0.0,0.0,0,797,1,1,1,0.0,0.0,0,0.0,0,30.0,1,1,1,0,LEGITIMATE
USER1522,2,1,7355.8082,3677.9041,5060.8337,200.0,100.0,11.5,0,1203,2,2,2,0.5,0.027189398440269283,0,0.0,806,0.07434944237918216,1,1,1,0,LEGITIMATE
USER1523,3,1,4757.809973,1585.9366576666669,3008.831564,200.0,66.66666666666667,17.333333333333332,0,1356,3,1,2,0.3333333333333333,0.042036147121254516,0,0.0,1328,0.06772009029345373,1,1,1,0,LEGITIMATE
USER1524,3,0,7360.737116,2453.5790386666667,3356.52156,0.0,0.0,0.0,0,1491,3,3,2,0.0,0.0,0,0.0,1227,0.0732899022801303,1,1,1,0,LEGITIMATE
USER1525,4,1,7256.318704,1814.079676,3201.9442000000004,200.0,50.0,7.0,0,1136,4,2,3,0.25,0.02756218520139575,0,0.0,1075,0.11152416356877323,1,1,1,0,LEGITIMATE
USER1526,2,1,7265.8519700000015,3632.9259850000008,6501.408220000001,200.0,100.0,12.0,0,2041,2,1,2,0.5,0.02752602183828966,0,0.0,1203,0.04983388704318937,1,1,1,0,LEGITIMATE
USER1527,1,0,8999.667539999999,8999.667539999999,8999.667539999999,0.0,0.0,0.0,0,466,1,1,1,0.0,0.0,0,0.0,0,30.0,1,1,1,0,LEGITIMATE
USER1528,3,2,5939.527816,1979.8426053333333,2586.48156,400.0,133.33333333333334,32.333333333333336,0,1734,3,2,3,0.6666666666666666,0.06734542077948912,0,0.0,907,0.09911894273127753,1,1,1,0,LEGITIMATE
USER1529,3,1,6706.226987,2235.4089956666667,4718.51744,200.0,66.66666666666667,10.0,0,1689,3,1,2,0.3333333333333333,0.02982302871461097,0,0.0,891,0.10089686098654709,1,1,1,0,LEGITIMATE
USER1530,4,1,4055.913085,1013.97827125,1378.99608,200.0,50.0,4.0,0,1321,4,3,4,0.25,0.04931072136127887,0,0.0,1131,0.10600706713780919,1,1,1,0,LEGITIMATE
USER1531,6,1,13354.520607999999,2225.7534346666666,6724.948383999999,200.0,33.333333333333336,2.6666666666666665,0,1148,6,4,4,0.16666666666666666,0.014976202131897598,0,0.0,721,0.24930747922437674,1,1,1,0,LEGITIMATE
USER1532,5,5,11841.357665000001,2368.271533,5300.675,2842.1530427871717,568.4306085574343,12.8,1,755,5,3,2,1.0,0.2400191872582181,3,0.6,623,0.2403846153846154,1,1,1,1,INDIVIDUAL_RETURN_ABUSE
USER1533,4,3,5774.580395000001,1443.6450987500002,1760.336928,0.0,0.0,0.0,0,1612,4,2,3,0.75,0.0,3,1.0,1265,0.0947867298578199,1,1,1,0,HIGH_RETURN_LEGITIMATE
USER1534,3,1,12426.668756000001,4142.222918666667,7003.7323160000005,200.0,66.66666666666667,2.0,0,621,3,2,3,0.3333333333333333,0.016094417894854843,0,0.0,423,0.21226415094339623,1,1,1,0,LEGITIMATE
USER1536,3,0,16098.528386000002,5366.176128666667,9308.925875,0.0,0.0,0.0,0,1622,3,3,3,0.0,0.0,0,0.0,949,0.09473684210526316,1,1,1,0,LEGITIMATE
USER1537,2,1,3025.0575120000003,1512.5287560000002,1552.737096,1123.9580795395243,561.9790397697622,1.0,0,494,2,2,2,0.5,0.3715493259486579,1,1.0,137,0.43478260869565216,5,1,4,1,COORDINATED_RETURN_ABUSE
USER1538,1,0,2916.322288,2916.322288,2916.322288,0.0,0.0,0.0,0,677,1,1,1,0.0,0.0,0,0.0,0,30.0,1,1,1,0,LEGITIMATE
USER1539,4,1,15755.558235999999,3938.8895589999997,9563.920279999998,200.0,50.0,14.75,0,680,4,2,3,0.25,0.012693932960307203,0,0.0,670,0.17883755588673622,1,1,1,0,LEGITIMATE
USER1540,5,2,17891.410233,3578.2820466,6561.380319999999,400.0,80.0,5.4,0,1298,5,2,4,0.4,0.02235709733278687,0,0.0,802,0.18679950186799502,1,1,1,0,LEGITIMATE
USER1541,1,0,4973.43465,4973.43465,4973.43465,0.0,0.0,0.0,0,836,1,1,1,0.0,0.0,0,0.0,0,30.0,1,1,1,0,LEGITIMATE
USER1542,1,0,2625.055176,2625.055176,2625.055176,0.0,0.0,0.0,0,706,1,1,1,0.0,0.0,0,0.0,0,30.0,1,1,1,0,LEGITIMATE
USER1543,3,2,8649.477503999999,2883.1591679999997,4638.888575999999,200.0,66.66666666666667,5.666666666666667,0,1064,3,2,3,0.6666666666666666,0.023122783995623886,1,0.5,854,0.10526315789473684,1,1,1,0,HIGH_RETURN_LEGITIMATE
USER1544,4,0,11387.761958000001,2846.9404895000002,3974.743500000001,0.0,0.0,0.0,0,1503,4,4,3,0.0,0.0,0,0.0,763,0.15706806282722513,1,1,1,0,LEGITIMATE
USER1545,6,0,20195.731271,3365.9552118333336,5922.678588,0.0,0.0,0.0,0,1066,6,4,4,0.0,0.0,0,0.0,676,0.2658788774002954,1,1,1,0,LEGITIMATE
USER1546,5,2,9157.593116,1831.5186232,4873.515192,400.0,80.0,7.2,0,1570,5,4,3,0.4,0.043679599533760285,0,0.0,887,0.16891891891891891,1,1,1,0,LEGITIMATE
USER1547,2,1,10141.649502,5070.824751,6830.346252,200.0,100.0,5.0,0,1866,2,2,2,0.5,0.01972065786345295,0,0.0,1045,0.05736137667304015,1,1,1,0,LEGITIMATE
USER1548,4,1,8461.903133,2115.47578325,5088.71732,200.0,50.0,3.75,0,1366,4,4,3,0.25,0.02363534501122255,0,0.0,866,0.1384083044982699,1,1,1,0,LEGITIMATE
USER1549,1,1,6518.777760000001,6518.777760000001,6518.777760000001,200.0,200.0,31.0,31,683,1,1,1,1.0,0.030680598014435144,0,0.0,0,30.0,1,1,1,0,LEGITIMATE
USER1550,2,0,2317.688066,1158.844033,1263.524634,0.0,0.0,0.0,0,367,2,2,1,0.0,0.0,0,0.0,143,0.4166666666666667,1,1,1,0,LEGITIMATE
USER1551,1,0,3690.2952,3690.2952,3690.2952,0.0,0.0,0.0,0,623,1,1,1,0.0,0.0,0,0.0,0,30.0,1,1,1,0,LEGITIMATE
USER1552,2,1,3639.0176460000002,1819.5088230000001,3288.3097500000003,200.0,100.0,21.5,0,117,2,2,2,0.5,0.054959887380551596,0,0.0,52,1.1320754716981132,1,1,1,0,LEGITIMATE
USER1553,4,0,12154.395718,3038.5989295,5755.227495,0.0,0.0,0.0,0,1530,4,3,3,0.0,0.0,0,0.0,939,0.1276595744680851,1,1,1,0,HIGH_RETURN_LEGITIMATE
USER1554,1,1,1987.9206,1987.9206,1987.9206,200.0,200.0,36.0,36,656,1,1,1,1.0,0.10060763996308505,0,0.0,0,30.0,1,1,1,0,LEGITIMATE
USER1555,4,2,13417.574866,3354.3937165,6895.926408,400.0,100.0,11.75,0,1321,4,3,3,0.5,0.02981164658999563,0,0.0,467,0.2564102564102564,1,1,1,0,LEGITIMATE
USER1556,3,0,8067.792789,2689.264263,5008.682385,0.0,0.0,0.0,0,962,3,2,3,0.0,0.0,0,0.0,518,0.17341040462427745,1,1,1,0,LEGITIMATE
USER1557,2,0,3708.067987,1854.0339935,2355.02659,0.0,0.0,0.0,0,868,2,2,2,0.0,0.0,0,0.0,517,0.11583011583011583,1,1,1,0,LEGITIMATE
USER1558,2,1,5487.313696,2743.656848,3814.004128,200.0,100.0,30.0,0,872,2,2,2,0.5,0.03644770667034961,0,0.0,621,0.09646302250803858,1,1,1,0,LEGITIMATE
USER1559,1,0,1119.9769600000002,1119.9769600000002,1119.9769600000002,0.0,0.0,0.0,0,30,1,1,1,0.0,0.0,0,0.0,0,30.0,1,1,1,0,LEGITIMATE
USER1560,3,2,10972.43389,3657.4779633333333,5859.9824,200.0,66.66666666666667,17.0,0,888,3,3,3,0.6666666666666666,0.018227496470247587,1,0.5,803,0.11194029850746269,1,1,1,0,HIGH_RETURN_LEGITIMATE
USER1561,3,2,5109.9162,1703.3054,2944.3950899999995,400.0,133.33333333333334,24.0,0,1064,3,2,2,0.6666666666666666,0.07827917021418082,0,0.0,755,0.11904761904761904,1,1,1,0,LEGITIMATE
USER1562,9,3,15411.082141,1712.3424601111112,2632.3402,600.0,66.66666666666667,12.222222222222221,0,1904,9,4,3,0.3333333333333333,0.038933021997445985,0,0.0,1169,0.23076923076923078,1,1,1,0,LEGITIMATE
USER1563,2,2,4578.532214,2289.266107,2892.65948,2217.995789307335,1108.9978946536676,3.5,2,1075,2,2,2,1.0,0.48443380665211044,2,1.0,811,0.07389162561576355,1,1,1,1,INDIVIDUAL_RETURN_ABUSE
USER1564,6,0,11501.059174,1916.8431956666666,3990.595232,0.0,0.0,0.0,0,1660,6,4,4,0.0,0.0,0,0.0,1291,0.1393188854489164,1,1,1,0,LEGITIMATE
USER1565,2,0,9364.585205,4682.2926025,6632.13168,0.0,0.0,0.0,0,1283,2,2,2,0.0,0.0,0,0.0,419,0.14285714285714285,1,1,1,0,LEGITIMATE
USER1566,2,0,10498.973356,5249.486678,6788.743756,0.0,0.0,0.0,0,266,2,1,2,0.0,0.0,0,0.0,162,0.36809815950920244,1,1,1,0,LEGITIMATE
USER1567,2,1,6007.3004040000005,3003.6502020000003,3204.8168640000004,2314.872715030057,1157.4363575150285,1.0,0,140,2,2,2,0.5,0.385343258926869,1,1.0,15,3.75,1,1,1,1,INDIVIDUAL_RETURN_ABUSE
USER1568,1,0,4939.759050000001,4939.759050000001,4939.759050000001,0.0,0.0,0.0,0,455,1,1,1,0.0,0.0,0,0.0,0,30.0,1,1,1,0,LEGITIMATE
USER1569,2,2,4016.68577,2008.342885,2341.58397,2990.847769435106,1495.423884717553,4.5,4,1097,2,2,2,1.0,0.7446058618210271,2,1.0,435,0.13761467889908258,3,3,1,1,COORDINATED_RETURN_ABUSE
USER1570,2,1,7743.558800000001,3871.7794000000004,5037.396000000001,200.0,100.0,22.0,0,1650,2,2,1,0.5,0.025827917778580047,0,0.0,945,0.06342494714587738,1,1,1,0,LEGITIMATE
USER1571,2,0,5529.841466999999,2764.9207334999996,4254.695594999999,0.0,0.0,0.0,0,1019,2,2,2,0.0,0.0,0,0.0,984,0.06091370558375635,1,1,1,0,LEGITIMATE
USER1572,3,0,6148.169975999999,2049.389992,4136.430751999999,0.0,0.0,0.0,0,397,3,3,3,0.0,0.0,0,0.0,310,0.28938906752411575,1,1,1,0,LEGITIMATE
USER1573,2,0,8201.085498,4100.542749,7487.3199,0.0,0.0,0.0,0,688,2,2,2,0.0,0.0,0,0.0,93,0.6382978723404256,1,1,1,0,LEGITIMATE
USER1574,2,0,3726.3123100000003,1863.1561550000001,3014.51166,0.0,0.0,0.0,0,1849,2,2,2,0.0,0.0,0,0.0,990,0.060544904137235116,1,1,1,0,LEGITIMATE
USER1575,2,2,3004.71303,1502.356515,1878.71309,986.8027152026641,493.40135760133205,13.5,5,474,2,1,2,1.0,0.32841828998314165,1,0.5,49,1.2,1,1,1,1,INDIVIDUAL_RETURN_ABUSE
USER1577,4,1,8809.503332,2202.375833,3411.666096,200.0,50.0,1.5,0,1027,4,2,3,0.25,0.022702755474705575,0,0.0,1008,0.11892963330029732,1,1,1,0,LEGITIMATE
USER1578,1,0,5286.208032,5286.208032,5286.208032,0.0,0.0,0.0,0,47,1,1,1,0.0,0.0,0,0.0,0,30.0,1,1,1,0,LEGITIMATE
USER1579,8,6,16817.381144,2102.172643,6094.206408,400.0,50.0,6.125,0,1022,8,3,4,0.75,0.023784916127842504,4,0.6666666666666666,963,0.24896265560165975,1,1,1,0,HIGH_RETURN_LEGITIMATE
USER1580,1,0,2790.4450420000003,2790.4450420000003,2790.4450420000003,0.0,0.0,0.0,0,471,1,1,1,0.0,0.0,0,0.0,0,30.0,1,1,1,0,LEGITIMATE
USER1581,4,1,10891.377411,2722.84435275,5518.884419999999,200.0,50.0,4.5,0,813,4,3,4,0.25,0.018363150265824538,0,0.0,415,0.28846153846153844,1,1,1,0,LEGITIMATE
USER1582,1,1,3672.6375,3672.6375,3672.6375,200.0,200.0,42.0,42,204,1,1,1,1.0,0.05445677663531999,0,0.0,0,30.0,1,1,1,0,LEGITIMATE
USER1583,3,1,6350.357994999999,2116.7859983333333,2414.8255239999994,200.0,66.66666666666667,20.0,0,970,3,1,2,0.3333333333333333,0.03149428743347563,0,0.0,548,0.16393442622950818,1,1,1,0,LEGITIMATE
USER1584,3,1,7144.184506,2381.394835333333,5140.317599999999,4438.372784510042,1479.4575948366808,1.3333333333333333,0,1429,3,3,3,0.3333333333333333,0.6212567411693387,1,1.0,834,0.10778443113772455,4,4,1,1,COORDINATED_RETURN_ABUSE
USER1585,5,1,9366.044144,1873.2088288,3378.63048,200.0,40.0,11.6,0,901,5,2,4,0.2,0.02135373236822959,0,0.0,766,0.19556714471968709,1,1,1,0,LEGITIMATE
USER1586,1,0,2558.897504,2558.897504,2558.897504,0.0,0.0,0.0,0,295,1,1,1,0.0,0.0,0,0.0,0,30.0,1,1,1,0,LEGITIMATE
USER1587,3,0,4885.227076,1628.4090253333334,3526.104576,0.0,0.0,0.0,0,1328,3,3,2,0.0,0.0,0,0.0,439,0.20454545454545456,1,1,1,0,LEGITIMATE
USER1588,3,1,7625.333434,2541.7778113333334,2681.4830960000004,200.0,66.66666666666667,13.333333333333334,0,984,3,2,3,0.3333333333333333,0.026228361255422054,0,0.0,812,0.11070110701107011,1,1,1,0,LEGITIMATE
USER1590,3,0,7012.652979,2337.5509930000003,3473.894640000001,0.0,0.0,0.0,0,1085,3,2,2,0.0,0.0,0,0.0,797,0.11278195488721804,1,1,1,0,LEGITIMATE
USER1591,3,0,11050.355376,3683.451792,7740.259844,0.0,0.0,0.0,0,754,3,2,2,0.0,0.0,0,0.0,570,0.15761821366024517,1,1,1,0,LEGITIMATE
USER1592,7,6,22551.379131,3221.625590142857,6266.88996,600.0,85.71428571428571,18.428571428571427,0,1280,7,4,4,0.8571428571428571,0.02660591161696256,3,0.5,1195,0.17558528428093645,1,1,1,0,HIGH_RETURN_LEGITIMATE
USER1594,3,0,2823.612928,941.2043093333333,1778.0859320000002,0.0,0.0,0.0,0,542,3,2,2,0.0,0.0,0,0.0,291,0.3082191780821918,1,1,1,0,LEGITIMATE
USER1595,1,0,181.587852,181.587852,181.587852,0.0,0.0,0.0,0,275,1,1,1,0.0,0.0,0,0.0,0,30.0,1,1,1,0,LEGITIMATE
USER1596,3,1,11651.091224,3883.6970746666666,7469.6628,200.0,66.66666666666667,10.0,0,1755,3,3,2,0.3333333333333333,0.017165774102602633,0,0.0,1044,0.0861244019138756,1,1,1,0,LEGITIMATE
USER1597,2,1,2673.6102719999994,1336.8051359999997,1524.9220559999997,200.0,100.0,27.5,0,608,2,2,2,0.5,0.074805218282764,0,0.0,173,0.3448275862068966,1,1,1,0,LEGITIMATE
USER1598,2,1,5297.060832,2648.530416,3112.26282,200.0,100.0,17.0,0,940,2,1,1,0.5,0.037756787460657956,0,0.0,55,1.0714285714285714,1,1,1,0,LEGITIMATE
USER1599,2,0,4690.02697,2345.013485,3209.35537,0.0,0.0,0.0,0,770,2,2,2,0.0,0.0,0,0.0,638,0.09389671361502347,1,1,1,0,LEGITIMATE
USER1600,7,2,20719.1133,2959.873328571429,5202.05895,400.0,57.142857142857146,9.428571428571429,0,1622,7,3,3,0.2857142857142857,0.019305845487123233,0,0.0,1069,0.19626168224299065,1,1,1,0,LEGITIMATE
USER1601,1,1,1363.565084,1363.565084,1363.565084,200.0,200.0,31.0,31,699,1,1,1,1.0,0.14667433358831883,0,0.0,0,30.0,1,1,1,0,LEGITIMATE
USER1602,7,4,7969.199993,1138.457141857143,2639.379978,600.0,85.71428571428571,7.714285714285714,0,1401,7,3,4,0.5714285714285714,0.0752898660501718,1,0.25,1169,0.1794871794871795,1,1,1,0,HIGH_RETURN_LEGITIMATE
USER1603,2,1,8995.582175,4497.7910875,6576.251045,200.0,100.0,4.0,0,1345,2,1,2,0.5,0.022233135789235345,0,0.0,983,0.06097560975609756,1,1,1,0,LEGITIMATE
USER1604,2,1,4450.030598,2225.015299,3321.7860960000003,200.0,100.0,24.5,0,1454,2,2,2,0.5,0.044943511195156056,0,0.0,872,0.06872852233676977,1,1,1,0,LEGITIMATE
USER1605,4,2,6817.561987,1704.39049675,2358.919698,400.0,100.0,7.25,0,1937,4,4,3,0.5,0.0586720004545226,0,0.0,1109,0.10810810810810811,1,1,1,0,LEGITIMATE
USER1606,2,0,8678.012568,4339.006284,6093.805728,0.0,0.0,0.0,0,692,2,2,2,0.0,0.0,0,0.0,450,0.13303769401330376,1,1,1,0,LEGITIMATE
USER1607,1,1,2256.047,2256.047,2256.047,200.0,200.0,49.0,49,256,1,1,1,1.0,0.08865063538126644,0,0.0,0,30.0,1,1,1,0,LEGITIMATE
USER1608,4,2,16858.804858,4214.7012145,7659.400000000001,400.0,100.0,7.5,0,1306,4,2,2,0.5,0.0237264742886082,0,0.0,999,0.12,1,1,1,0,LEGITIMATE
USER1609,4,3,10981.078643,2745.26966075,6126.513065000001,4916.655098346477,1229.1637745866192,10.25,0,1162,4,2,2,0.75,0.4477388112943393,2,0.6666666666666666,418,0.2863961813842482,1,1,1,1,INDIVIDUAL_RETURN_ABUSE
USER1610,2,1,8067.2761869999995,4033.6380934999997,5077.205574999999,200.0,100.0,19.0,0,140,2,2,1,0.5,0.024791515173645563,0,0.0,105,0.5660377358490566,1,1,1,0,LEGITIMATE
USER1611,3,1,5555.124994,1851.7083313333333,2279.9854,200.0,66.66666666666667,15.666666666666666,0,957,3,1,2,0.3333333333333333,0.03600279025512779,0,0.0,877,0.10250569476082004,1,1,1,0,LEGITIMATE
USER1612,3,1,11784.762098000001,3928.254032666667,5155.00313,200.0,66.66666666666667,16.333333333333332,0,953,3,3,2,0.3333333333333333,0.016971068090881707,0,0.0,612,0.1468189233278956,1,1,1,0,LEGITIMATE
USER1613,1,0,2953.615896,2953.615896,2953.615896,0.0,0.0,0.0,0,453,1,1,1,0.0,0.0,0,0.0,0,30.0,1,1,1,0,LEGITIMATE
USER1614,3,0,6755.33375,2251.7779166666664,3184.33491,0.0,0.0,0.0,0,1675,3,2,2,0.0,0.0,0,0.0,1017,0.08840864440078586,1,1,1,0,LEGITIMATE
USER1615,2,2,5499.1140479999995,2749.5570239999997,4151.615556,2149.097934284648,1074.548967142324,10.0,1,841,2,2,2,1.0,0.3908080311711783,1,0.5,395,0.15151515151515152,1,1,1,1,INDIVIDUAL_RETURN_ABUSE
USER1616,6,4,29093.003631000003,4848.833938500001,8366.018265,800.0,133.33333333333334,15.5,0,1730,6,2,3,0.6666666666666666,0.027498020147619314,0,0.0,1136,0.158311345646438,1,1,1,0,LEGITIMATE
USER1617,3,0,9261.670144,3087.2233813333332,4310.868576,0.0,0.0,0.0,0,1145,3,3,2,0.0,0.0,0,0.0,659,0.13636363636363635,1,1,1,0,LEGITIMATE
USER1618,2,0,782.047716,391.023858,671.507466,0.0,0.0,0.0,0,864,2,2,2,0.0,0.0,0,0.0,599,0.1,1,1,1,0,LEGITIMATE
USER1619,1,1,803.941072,803.941072,803.941072,200.0,200.0,8.0,8,611,1,1,1,1.0,0.24877445246384924,0,0.0,0,30.0,1,1,1,0,LEGITIMATE
USER1620,2,0,6145.951554,3072.975777,5988.77343,0.0,0.0,0.0,0,1102,2,2,2,0.0,0.0,0,0.0,855,0.07009345794392523,1,1,1,0,LEGITIMATE
USER1621,3,0,10848.290463000001,3616.0968210000005,4997.226784,0.0,0.0,0.0,0,682,3,3,2,0.0,0.0,0,0.0,503,0.17857142857142858,1,1,1,0,LEGITIMATE
USER1622,3,2,8625.089344999999,2875.029781666666,6796.211839999999,200.0,66.66666666666667,3.0,0,1717,3,2,2,0.6666666666666666,0.023188165594590724,1,0.5,1222,0.07358953393295176,1,1,1,0,HIGH_RETURN_LEGITIMATE
USER1623,3,1,3962.887842,1320.962614,3390.519,200.0,66.66666666666667,11.666666666666666,0,640,3,2,2,0.3333333333333333,0.0504682463834413,0,0.0,396,0.22670025188916876,1,1,1,0,HIGH_RETURN_LEGITIMATE
USER1624,4,1,6512.455125,1628.11378125,4330.522940000001,200.0,50.0,5.75,0,1896,4,4,2,0.25,0.030710384357542884,0,0.0,1055,0.11363636363636363,1,1,1,0,LEGITIMATE
USER1625,2,0,5953.074805,2976.5374025,3395.4398250000004,0.0,0.0,0.0,0,598,2,1,2,0.0,0.0,0,0.0,508,0.11787819253438114,1,1,1,0,LEGITIMATE
USER1626,3,1,10377.505532,3459.1685106666664,4869.3102,200.0,66.66666666666667,19.333333333333332,0,1268,3,2,2,0.3333333333333333,0.019272454192703774,0,0.0,533,0.16853932584269662,1,1,1,0,LEGITIMATE
USER1627,5,1,10240.250428,2048.0500856,4092.44844,200.0,40.0,3.4,0,1257,5,3,3,0.2,0.019530772358177725,0,0.0,1024,0.14634146341463414,1,1,1,0,LEGITIMATE
USER1628,5,2,14986.547926,2997.3095851999997,4750.905594999999,400.0,80.0,7.0,0,1334,5,4,4,0.4,0.026690602931048874,0,0.0,1154,0.12987012987012986,1,1,1,0,LEGITIMATE
USER1629,3,3,5261.917530000001,1753.9725100000003,2993.777235,400.0,133.33333333333334,38.333333333333336,0,1405,3,2,3,1.0,0.07601791508883643,1,0.3333333333333333,844,0.10650887573964497,1,1,1,0,HIGH_RETURN_LEGITIMATE
USER1630,2,1,2317.31424,1158.65712,1411.954488,200.0,100.0,18.0,0,556,2,2,2,0.5,0.0863068100768241,0,0.0,369,0.16216216216216217,1,1,1,0,LEGITIMATE
USER1631,5,4,15194.939639000002,3038.9879278000003,4078.460352,9649.742693574743,1929.9485387149484,2.0,0,1184,5,3,4,0.8,0.6350629171837766,4,1.0,934,0.16042780748663102,1,1,1,1,INDIVIDUAL_RETURN_ABUSE
USER1632,4,4,12497.650772,3124.412693,4340.944439999999,4650.5767255422215,1162.6441813855554,12.5,2,1441,4,3,2,1.0,0.3721160728831911,3,0.75,603,0.1986754966887417,1,1,1,1,INDIVIDUAL_RETURN_ABUSE
USER1633,1,0,2590.619928,2590.619928,2590.619928,0.0,0.0,0.0,0,1,1,1,1,0.0,0.0,0,0.0,0,30.0,1,1,1,0,LEGITIMATE
USER1634,1,1,532.9848479999999,532.9848479999999,532.9848479999999,200.0,200.0,19.0,19,892,1,1,1,1.0,0.3752451889589177,0,0.0,0,30.0,1,1,1,0,LEGITIMATE
USER1635,1,1,1563.831594,1563.831594,1563.831594,1288.9223325634753,1288.9223325634753,5.0,5,726,1,1,1,1.0,0.824207886263919,1,1.0,0,30.0,4,4,4,1,COORDINATED_RETURN_ABUSE
USER1636,6,2,9913.443502,1652.2405836666667,3405.6670860000004,400.0,66.66666666666667,12.0,0,1475,6,3,3,0.3333333333333333,0.040349248968766654,0,0.0,1079,0.16666666666666666,1,1,1,0,LEGITIMATE
USER1638,2,0,1661.3308279999999,830.6654139999999,1529.9896199999998,0.0,0.0,0.0,0,899,2,2,2,0.0,0.0,0,0.0,380,0.15748031496062992,1,1,1,0,LEGITIMATE
USER1639,2,2,2183.8787279999997,1091.9393639999998,1240.88118,400.0,200.0,41.5,31,511,2,1,2,1.0,0.1831603535816848,0,0.0,208,0.28708133971291866,1,1,1,0,LEGITIMATE
USER1640,8,1,14076.270353,1759.533794125,3790.05504,200.0,25.0,7.5,0,1374,8,3,4,0.125,0.014208309089301846,0,0.0,895,0.26785714285714285,1,1,1,0,LEGITIMATE
USER1641,1,0,1084.395351,1084.395351,1084.395351,0.0,0.0,0.0,0,606,1,1,1,0.0,0.0,0,0.0,0,30.0,1,1,1,0,LEGITIMATE
USER1642,1,1,486.572541,486.572541,486.572541,200.0,200.0,59.0,59,64,1,1,1,1.0,0.4110384025965822,0,0.0,0,30.0,1,1,1,0,LEGITIMATE
USER1643,1,0,6208.76256,6208.76256,6208.76256,0.0,0.0,0.0,0,180,1,1,1,0.0,0.0,0,0.0,0,30.0,1,1,1,0,LEGITIMATE
USER1644,4,2,10649.66935,2662.4173375,3606.499208,400.0,100.0,19.5,0,1591,4,2,2,0.5,0.03755985156478121,0,0.0,1060,0.11310084825636192,1,1,1,0,LEGITIMATE
USER1645,1,0,1757.759528,1757.759528,1757.759528,0.0,0.0,0.0,0,28,1,1,1,0.0,0.0,0,0.0,0,30.0,1,1,1,0,LEGITIMATE
USER1646,6,2,8188.04014,1364.6733566666667,4091.282624,200.0,33.333333333333336,4.333333333333333,0,1248,6,4,3,0.3333333333333333,0.024425869509721285,1,0.5,978,0.18386108273748722,1,1,1,0,HIGH_RETURN_LEGITIMATE
USER1647,3,1,7692.4582740000005,2564.152758,4137.851028,200.0,66.66666666666667,17.0,0,1105,3,3,2,0.3333333333333333,0.02599949104384313,0,0.0,520,0.1727447216890595,1,1,1,0,LEGITIMATE
USER1648,5,1,6750.550688,1350.1101376000001,2693.520864,200.0,40.0,4.6,0,1223,5,3,3,0.2,0.029627212540678575,0,0.0,1128,0.1328609388839681,1,1,1,0,LEGITIMATE
USER1649,2,0,6063.770844,3031.885422,4088.915208,0.0,0.0,0.0,0,592,2,2,2,0.0,0.0,0,0.0,87,0.6818181818181818,1,1,1,0,LEGITIMATE
USER1650,3,1,4556.802258000001,1518.9340860000002,2659.62242,200.0,66.66666666666667,6.666666666666667,0,1603,3,2,3,0.3333333333333333,0.0438904276894782,0,0.0,804,0.11180124223602485,1,1,1,0,LEGITIMATE
USER1651,3,1,10530.848129999998,3510.2827099999995,5180.054999999999,200.0,66.66666666666667,9.333333333333334,0,1324,3,3,3,0.3333333333333333,0.018991822646292407,0,0.0,621,0.14469453376205788,1,1,1,0,LEGITIMATE
USER1652,4,3,6641.076396,1660.269099,1878.732,2774.3222563531363,693.5805640882841,2.5,0,1077,4,2,3,0.75,0.4177518960667496,3,1.0,931,0.12875536480686695,4,4,4,1,COORDINATED_RETURN_ABUSE
USER1653,1,0,1615.355064,1615.355064,1615.355064,0.0,0.0,0.0,0,854,1,1,1,0.0,0.0,0,0.0,0,30.0,1,1,1,0,LEGITIMATE
USER1654,3,0,2865.845826,955.2819420000001,1245.058146,0.0,0.0,0.0,0,940,3,2,2,0.0,0.0,0,0.0,318,0.28213166144200624,1,1,1,0,LEGITIMATE
USER1655,2,1,10990.50105,5495.250525,8182.3098,4910.803339924231,2455.4016699621156,3.0,0,1358,2,2,2,0.5,0.44682251678818874,0,0.0,817,0.07334963325183375,3,3,1,1,COORDINATED_RETURN_ABUSE
USER1656,1,0,3551.679996,3551.679996,3551.679996,0.0,0.0,0.0,0,214,1,1,1,0.0,0.0,0,0.0,0,30.0,1,1,1,0,LEGITIMATE
USER1657,6,2,7478.657517,1246.4429195,2211.94224,400.0,66.66666666666667,15.333333333333334,0,993,6,2,4,0.3333333333333333,0.053485535216814775,0,0.0,778,0.23106546854942234,1,1,1,0,LEGITIMATE
USER1661,4,4,4796.145565,1199.03639125,2453.86482,1990.4411508614653,497.6102877153663,17.0,2,1350,4,2,3,1.0,0.41500849461008077,3,0.75,569,0.21052631578947367,1,1,1,1,INDIVIDUAL_RETURN_ABUSE
USER1662,2,2,6478.283936,3239.141968,5640.605792,905.7368010957243,452.86840054786217,26.5,1,1009,2,2,1,1.0,0.13981122316398026,1,0.5,150,0.3973509933774834,5,3,5,1,COORDINATED_RETURN_ABUSE
USER1663,1,0,3180.3390960000006,3180.3390960000006,3180.3390960000006,0.0,0.0,0.0,0,536,1,1,1,0.0,0.0,0,0.0,0,30.0,1,1,1,0,LEGITIMATE
USER1664,3,2,4874.862604000001,1624.9542013333337,2633.4241,400.0,133.33333333333334,9.333333333333334,0,1455,3,3,2,0.6666666666666666,0.08205359463296166,0,0.0,611,0.14705882352941177,1,1,1,0,LEGITIMATE
USER1665,1,0,2648.252508,2648.252508,2648.252508,0.0,0.0,0.0,0,720,1,1,1,0.0,0.0,0,0.0,0,30.0,1,1,1,0,LEGITIMATE
USER1666,4,0,16326.223148000003,4081.5557870000007,7014.609,0.0,0.0,0.0,0,893,4,3,2,0.0,0.0,0,0.0,359,0.3333333333333333,1,1,1,0,LEGITIMATE
USER1667,1,1,1294.345728,1294.345728,1294.345728,200.0,200.0,9.0,9,154,1,1,1,1.0,0.15451822157982198,0,0.0,0,30.0,1,1,1,0,LEGITIMATE
USER1668,4,3,3358.963134,839.7407835,1765.593468,1173.7445944050125,293.43614860125314,10.25,0,1055,4,3,2,0.75,0.3494365813438584,2,0.6666666666666666,885,0.13544018058690746,1,1,1,1,INDIVIDUAL_RETURN_ABUSE
USER1669,2,1,11992.606748,5996.303374,6438.047688000001,4004.364721145341,2002.1823605726704,2.5,0,213,2,1,2,0.5,0.3339027790445264,1,1.0,94,0.631578947368421,1,1,1,1,INDIVIDUAL_RETURN_ABUSE
USER1670,2,0,3918.38902,1959.19451,2673.024652,0.0,0.0,0.0,0,884,2,2,2,0.0,0.0,0,0.0,603,0.09933774834437085,1,1,1,0,LEGITIMATE
USER1671,1,1,5246.135159999999,5246.135159999999,5246.135159999999,200.0,200.0,25.0,25,473,1,1,1,1.0,0.03812330294593478,0,0.0,0,30.0,1,1,1,0,LEGITIMATE
USER1672,1,1,3817.940872,3817.940872,3817.940872,200.0,200.0,39.0,39,217,1,1,1,1.0,0.05238425808706448,0,0.0,0,30.0,1,1,1,0,LEGITIMATE
USER1673,2,1,4738.578928,2369.289464,3093.5443,200.0,100.0,18.5,0,362,2,1,2,0.5,0.04220674658771876,0,0.0,44,1.3333333333333333,1,1,1,0,LEGITIMATE
USER1674,5,1,9647.458844,1929.4917688,2638.889,200.0,40.0,5.6,0,1343,5,2,3,0.2,0.020730847701349364,0,0.0,467,0.32051282051282054,1,1,1,0,LEGITIMATE
USER1675,2,2,3748.341972,1874.170986,2069.9770000000003,400.0,200.0,24.0,20,536,2,2,2,1.0,0.10671384921332892,0,0.0,447,0.13392857142857142,1,1,1,0,LEGITIMATE
USER1676,2,0,6046.382812,3023.191406,5452.210812,0.0,0.0,0.0,0,806,2,2,2,0.0,0.0,0,0.0,46,1.2765957446808511,1,1,1,0,LEGITIMATE
USER1677,2,0,3641.603973,1820.8019865,3003.568425,0.0,0.0,0.0,0,1212,2,2,1,0.0,0.0,0,0.0,669,0.08955223880597014,1,1,1,0,LEGITIMATE
USER1678,5,2,8765.019054,1753.0038108,3387.5613,400.0,80.0,22.6,0,1262,5,3,3,0.4,0.045635953274677274,0,0.0,975,0.15368852459016394,1,1,1,0,LEGITIMATE
USER1679,3,1,2095.158025,698.3860083333334,960.251061,200.0,66.66666666666667,13.333333333333334,0,468,3,2,2,0.3333333333333333,0.09545819342194964,0,0.0,407,0.22058823529411764,1,1,1,0,LEGITIMATE
USER1680,2,1,2553.4157090000003,1276.7078545000002,2119.4495400000005,200.0,100.0,19.5,0,405,2,1,2,0.5,0.07832645475433628,0,0.0,346,0.1729106628242075,1,1,1,0,LEGITIMATE
USER1681,5,2,10422.597825,2084.519565,5308.9542,400.0,80.0,20.0,0,1194,5,4,3,0.4,0.03837814782035879,0,0.0,708,0.21156558533145275,1,1,1,0,LEGITIMATE
USER1682,2,1,3749.896678,1874.948339,2357.5818480000003,200.0,100.0,29.5,0,1402,2,2,1,0.5,0.05333480284226647,0,0.0,866,0.06920415224913495,1,1,1,0,LEGITIMATE
USER1683,1,1,645.251796,645.251796,645.251796,200.0,200.0,40.0,40,889,1,1,1,1.0,0.3099565181218031,0,0.0,0,30.0,1,1,1,0,LEGITIMATE
USER1684,5,5,9067.059115,1813.411823,2907.186525,1000.0,200.0,48.6,31,559,5,3,4,1.0,0.11028934380119568,0,0.0,344,0.43478260869565216,1,1,1,0,LEGITIMATE
USER1685,5,1,11831.621908000001,2366.3243816000004,6209.97508,200.0,40.0,1.8,0,1481,5,4,3,0.2,0.01690385321261569,0,0.0,1128,0.1328609388839681,1,1,1,0,LEGITIMATE
USER1686,1,0,2229.5473799999995,2229.5473799999995,2229.5473799999995,0.0,0.0,0.0,0,45,1,1,1,0.0,0.0,0,0.0,0,30.0,1,1,1,0,LEGITIMATE
USER1687,1,1,1005.053196,1005.053196,1005.053196,779.4796406067608,779.4796406067608,6.0,6,2,1,1,1,1.0,0.775560580981189,0,0.0,0,30.0,3,2,1,1,COORDINATED_RETURN_ABUSE
USER1688,1,1,3301.61835,3301.61835,3301.61835,200.0,200.0,46.0,46,646,1,1,1,1.0,0.060576353411653405,0,0.0,0,30.0,1,1,1,0,LEGITIMATE
USER1689,2,1,6439.5959760000005,3219.7979880000003,5560.93824,4709.94461239394,2354.97230619697,2.0,0,1032,2,2,2,0.5,0.7314037448851806,1,1.0,265,0.22556390977443608,5,1,1,1,COORDINATED_RETURN_ABUSE
USER1690,6,0,18829.174414999998,3138.195735833333,7625.20242,0.0,0.0,0.0,0,890,6,3,3,0.0,0.0,0,0.0,724,0.2482758620689655,1,1,1,0,LEGITIMATE
USER1691,2,0,4087.72023,2043.860115,2464.480234,0.0,0.0,0.0,0,706,2,1,2,0.0,0.0,0,0.0,563,0.10638297872340426,1,1,1,0,LEGITIMATE
USER1693,3,3,4498.596174,1499.532058,3032.03772,600.0,200.0,37.666666666666664,8,1582,3,2,2,1.0,0.13337494115781018,0,0.0,1175,0.07653061224489796,1,1,1,0,LEGITIMATE
USER1694,7,4,8970.916637999999,1281.5595197142854,2105.22152,800.0,114.28571428571429,27.571428571428573,0,1530,7,3,2,0.5714285714285714,0.08917706320124208,0,0.0,908,0.23102310231023102,1,1,1,0,LEGITIMATE
USER1695,5,1,11319.107356,2263.8214712,3179.652336,200.0,40.0,8.6,0,1624,5,4,3,0.2,0.01766923783914679,0,0.0,829,0.18072289156626506,1,1,1,0,LEGITIMATE
USER1696,4,2,9309.324355,2327.33108875,3842.21394,400.0,100.0,24.0,0,1175,4,2,2,0.5,0.04296767249120089,0,0.0,885,0.13544018058690746,1,1,1,0,HIGH_RETURN_LEGITIMATE
USER1697,2,0,8864.186971,4432.0934855,4621.450036,0.0,0.0,0.0,0,939,2,1,2,0.0,0.0,0,0.0,204,0.2926829268292683,1,1,1,0,LEGITIMATE
USER1698,1,1,3720.638140000001,3720.638140000001,3720.638140000001,200.0,200.0,25.0,25,710,1,1,1,1.0,0.05375421969952712,0,0.0,0,30.0,1,1,1,0,LEGITIMATE
USER1699,5,2,5333.909978,1066.7819955999998,1956.660678,400.0,80.0,14.8,0,1893,5,2,3,0.4,0.07499189181103949,0,0.0,1177,0.1273344651952462,1,1,1,0,LEGITIMATE
USER1700,2,0,2440.28644,1220.14322,1727.52552,0.0,0.0,0.0,0,749,2,1,1,0.0,0.0,0,0.0,150,0.3973509933774834,1,1,1,0,LEGITIMATE
USER1701,3,2,15802.219641,5267.406547,9110.61603,400.0,133.33333333333334,25.666666666666668,0,1403,3,2,2,0.6666666666666666,0.02531289964874119,0,0.0,909,0.0989010989010989,1,1,1,0,LEGITIMATE
USER1702,3,2,4833.454320000001,1611.1514400000003,2376.91944,400.0,133.33333333333334,10.666666666666666,0,735,3,2,1,0.6666666666666666,0.08275654915054621,0,0.0,170,0.5263157894736842,1,1,1,0,LEGITIMATE
USER1703,4,3,16887.519931,4221.87998275,8481.186115,600.0,150.0,26.0,0,1567,4,3,3,0.75,0.03552919566943604,0,0.0,723,0.16574585635359115,1,1,1,0,LEGITIMATE
USER1704,1,1,4705.282386,4705.282386,4705.282386,200.0,200.0,10.0,10,40,1,1,1,1.0,0.04250541914234008,0,0.0,0,30.0,1,1,1,0,LEGITIMATE
USER1705,1,1,530.508364,530.508364,530.508364,200.0,200.0,41.0,41,641,1,1,1,1.0,0.37699688369097983,0,0.0,0,30.0,1,1,1,0,LEGITIMATE
USER1708,6,1,19153.469936,3192.2449893333337,8669.59458,200.0,33.333333333333336,6.5,0,1164,6,3,4,0.16666666666666666,0.010441972168400097,0,0.0,692,0.2597402597402597,1,1,1,0,LEGITIMATE
USER1709,4,3,5838.556423,1459.63910575,2792.8535500000003,3195.1645497416325,798.7911374354081,1.25,0,1476,4,4,3,0.75,0.5472524915841911,3,1.0,1080,0.11100832562442182,1,1,1,1,INDIVIDUAL_RETURN_ABUSE
USER1710,3,0,5644.806428,1881.6021426666666,3377.436416,0.0,0.0,0.0,0,1975,3,1,2,0.0,0.0,0,0.0,1130,0.07957559681697612,1,1,1,0,LEGITIMATE
USER1711,2,2,6508.912146000001,3254.4560730000003,3600.580746,400.0,200.0,53.0,49,386,2,1,1,1.0,0.0614542017203008,0,0.0,371,0.16129032258064516,1,1,1,0,LEGITIMATE
USER1713,3,2,20916.239525999998,6972.079841999999,8985.152069999998,8007.890198082796,2669.2967326942653,1.6666666666666667,0,1353,3,2,3,0.6666666666666666,0.38285515845850604,2,1.0,717,0.12534818941504178,3,3,3,1,COORDINATED_RETURN_ABUSE
USER1714,5,3,14042.66561,2808.533122,5500.61344,0.0,0.0,0.0,0,1315,5,3,3,0.6,0.0,3,1.0,854,0.17543859649122806,1,1,1,0,HIGH_RETURN_LEGITIMATE
USER1715,1,0,3485.036544,3485.036544,3485.036544,0.0,0.0,0.0,0,722,1,1,1,0.0,0.0,0,0.0,0,30.0,1,1,1,0,LEGITIMATE
USER1716,2,0,7017.385765999999,3508.6928829999997,4148.888636,0.0,0.0,0.0,0,856,2,1,2,0.0,0.0,0,0.0,399,0.15,1,1,1,0,LEGITIMATE
USER1718,2,2,3551.54882,1775.77441,3309.219296,2029.9346798351469,1014.9673399175734,3.0,3,1433,2,1,1,1.0,0.5715632200813016,2,1.0,649,0.09230769230769231,1,1,1,1,INDIVIDUAL_RETURN_ABUSE
USER1719,5,0,9367.750721999999,1873.5501443999997,5921.755859999999,0.0,0.0,0.0,0,1600,5,4,3,0.0,0.0,0,0.0,1259,0.11904761904761904,1,1,1,0,LEGITIMATE
USER1720,3,1,7491.328068000001,2497.1093560000004,3186.5372,200.0,66.66666666666667,14.666666666666666,0,1295,3,2,2,0.3333333333333333,0.026697535895447048,0,0.0,937,0.09594882729211088,1,1,1,0,LEGITIMATE
USER1721,1,0,2110.6563800000004,2110.6563800000004,2110.6563800000004,0.0,0.0,0.0,0,794,1,1,1,0.0,0.0,0,0.0,0,30.0,1,1,1,0,LEGITIMATE
USER1722,1,1,722.146147,722.146147,722.146147,200.0,200.0,29.0,29,289,1,1,1,1.0,0.27695224966699156,0,0.0,0,30.0,1,1,1,0,LEGITIMATE
USER1723,1,0,725.384356,725.384356,725.384356,0.0,0.0,0.0,0,317,1,1,1,0.0,0.0,0,0.0,0,30.0,1,1,1,0,LEGITIMATE
USER1724,1,0,3196.2944,3196.2944,3196.2944,0.0,0.0,0.0,0,783,1,1,1,0.0,0.0,0,0.0,0,30.0,1,1,1,0,LEGITIMATE
USER1725,5,4,14275.109126999998,2855.0218253999997,5406.537949999999,800.0,160.0,23.4,0,1412,5,3,4,0.8,0.056041603106688466,0,0.0,827,0.18115942028985507,1,1,1,0,LEGITIMATE
USER1726,3,0,4479.373920000001,1493.1246400000002,2710.0830960000008,0.0,0.0,0.0,0,624,3,3,2,0.0,0.0,0,0.0,357,0.25139664804469275,1,1,1,0,LEGITIMATE
USER1727,2,1,4585.203833,2292.6019165,3794.884533,200.0,100.0,19.5,0,423,2,2,2,0.5,0.04361856250764414,0,0.0,247,0.24193548387096775,1,1,1,0,LEGITIMATE
USER1728,1,1,1430.158084,1430.158084,1430.158084,200.0,200.0,57.0,57,267,1,1,1,1.0,0.13984468027521915,0,0.0,0,30.0,1,1,1,0,LEGITIMATE
USER1729,3,0,9282.701653,3094.233884333333,4258.896264999999,0.0,0.0,0.0,0,811,3,2,3,0.0,0.0,0,0.0,526,0.17077798861480076,1,1,1,0,LEGITIMATE
USER1730,2,1,5233.8004710000005,2616.9002355000002,4714.41348,200.0,100.0,8.5,0,645,2,2,1,0.5,0.03821314952837452,0,0.0,400,0.14962593516209477,1,1,1,0,LEGITIMATE
USER1731,2,1,1365.3680759999997,682.6840379999999,1111.3783559999997,200.0,100.0,9.5,0,387,2,1,1,0.5,0.14648064761109886,0,0.0,106,0.5607476635514018,1,1,1,0,LEGITIMATE
USER1732,3,1,7168.714105999999,2389.5713686666663,3462.023544,200.0,66.66666666666667,18.333333333333332,0,1498,3,2,1,0.3333333333333333,0.02789900629913613,0,0.0,1003,0.08964143426294821,1,1,1,0,LEGITIMATE
USER1733,3,1,2297.485024,765.8283413333334,1274.36616,200.0,66.66666666666667,10.333333333333334,0,800,3,1,2,0.3333333333333333,0.08705170998320291,0,0.0,684,0.13138686131386862,1,1,1,0,LEGITIMATE
USER1734,2,1,2870.68682,1435.34341,1588.20696,200.0,100.0,13.0,0,567,2,2,2,0.5,0.0696697384774282,0,0.0,299,0.2,1,1,1,0,LEGITIMATE
USER1735,1,0,4383.22752,4383.22752,4383.22752,0.0,0.0,0.0,0,685,1,1,1,0.0,0.0,0,0.0,0,30.0,1,1,1,0,LEGITIMATE
USER1736,4,3,6552.384233999999,1638.0960584999998,4107.950417999999,1112.4394877906263,278.1098719476566,13.25,0,1316,4,4,2,0.75,0.16977629028808058,1,0.3333333333333333,1142,0.10498687664041995,1,1,1,1,INDIVIDUAL_RETURN_ABUSE
USER1738,4,0,13249.639737,3312.40993425,7356.743604,0.0,0.0,0.0,0,1329,4,2,3,0.0,0.0,0,0.0,1217,0.09852216748768473,1,1,1,0,LEGITIMATE
USER1739,3,3,8660.149130000002,2886.716376666667,6613.085270000001,400.0,133.33333333333334,21.333333333333332,0,1893,3,1,2,1.0,0.046188581050451254,1,0.3333333333333333,1084,0.08294930875576037,3,2,1,1,COORDINATED_RETURN_ABUSE
USER1740,1,1,1033.396056,1033.396056,1033.396056,200.0,200.0,35.0,35,249,1,1,1,1.0,0.193536639547616,0,0.0,0,30.0,1,1,1,0,LEGITIMATE
USER1741,2,1,1813.3383720000002,906.6691860000001,1523.109654,200.0,100.0,16.5,0,938,2,2,2,0.5,0.11029381117624085,0,0.0,448,0.133630289532294,1,1,1,0,LEGITIMATE
USER1742,2,0,2011.9434380000002,1005.9717190000001,1225.825182,0.0,0.0,0.0,0,1163,2,2,2,0.0,0.0,0,0.0,411,0.14563106796116504,1,1,1,0,LEGITIMATE
USER1743,2,1,3537.1607200000003,1768.5803600000002,2593.7611,200.0,100.0,19.5,0,1191,2,2,2,0.5,0.05654252544113969,0,0.0,401,0.14925373134328357,4,2,1,1,COORDINATED_RETURN_ABUSE
USER1744,3,2,8611.465742,2870.4885806666666,5263.3952,400.0,133.33333333333334,14.333333333333334,0,1242,3,2,2,0.6666666666666666,0.0464496999679291,0,0.0,881,0.10204081632653061,1,1,1,0,LEGITIMATE
USER1745,5,1,4943.231872,988.6463744,1799.969244,200.0,40.0,3.2,0,1366,5,4,3,0.2,0.040459360430341554,0,0.0,516,0.2901353965183752,1,1,1,0,LEGITIMATE
USER1746,5,0,6155.462186,1231.0924372,1980.988928,0.0,0.0,0.0,0,1032,5,3,3,0.0,0.0,0,0.0,963,0.15560165975103735,1,1,1,0,LEGITIMATE
USER1748,6,1,15151.401770000002,2525.233628333334,6693.43224,200.0,33.333333333333336,1.0,0,1558,6,4,3,0.16666666666666666,0.013200098778715178,0,0.0,1279,0.140625,1,1,1,0,LEGITIMATE
USER1749,8,2,18561.099405,2320.137425625,7445.982579999999,400.0,50.0,9.0,0,1771,8,3,3,0.25,0.02155044759322003,0,0.0,939,0.2553191489361702,1,1,1,0,LEGITIMATE
USER1750,2,1,2225.683384,1112.841692,1895.444688,200.0,100.0,9.5,0,309,2,1,1,0.5,0.08986004093743102,0,0.0,304,0.19672131147540983,1,1,1,0,LEGITIMATE
USER1751,1,1,1997.006546,1997.006546,1997.006546,200.0,200.0,38.0,38,138,1,1,1,1.0,0.10014989705496939,0,0.0,0,30.0,1,1,1,0,LEGITIMATE
USER1752,2,0,1857.9870150000002,928.9935075000001,1479.7648800000002,0.0,0.0,0.0,0,1885,2,1,2,0.0,0.0,0,0.0,1084,0.055299539170506916,1,1,1,0,LEGITIMATE
USER1753,3,0,10811.463194,3603.8210646666666,7277.237443999999,0.0,0.0,0.0,0,803,3,2,1,0.0,0.0,0,0.0,731,0.12295081967213115,1,1,1,0,LEGITIMATE
USER1754,4,0,4028.766392,1007.191598,1693.663875,0.0,0.0,0.0,0,508,4,2,3,0.0,0.0,0,0.0,399,0.3,1,1,1,0,LEGITIMATE
USER1756,2,0,4389.808503,2194.9042515,3169.377141,0.0,0.0,0.0,0,900,2,2,1,0.0,0.0,0,0.0,134,0.4444444444444444,1,1,1,0,LEGITIMATE
USER1757,1,0,2471.873144,2471.873144,2471.873144,0.0,0.0,0.0,0,221,1,1,1,0.0,0.0,0,0.0,0,30.0,1,1,1,0,LEGITIMATE
USER1758,1,0,362.397272,362.397272,362.397272,0.0,0.0,0.0,0,521,1,1,1,0.0,0.0,0,0.0,0,30.0,1,1,1,0,LEGITIMATE
USER1759,4,1,4898.0977920000005,1224.5244480000001,1932.39648,200.0,50.0,9.75,0,1260,4,3,2,0.25,0.040832177815366896,0,0.0,424,0.2823529411764706,1,1,1,0,LEGITIMATE
USER1760,4,1,9551.263477,2387.81586925,3356.3648200000007,200.0,50.0,11.5,0,1621,4,3,2,0.25,0.02093963803653953,0,0.0,807,0.1485148514851485,1,1,1,0,LEGITIMATE
USER1761,1,0,2157.779406,2157.779406,2157.779406,0.0,0.0,0.0,0,120,1,1,1,0.0,0.0,0,0.0,0,30.0,1,1,1,0,LEGITIMATE
USER1762,3,1,11659.518446,3886.506148666667,6381.51072,200.0,66.66666666666667,19.0,0,1074,3,3,3,0.3333333333333333,0.017153367090268934,0,0.0,997,0.09018036072144289,1,1,1,0,LEGITIMATE
USER1763,3,0,5052.4324879999995,1684.1441626666665,1975.170612,0.0,0.0,0.0,0,1231,3,2,1,0.0,0.0,0,0.0,519,0.17307692307692307,1,1,1,0,LEGITIMATE
USER1764,2,2,7282.409012,3641.204506,4330.796012,400.0,200.0,38.5,24,1317,2,2,2,1.0,0.05492687918803756,0,0.0,915,0.06550218340611354,1,1,1,0,LEGITIMATE
USER1765,4,1,14286.381834,3571.5954585,5993.290620000001,200.0,50.0,8.25,0,744,4,4,3,0.25,0.013999345833248153,0,0.0,541,0.22140221402214022,1,1,1,0,LEGITIMATE
USER1766,2,1,4822.743305999999,2411.3716529999997,3753.66601,200.0,100.0,22.0,0,1114,2,2,2,0.5,0.04147017315874535,0,0.0,405,0.1477832512315271,1,1,1,0,LEGITIMATE
USER1767,1,0,5030.239536,5030.239536,5030.239536,0.0,0.0,0.0,0,401,1,1,1,0.0,0.0,0,0.0,0,30.0,1,1,1,0,LEGITIMATE
USER1768,6,3,7385.440081000001,1230.9066801666668,2675.544,600.0,100.0,12.5,0,1348,6,4,4,0.5,0.08124092720535064,1,0.3333333333333333,858,0.20954598370197905,1,1,1,0,LEGITIMATE
USER1769,2,0,5103.757488,2551.878744,4518.501792,0.0,0.0,0.0,0,1655,2,2,2,0.0,0.0,0,0.0,1000,0.059940059940059943,1,1,1,0,LEGITIMATE
USER1771,2,0,5411.723005,2705.8615025,3081.029805,0.0,0.0,0.0,0,965,2,2,1,0.0,0.0,0,0.0,454,0.13186813186813187,1,1,1,0,LEGITIMATE
USER1772,3,0,10319.947860000002,3439.9826200000007,8108.735440000002,0.0,0.0,0.0,0,395,3,2,1,0.0,0.0,0,0.0,183,0.4891304347826087,1,1,1,0,LEGITIMATE
USER1773,2,0,7551.36087,3775.680435,3961.89159,0.0,0.0,0.0,0,844,2,2,2,0.0,0.0,0,0.0,99,0.6,1,1,1,0,LEGITIMATE
USER1774,3,2,2586.2685589999996,862.0895196666665,1258.3622759999998,400.0,133.33333333333334,11.0,0,1334,3,2,2,0.6666666666666666,0.15466297906612725,0,0.0,697,0.12893982808022922,1,1,1,0,LEGITIMATE
USER1775,3,2,10884.613482,3628.204494,5152.984600000001,200.0,66.66666666666667,18.666666666666668,0,1112,3,3,2,0.6666666666666666,0.018374561515734307,1,0.5,611,0.14705882352941177,1,1,1,0,HIGH_RETURN_LEGITIMATE
USER1776,4,0,7373.546339,1843.38658475,3244.57144,0.0,0.0,0.0,0,1226,4,3,3,0.0,0.0,0,0.0,834,0.1437125748502994,1,1,1,0,LEGITIMATE
USER1777,2,1,1817.89712,908.94856,1482.2496,200.0,100.0,9.5,0,1480,2,2,2,0.5,0.11001722693746277,0,0.0,1181,0.050761421319796954,1,1,1,0,LEGITIMATE
USER1778,1,0,807.85677,807.85677,807.85677,0.0,0.0,0.0,0,214,1,1,1,0.0,0.0,0,0.0,0,30.0,1,1,1,0,LEGITIMATE
USER1779,5,1,13635.342951999999,2727.0685903999997,5851.159656,200.0,40.0,7.6,0,825,5,3,4,0.2,0.014667764551581336,0,0.0,587,0.25510204081632654,1,1,1,0,LEGITIMATE
USER1780,1,1,1634.383146,1634.383146,1634.383146,200.0,200.0,26.0,26,312,1,1,1,1.0,0.12237032698818592,0,0.0,0,30.0,1,1,1,0,LEGITIMATE
USER1781,6,1,20186.478748999998,3364.413124833333,6017.716355,200.0,33.333333333333336,8.0,0,1408,6,3,4,0.16666666666666666,0.009907621952635382,0,0.0,1247,0.14423076923076922,1,1,1,0,LEGITIMATE
USER1782,1,0,2125.985712,2125.985712,2125.985712,0.0,0.0,0.0,0,390,1,1,1,0.0,0.0,0,0.0,0,30.0,1,1,1,0,LEGITIMATE
USER1783,2,1,7669.344742000001,3834.6723710000006,6932.083030000001,382.0021864243212,191.0010932121606,2.5,0,1323,2,1,1,0.5,0.04980897316198923,1,1.0,559,0.10714285714285714,1,1,1,1,INDIVIDUAL_RETURN_ABUSE
USER1784,2,1,2994.93804,1497.46902,2002.270464,580.166537632404,290.083268816202,1.0,0,564,2,2,2,0.5,0.1937157062629596,1,1.0,265,0.22556390977443608,1,1,1,1,INDIVIDUAL_RETURN_ABUSE
USER1785,6,1,9204.03883,1534.0064716666666,3086.308512,200.0,33.333333333333336,5.166666666666667,0,1589,6,3,3,0.16666666666666666,0.021729591073444007,0,0.0,1050,0.17126546146527116,1,1,1,0,LEGITIMATE
USER1786,2,0,9238.290894999998,4619.145447499999,5087.630079999999,0.0,0.0,0.0,0,1127,2,2,2,0.0,0.0,0,0.0,957,0.06263048016701461,1,1,1,0,LEGITIMATE
USER1787,4,1,17586.208962,4396.5522405,6955.61188,200.0,50.0,3.5,0,1096,4,4,3,0.25,0.011372547683935566,0,0.0,562,0.21314387211367672,1,1,1,0,LEGITIMATE
USER1788,1,0,152.372064,152.372064,152.372064,0.0,0.0,0.0,0,82,1,1,1,0.0,0.0,0,0.0,0,30.0,1,1,1,0,LEGITIMATE
USER1789,3,0,4911.997556,1637.3325186666668,3450.554792,0.0,0.0,0.0,0,1435,3,1,3,0.0,0.0,0,0.0,922,0.09750812567713976,1,1,1,0,LEGITIMATE
USER1790,2,0,2463.907432,1231.953716,1382.663784,0.0,0.0,0.0,0,950,2,2,2,0.0,0.0,0,0.0,375,0.1595744680851064,1,1,1,0,LEGITIMATE
USER1791,2,0,5873.018998,2936.509499,3445.285998,0.0,0.0,0.0,0,168,2,2,2,0.0,0.0,0,0.0,90,0.6593406593406593,4,4,4,1,COORDINATED_RETURN_ABUSE
USER1792,1,0,723.757068,723.757068,723.757068,0.0,0.0,0.0,0,298,1,1,1,0.0,0.0,0,0.0,0,30.0,1,1,1,0,LEGITIMATE
USER1793,3,2,4861.753422000001,1620.5844740000002,4064.042316000001,400.0,133.33333333333334,9.666666666666666,0,929,3,3,2,0.6666666666666666,0.08227484310289235,0,0.0,279,0.32142857142857145,1,1,1,0,LEGITIMATE
USER1794,4,3,7180.991444,1795.247861,5525.551472,400.0,100.0,21.75,0,1361,3,1,4,0.75,0.055702614760001656,1,0.3333333333333333,1242,0.09654062751407884,1,1,1,0,HIGH_RETURN_LEGITIMATE
USER1795,1,1,2065.96884,2065.96884,2065.96884,1078.3820103632484,1078.3820103632484,1.0,1,489,1,1,1,1.0,0.5219739956790677,1,1.0,0,30.0,5,4,1,1,COORDINATED_RETURN_ABUSE
USER1796,2,1,1578.78069,789.390345,1084.270062,200.0,100.0,26.0,0,798,2,1,2,0.5,0.12668003939166497,0,0.0,411,0.14563106796116504,1,1,1,0,LEGITIMATE
USER1797,5,1,12306.955067,2461.3910134000002,3542.647248,200.0,40.0,6.4,0,986,5,3,3,0.2,0.016250973446411788,0,0.0,596,0.25125628140703515,1,1,1,0,LEGITIMATE
USER1799,1,0,3568.3482,3568.3482,3568.3482,0.0,0.0,0.0,0,862,1,1,1,0.0,0.0,0,0.0,0,30.0,1,1,1,0,LEGITIMATE
USER1800,2,0,9526.029733,4763.0148665,5015.872968,0.0,0.0,0.0,0,774,2,1,2,0.0,0.0,0,0.0,389,0.15384615384615385,1,1,1,0,LEGITIMATE
USER1801,3,0,4745.937161,1581.9790536666667,4049.567312,0.0,0.0,0.0,0,1596,3,2,2,0.0,0.0,0,0.0,925,0.09719222462203024,1,1,1,0,LEGITIMATE
USER1802,2,1,1513.073696,756.536848,937.271234,200.0,100.0,25.0,0,1248,2,1,2,0.5,0.13218126818853906,0,0.0,448,0.133630289532294,1,1,1,0,LEGITIMATE
USER1803,4,2,7209.950841,1802.48771025,3483.86635,0.0,0.0,0.0,0,1081,4,3,2,0.5,0.0,2,1.0,744,0.1610738255033557,1,1,1,0,HIGH_RETURN_LEGITIMATE
USER1804,3,0,2923.6565900000005,974.5521966666669,2063.6084,0.0,0.0,0.0,0,1234,3,3,2,0.0,0.0,0,0.0,888,0.10123734533183353,1,1,1,0,LEGITIMATE
USER1805,6,4,17826.160476000005,2971.026746000001,6119.836980000002,800.0,133.33333333333334,17.0,0,1264,6,3,4,0.6666666666666666,0.04487786369235644,1,0.25,824,0.21818181818181817,1,1,1,0,LEGITIMATE
USER1806,3,0,10922.743037999999,3640.9143459999996,6780.841049999999,0.0,0.0,0.0,0,841,3,3,3,0.0,0.0,0,0.0,810,0.11097410604192355,1,1,1,0,LEGITIMATE
USER1807,1,1,2545.29,2545.29,2545.29,200.0,200.0,13.0,13,286,1,1,1,1.0,0.0785765079814088,0,0.0,0,30.0,1,1,1,0,LEGITIMATE
USER1808,4,4,10988.295275,2747.07381875,5644.488156,0.0,0.0,0.0,0,864,4,4,3,1.0,0.0,4,1.0,548,0.2185792349726776,1,1,1,0,HIGH_RETURN_LEGITIMATE
USER1809,4,4,9967.863572,2491.965893,4629.37656,7220.666781391295,1805.1666953478239,2.75,2,1545,4,2,2,1.0,0.7243946237059609,4,1.0,924,0.12972972972972974,1,1,1,1,INDIVIDUAL_RETURN_ABUSE
USER1810,2,0,4527.196096,2263.598048,3537.594306,0.0,0.0,0.0,0,1674,2,1,2,0.0,0.0,0,0.0,963,0.06224066390041494,1,1,1,0,LEGITIMATE
USER1811,3,0,10436.73615,3478.9120500000004,7331.71609,0.0,0.0,0.0,0,251,3,2,2,0.0,0.0,0,0.0,236,0.379746835443038,1,1,1,0,LEGITIMATE
USER1812,3,1,10005.158512000002,3335.052837333334,5706.588712000001,200.0,66.66666666666667,2.3333333333333335,0,1239,3,3,2,0.3333333333333333,0.019989688295305237,0,0.0,718,0.12517385257301808,1,1,1,0,LEGITIMATE
USER1813,5,0,6050.4785249999995,1210.095705,1621.2233709999998,0.0,0.0,0.0,0,1535,5,3,2,0.0,0.0,0,0.0,820,0.18270401948842874,4,4,3,1,COORDINATED_RETURN_ABUSE
USER1814,1,0,2601.073989,2601.073989,2601.073989,0.0,0.0,0.0,0,359,1,1,1,0.0,0.0,0,0.0,0,30.0,1,1,1,0,LEGITIMATE
USER1815,3,2,3550.920576,1183.640192,1312.1365349999996,1503.646066075397,501.2153553584656,2.3333333333333335,0,726,3,1,1,0.6666666666666666,0.4234524636338689,2,1.0,306,0.2931596091205212,1,1,1,1,INDIVIDUAL_RETURN_ABUSE
USER1816,1,1,6735.2691,6735.2691,6735.2691,200.0,200.0,25.0,25,140,1,1,1,1.0,0.029694433441419584,0,0.0,0,30.0,1,1,1,0,LEGITIMATE
USER1817,2,2,3144.5434720000003,1572.2717360000001,2539.1933280000003,400.0,200.0,32.5,19,452,2,2,2,1.0,0.1272044745323845,0,0.0,186,0.32085561497326204,1,1,1,0,LEGITIMATE
USER1819,3,1,8299.240819999999,2766.4136066666665,6703.413916,200.0,66.66666666666667,17.333333333333332,0,513,3,3,2,0.3333333333333333,0.024098589779203445,0,0.0,356,0.25210084033613445,1,1,1,0,LEGITIMATE
USER1820,3,0,4349.394226,1449.7980753333334,2286.666876,0.0,0.0,0.0,0,904,3,3,2,0.0,0.0,0,0.0,788,0.11406844106463879,1,1,1,0,LEGITIMATE
USER1821,2,1,2993.363064,1496.681532,1584.160992,200.0,100.0,27.0,0,1187,2,2,2,0.5,0.0668144811450777,0,0.0,869,0.06896551724137931,1,1,1,0,LEGITIMATE
USER1822,2,0,8298.429656,4149.214828,4806.985964,0.0,0.0,0.0,0,643,2,2,2,0.0,0.0,0,0.0,99,0.6,1,1,1,0,LEGITIMATE
USER1823,2,0,4419.688044,2209.844022,3152.690604,0.0,0.0,0.0,0,918,2,2,1,0.0,0.0,0,0.0,381,0.15706806282722513,1,1,1,0,LEGITIMATE
USER1824,3,1,9899.043612000001,3299.6812040000004,4939.361856,200.0,66.66666666666667,18.666666666666668,0,1042,3,2,3,0.3333333333333333,0.020203972003674405,0,0.0,522,0.17208413001912046,1,1,1,0,LEGITIMATE
USER1825,6,1,19519.469154000002,3253.2448590000004,7456.8494,200.0,33.333333333333336,2.1666666666666665,0,1650,6,3,3,0.16666666666666666,0.010246180284007122,0,0.0,805,0.22332506203473945,1,1,1,0,LEGITIMATE
USER1826,2,0,3870.8383240000003,1935.4191620000001,3501.386624,0.0,0.0,0.0,0,260,2,2,2,0.0,0.0,0,0.0,201,0.297029702970297,1,1,1,0,LEGITIMATE
USER1827,3,0,4100.762718,1366.920906,1648.6560000000002,0.0,0.0,0.0,0,1325,3,3,2,0.0,0.0,0,0.0,566,0.15873015873015872,1,1,1,0,LEGITIMATE
USER1828,1,0,4682.360925,4682.360925,4682.360925,0.0,0.0,0.0,0,156,1,1,1,0.0,0.0,0,0.0,0,30.0,1,1,1,0,LEGITIMATE
USER1829,1,0,1377.458836,1377.458836,1377.458836,0.0,0.0,0.0,0,298,1,1,1,0.0,0.0,0,0.0,0,30.0,1,1,1,0,LEGITIMATE
USER1830,2,0,1967.2379069999997,983.6189534999999,1376.07027,0.0,0.0,0.0,0,901,2,1,2,0.0,0.0,0,0.0,504,0.1188118811881188,1,1,1,0,LEGITIMATE
USER1831,3,2,5446.931196,1815.6437320000002,3028.28706,400.0,133.33333333333334,27.666666666666668,0,1183,3,2,3,0.6666666666666666,0.07343584591150029,0,0.0,1115,0.08064516129032258,1,1,1,0,LEGITIMATE
USER1832,3,0,5041.808954,1680.6029846666668,3304.182325,0.0,0.0,0.0,0,1070,3,2,2,0.0,0.0,0,0.0,468,0.19189765458422176,1,1,1,0,LEGITIMATE
USER1833,1,0,2008.517472,2008.517472,2008.517472,0.0,0.0,0.0,0,657,1,1,1,0.0,0.0,0,0.0,0,30.0,1,1,1,0,LEGITIMATE
USER1834,2,1,6010.750151,3005.3750755,3046.292655,200.0,100.0,10.0,0,1225,2,2,2,0.5,0.03327371708616541,0,0.0,1075,0.055762081784386616,1,1,1,0,LEGITIMATE
USER1835,3,1,8018.158356000001,2672.7194520000003,6068.1201120000005,200.0,66.66666666666667,15.0,0,469,3,2,3,0.3333333333333333,0.024943383644991206,0,0.0,442,0.20316027088036118,1,1,1,0,LEGITIMATE
USER1836,6,5,19497.109354,3249.5182256666667,5021.135424,4691.065631332674,781.844271888779,15.333333333333334,0,1301,6,3,4,0.8333333333333334,0.24060313486266932,3,0.6,749,0.24,1,1,1,1,INDIVIDUAL_RETURN_ABUSE
USER1837,3,0,8351.932324,2783.977441333333,3875.130272,0.0,0.0,0.0,0,102,3,3,2,0.0,0.0,0,0.0,71,1.25,1,1,1,0,LEGITIMATE
USER1838,2,1,3533.705802,1766.852901,2194.733232,200.0,100.0,12.0,0,990,2,2,2,0.5,0.05659780728967431,0,0.0,712,0.08415147265077139,1,1,1,0,LEGITIMATE
USER1839,6,2,11276.857383999999,1879.4762306666664,2960.89744,400.0,66.66666666666667,12.666666666666666,0,1239,6,2,4,0.3333333333333333,0.035470875118766156,0,0.0,1235,0.14563106796116504,1,1,1,0,LEGITIMATE
USER1840,1,1,1275.040088,1275.040088,1275.040088,200.0,200.0,47.0,47,469,1,1,1,1.0,0.1568578132423394,0,0.0,0,30.0,1,1,1,0,LEGITIMATE
USER1841,2,2,3920.914146,1960.457073,2211.55668,2488.7212151413887,1244.3606075706944,5.5,5,1200,2,2,2,1.0,0.6347298416825342,1,0.5,562,0.10657193605683836,4,4,4,1,COORDINATED_RETURN_ABUSE
USER1842,1,0,2133.004376,2133.004376,2133.004376,0.0,0.0,0.0,0,747,1,1,1,0.0,0.0,0,0.0,0,30.0,1,1,1,0,LEGITIMATE
USER1843,3,2,3434.99336,1144.9977866666666,1587.6096,400.0,133.33333333333334,26.666666666666668,0,1927,3,3,2,0.6666666666666666,0.11644855115527793,0,0.0,1152,0.07805724197745013,1,1,1,0,LEGITIMATE
USER1844,2,2,2137.1330550000002,1068.5665275000001,1599.389055,400.0,200.0,50.0,41,391,2,1,2,1.0,0.18716663385284635,0,0.0,44,1.3333333333333333,1,1,1,0,LEGITIMATE
USER1845,6,2,18338.786554,3056.4644256666666,7041.401819999999,400.0,66.66666666666667,14.666666666666666,0,1652,6,3,4,0.3333333333333333,0.021811693964710728,0,0.0,821,0.21897810218978103,1,1,1,1,INDIVIDUAL_RETURN_ABUSE
USER1846,2,1,1466.0069580000002,733.0034790000001,758.8261980000001,200.0,100.0,12.0,0,518,2,2,2,0.5,0.13642500051490206,0,0.0,83,0.7142857142857143,1,1,1,0,LEGITIMATE
USER1847,1,0,1277.5462919999998,1277.5462919999998,1277.5462919999998,0.0,0.0,0.0,0,91,1,1,1,0.0,0.0,0,0.0,0,30.0,1,1,1,0,LEGITIMATE
USER1848,3,2,2612.853072,870.951024,1146.4929840000002,400.0,133.33333333333334,22.0,0,1339,3,3,2,0.6666666666666666,0.15308935825228828,0,0.0,852,0.10550996483001172,1,1,1,0,LEGITIMATE
USER1849,3,0,7402.263771000001,2467.4212570000004,3943.5269160000007,0.0,0.0,0.0,0,1141,3,2,3,0.0,0.0,0,0.0,433,0.2073732718894009,1,1,1,0,LEGITIMATE
USER1850,4,2,9717.564012,2429.391003,4436.6805,400.0,100.0,17.5,0,1745,4,2,3,0.5,0.04116257937751159,0,0.0,1014,0.11822660098522167,1,1,1,0,LEGITIMATE
USER1851,3,2,10087.07157,3362.35719,4057.4484,0.0,0.0,0.0,0,646,3,3,3,0.6666666666666666,0.0,2,1.0,417,0.215311004784689,1,1,1,0,HIGH_RETURN_LEGITIMATE
USER1852,7,3,16632.600094,2376.085727714286,4427.597898,600.0,85.71428571428571,6.857142857142857,0,1415,7,5,4,0.42857142857142855,0.036073734509882334,0,0.0,640,0.32761310452418096,1,1,1,0,LEGITIMATE
USER1854,3,3,4677.0016940000005,1559.0005646666668,2190.46464,600.0,200.0,41.666666666666664,32,1494,3,3,2,1.0,0.1282873172292676,0,0.0,637,0.14106583072100312,1,1,1,0,LEGITIMATE
USER1855,4,2,8085.5244490000005,2021.3811122500001,3300.76368,400.0,100.0,14.25,0,939,4,3,4,0.5,0.04947112614933359,0,0.0,845,0.14184397163120568,1,1,1,0,LEGITIMATE
USER1856,3,1,5810.933940000001,1936.9779800000003,2477.31696,200.0,66.66666666666667,4.333333333333333,0,1530,3,2,3,0.3333333333333333,0.03441787534758999,0,0.0,1128,0.07971656333038087,1,1,1,0,LEGITIMATE
USER1857,1,0,4826.413332,4826.413332,4826.413332,0.0,0.0,0.0,0,23,1,1,1,0.0,0.0,0,0.0,0,30.0,1,1,1,0,LEGITIMATE
USER1858,4,0,13527.188473,3381.79711825,4782.683268,0.0,0.0,0.0,0,694,4,2,3,0.0,0.0,0,0.0,422,0.28368794326241137,1,1,1,0,LEGITIMATE
USER1859,2,1,1799.832312,899.916156,980.35665,200.0,100.0,29.5,0,752,2,1,2,0.5,0.11112146318662158,0,0.0,39,1.5,1,1,1,0,LEGITIMATE
USER1860,1,0,396.41756,396.41756,396.41756,0.0,0.0,0.0,0,5,1,1,1,0.0,0.0,0,0.0,0,30.0,1,1,1,0,LEGITIMATE
USER1861,3,2,9864.251135,3288.0837116666667,8269.883625,400.0,133.33333333333334,18.0,0,1276,3,2,2,0.6666666666666666,0.04055046800063044,0,0.0,600,0.1497504159733777,1,1,1,0,LEGITIMATE
USER1862,3,2,9810.628262,3270.2094206666666,4322.658960000001,400.0,133.33333333333334,14.666666666666666,0,1773,3,2,2,0.6666666666666666,0.04077210850495071,0,0.0,960,0.09365244536940687,1,1,1,0,LEGITIMATE
USER1863,1,0,406.91888,406.91888,406.91888,0.0,0.0,0.0,0,537,1,1,1,0.0,0.0,0,0.0,0,30.0,1,1,1,0,LEGITIMATE
USER1864,2,1,1844.765355,922.3826775,982.726605,200.0,100.0,29.0,0,683,2,1,2,0.5,0.10841487209087358,0,0.0,428,0.13986013986013987,1,1,1,0,LEGITIMATE
USER1865,1,0,3684.235866,3684.235866,3684.235866,0.0,0.0,0.0,0,492,1,1,1,0.0,0.0,0,0.0,0,30.0,1,1,1,0,LEGITIMATE
USER1866,1,1,405.908184,405.908184,405.908184,200.0,200.0,5.0,5,115,1,1,1,1.0,0.4927222654865219,1,1.0,0,30.0,1,1,1,0,LEGITIMATE
USER1867,1,0,5015.10298,5015.10298,5015.10298,0.0,0.0,0.0,0,483,1,1,1,0.0,0.0,0,0.0,0,30.0,1,1,1,0,LEGITIMATE
USER1868,1,0,3791.473985,3791.473985,3791.473985,0.0,0.0,0.0,0,894,1,1,1,0.0,0.0,0,0.0,0,30.0,1,1,1,0,LEGITIMATE
USER1869,2,1,4290.889715,2145.4448575,3938.241735,3208.7082592353217,1604.3541296176609,3.5,0,928,2,2,2,0.5,0.747795555783778,0,0.0,150,0.3973509933774834,5,4,2,1,COORDINATED_RETURN_ABUSE
USER1870,2,1,4416.003879,2208.0019395,3378.146679,200.0,100.0,14.5,0,1378,2,2,1,0.5,0.045289815290037706,0,0.0,652,0.09188361408882083,5,3,5,1,COORDINATED_RETURN_ABUSE
USER1871,4,2,13543.779858,3385.9449645,6055.73472,400.0,100.0,14.75,0,1768,4,3,3,0.5,0.029533852749661253,0,0.0,906,0.13230429988974643,1,1,1,0,LEGITIMATE
USER1873,1,0,3489.676137,3489.676137,3489.676137,0.0,0.0,0.0,0,407,1,1,1,0.0,0.0,0,0.0,0,30.0,1,1,1,0,LEGITIMATE
USER1874,1,1,3163.8242850000006,3163.8242850000006,3163.8242850000006,1742.9203776663403,1742.9203776663403,4.0,4,333,1,1,1,1.0,0.5508903847567312,1,1.0,0,30.0,5,4,1,1,COORDINATED_RETURN_ABUSE
USER1875,1,0,6169.825465,6169.825465,6169.825465,0.0,0.0,0.0,0,180,1,1,1,0.0,0.0,0,0.0,0,30.0,1,1,1,0,LEGITIMATE
USER1876,1,0,2814.2064,2814.2064,2814.2064,0.0,0.0,0.0,0,544,1,1,1,0.0,0.0,0,0.0,0,30.0,1,1,1,0,LEGITIMATE
USER1877,1,0,202.76433,202.76433,202.76433,0.0,0.0,0.0,0,419,1,1,1,0.0,0.0,0,0.0,0,30.0,1,1,1,0,LEGITIMATE
USER1879,1,0,5732.420135,5732.420135,5732.420135,0.0,0.0,0.0,0,237,1,1,1,0.0,0.0,0,0.0,0,30.0,1,1,1,0,LEGITIMATE
USER1880,1,0,1440.35982,1440.35982,1440.35982,0.0,0.0,0.0,0,195,1,1,1,0.0,0.0,0,0.0,0,30.0,1,1,1,0,LEGITIMATE
USER1881,2,0,3383.450997,1691.7254985,2723.290821,0.0,0.0,0.0,0,1138,2,2,2,0.0,0.0,0,0.0,690,0.08683068017366136,1,1,1,0,LEGITIMATE
USER1882,3,2,5827.248054,1942.416018,3215.7001880000003,400.0,133.33333333333334,13.666666666666666,0,819,3,2,2,0.6666666666666666,0.06864303635151207,0,0.0,470,0.1910828025477707,1,1,1,0,LEGITIMATE
USER1884,2,0,4841.913396,2420.956698,3565.2730799999995,0.0,0.0,0.0,0,1145,2,2,2,0.0,0.0,0,0.0,448,0.133630289532294,1,1,1,0,LEGITIMATE
USER1885,1,0,777.5056940000001,777.5056940000001,777.5056940000001,0.0,0.0,0.0,0,811,1,1,1,0.0,0.0,0,0.0,0,30.0,1,1,1,0,LEGITIMATE
USER1886,9,2,23403.465482,2600.3850535555557,6972.152472000001,400.0,44.44444444444444,10.222222222222221,0,1045,9,4,4,0.2222222222222222,0.017091485887320693,0,0.0,916,0.29443838604143946,1,1,1,0,LEGITIMATE
USER1887,1,0,4206.497538,4206.497538,4206.497538,0.0,0.0,0.0,0,517,1,1,1,0.0,0.0,0,0.0,0,30.0,1,1,1,0,LEGITIMATE
USER1888,2,1,5241.26052,2620.63026,3874.63296,200.0,100.0,15.0,0,460,2,1,2,0.5,0.03815875956496053,0,0.0,37,1.5789473684210527,1,1,1,0,LEGITIMATE
USER1889,3,1,6400.7006519999995,2133.566884,2520.661632,200.0,66.66666666666667,7.333333333333333,0,393,3,3,3,0.3333333333333333,0.03124657922215232,0,0.0,134,0.6666666666666666,1,1,1,0,LEGITIMATE
USER1890,1,0,783.4728119999999,783.4728119999999,783.4728119999999,0.0,0.0,0.0,0,37,1,1,1,0.0,0.0,0,0.0,0,30.0,1,1,1,0,LEGITIMATE
USER1891,5,3,5327.587803,1065.5175606,1916.168688,200.0,40.0,3.8,0,1102,5,3,2,0.6,0.03754044182760886,2,0.6666666666666666,621,0.24115755627009647,1,1,1,0,HIGH_RETURN_LEGITIMATE
USER1892,2,0,2429.626412,1214.813206,1361.238912,0.0,0.0,0.0,0,404,2,2,1,0.0,0.0,0,0.0,346,0.1729106628242075,1,1,1,0,LEGITIMATE
USER1893,2,0,703.280854,351.640427,521.08479,0.0,0.0,0.0,0,757,2,2,2,0.0,0.0,0,0.0,461,0.12987012987012986,1,1,1,0,LEGITIMATE
USER1895,1,0,2866.90245,2866.90245,2866.90245,0.0,0.0,0.0,0,397,1,1,1,0.0,0.0,0,0.0,0,30.0,1,1,1,0,LEGITIMATE
USER1896,1,1,1599.150264,1599.150264,1599.150264,200.0,200.0,11.0,11,291,1,1,1,1.0,0.12506642090014375,0,0.0,0,30.0,1,1,1,0,LEGITIMATE
USER1897,2,1,2239.5377399999998,1119.7688699999999,1161.69504,200.0,100.0,18.5,0,1008,2,1,1,0.5,0.08930414363099771,0,0.0,189,0.3157894736842105,1,1,1,0,LEGITIMATE
USER1898,1,0,5833.9189,5833.9189,5833.9189,0.0,0.0,0.0,0,450,1,1,1,0.0,0.0,0,0.0,0,30.0,1,1,1,0,LEGITIMATE
USER1899,5,4,18150.641359,3630.1282718,8683.13667,12070.260592376133,2414.0521184752265,2.6,0,1812,5,2,3,0.8,0.6650046328192745,4,1.0,1291,0.11609907120743033,5,5,2,1,COORDINATED_RETURN_ABUSE
USER1900,2,1,1673.965708,836.982854,972.963954,200.0,100.0,14.5,0,417,2,2,2,0.5,0.11947676051199013,0,0.0,65,0.9090909090909091,1,1,1,0,LEGITIMATE
USER1901,3,2,4126.41889,1375.4729633333334,2235.448536,400.0,133.33333333333334,36.0,0,1442,3,2,2,0.6666666666666666,0.09693635344907992,0,0.0,1146,0.07846556233653008,1,1,1,0,LEGITIMATE
USER1902,2,1,8708.604292,4354.302146,7089.390204,200.0,100.0,16.0,0,659,2,2,2,0.5,0.022965792599363637,0,0.0,266,0.2247191011235955,1,1,1,0,LEGITIMATE
USER1903,2,0,2089.934604,1044.967302,1730.455444,0.0,0.0,0.0,0,626,2,2,2,0.0,0.0,0,0.0,405,0.1477832512315271,1,1,1,0,LEGITIMATE
USER1904,1,0,2969.7746879999995,2969.7746879999995,2969.7746879999995,0.0,0.0,0.0,0,256,1,1,1,0.0,0.0,0,0.0,0,30.0,1,1,1,0,LEGITIMATE
USER1905,1,1,523.088792,523.088792,523.088792,200.0,200.0,60.0,60,269,1,1,1,1.0,0.38234426556017664,0,0.0,0,30.0,1,1,1,0,LEGITIMATE
USER1906,3,1,2706.472716,902.1575720000001,1263.7387,200.0,66.66666666666667,4.333333333333333,0,1150,3,2,2,0.3333333333333333,0.07389692082157313,0,0.0,850,0.10575793184488837,1,1,1,0,LEGITIMATE
USER1907,2,0,2621.436012,1310.718006,1458.9349,0.0,0.0,0.0,0,776,2,2,2,0.0,0.0,0,0.0,372,0.16085790884718498,1,1,1,0,LEGITIMATE
USER1908,2,1,8971.306184000001,4485.6530920000005,6548.6226,200.0,100.0,3.0,0,649,2,2,2,0.5,0.022293297753753265,0,0.0,55,1.0714285714285714,1,1,1,0,LEGITIMATE
USER1909,1,0,2813.035228,2813.035228,2813.035228,0.0,0.0,0.0,0,786,1,1,1,0.0,0.0,0,0.0,0,30.0,1,1,1,0,LEGITIMATE
USER1910,3,2,5198.925758,1732.9752526666668,3656.09025,4024.158363756436,1341.3861212521454,2.3333333333333335,0,1417,3,3,2,0.6666666666666666,0.7740365127476851,2,1.0,1118,0.08042895442359249,1,1,1,1,INDIVIDUAL_RETURN_ABUSE
USER1911,1,0,545.8947450000001,545.8947450000001,545.8947450000001,0.0,0.0,0.0,0,485,1,1,1,0.0,0.0,0,0.0,0,30.0,1,1,1,0,LEGITIMATE
USER1912,1,1,3224.4495,3224.4495,3224.4495,200.0,200.0,14.0,14,851,1,1,1,1.0,0.06202609158555592,0,0.0,0,30.0,1,1,1,0,LEGITIMATE
USER1913,5,2,9136.583480000001,1827.3166960000003,2587.23744,400.0,80.0,16.2,0,961,5,4,3,0.4,0.04378004107066944,0,0.0,808,0.18541409147095178,1,1,1,0,LEGITIMATE
USER1914,2,0,1161.61846,580.80923,812.7141879999999,0.0,0.0,0.0,0,1441,2,2,1,0.0,0.0,0,0.0,624,0.096,1,1,1,0,LEGITIMATE
USER1915,3,1,5187.845306,1729.2817686666667,4324.480904,200.0,66.66666666666667,4.0,0,1238,3,1,2,0.3333333333333333,0.03855165067637813,0,0.0,1126,0.07985803016858918,1,1,1,0,LEGITIMATE
USER1916,4,3,6280.543497,1570.13587425,2890.805724,600.0,150.0,31.0,0,1046,4,2,3,0.75,0.09553313344404023,0,0.0,323,0.37037037037037035,1,1,1,0,LEGITIMATE
USER1917,1,1,152.365248,152.365248,152.365248,200.0,200.0,29.0,29,33,1,1,1,1.0,1.3126352801919765,0,0.0,0,30.0,1,1,1,0,LEGITIMATE
USER1918,3,2,5383.558529999999,1794.5195099999999,2688.93912,400.0,133.33333333333334,21.333333333333332,0,816,3,2,1,0.6666666666666666,0.07430029742799138,0,0.0,200,0.44776119402985076,1,1,1,0,LEGITIMATE
USER1919,3,1,12132.246324,4044.082108,6098.9058,200.0,66.66666666666667,15.0,0,1248,3,2,2,0.3333333333333333,0.016484993352332465,0,0.0,676,0.1329394387001477,1,1,1,0,LEGITIMATE
USER1920,2,1,6756.267398999999,3378.1336994999997,6075.223034999999,200.0,100.0,20.5,0,1027,2,2,2,0.5,0.029602143933735094,0,0.0,241,0.24793388429752067,1,1,1,0,LEGITIMATE
USER1921,1,0,2627.032383,2627.032383,2627.032383,0.0,0.0,0.0,0,351,1,1,1,0.0,0.0,0,0.0,0,30.0,1,1,1,0,LEGITIMATE
USER1922,1,0,1808.136906,1808.136906,1808.136906,0.0,0.0,0.0,0,166,1,1,1,0.0,0.0,0,0.0,0,30.0,3,3,2,1,COORDINATED_RETURN_ABUSE
USER1923,4,0,6365.121894,1591.2804735,2478.99537,0.0,0.0,0.0,0,1818,4,3,3,0.0,0.0,0,0.0,1148,0.10443864229765012,1,1,1,0,LEGITIMATE
USER1924,1,0,2346.5045,2346.5045,2346.5045,0.0,0.0,0.0,0,612,1,1,1,0.0,0.0,0,0.0,0,30.0,1,1,1,0,LEGITIMATE
USER1925,2,1,3654.255364,1827.127682,3155.7565,200.0,100.0,17.0,0,606,2,2,2,0.5,0.05473071257425128,0,0.0,494,0.12121212121212122,1,1,1,0,LEGITIMATE
USER1926,2,2,8085.5798859999995,4042.7899429999998,4652.794686,6164.073666062275,3082.0368330311376,3.0,3,592,2,2,2,1.0,0.7623539378709535,2,1.0,348,0.17191977077363896,5,1,4,1,COORDINATED_RETURN_ABUSE
USER1927,4,1,11466.94098,2866.735245,4265.797992000001,200.0,50.0,2.0,0,1523,4,3,3,0.25,0.01744144321914876,0,0.0,916,0.13086150490730644,1,1,1,0,LEGITIMATE
USER1928,1,1,5320.429056,5320.429056,5320.429056,200.0,200.0,26.0,26,593,1,1,1,1.0,0.03759095326615704,0,0.0,0,30.0,1,1,1,0,LEGITIMATE
USER1929,1,1,322.098346,322.098346,322.098346,200.0,200.0,25.0,25,316,1,1,1,1.0,0.6209283670149613,0,0.0,0,30.0,1,1,1,0,LEGITIMATE
USER1931,6,2,8367.111679000001,1394.518613166667,4568.180056,400.0,66.66666666666667,7.666666666666667,0,1803,6,3,4,0.3333333333333333,0.04780622218822902,0,0.0,1191,0.15100671140939598,1,1,1,0,LEGITIMATE
USER1932,3,0,6744.117208,2248.0390693333334,4293.684352,0.0,0.0,0.0,0,1256,3,2,3,0.0,0.0,0,0.0,1250,0.07194244604316546,1,1,1,0,LEGITIMATE
USER1933,6,2,8517.851238000001,1419.6418730000003,2338.3988160000004,400.0,66.66666666666667,10.333333333333334,0,1511,6,3,4,0.3333333333333333,0.046960200269231325,0,0.0,1120,0.16057091882247992,1,1,1,0,LEGITIMATE
USER1935,2,0,1467.5457159999999,733.7728579999999,1324.5948099999998,0.0,0.0,0.0,0,1054,2,2,1,0.0,0.0,0,0.0,868,0.06904487917146145,1,1,1,0,LEGITIMATE
USER1936,1,0,858.5156830000001,858.5156830000001,858.5156830000001,0.0,0.0,0.0,0,681,1,1,1,0.0,0.0,0,0.0,0,30.0,1,1,1,0,LEGITIMATE
USER1937,5,1,12743.081686000001,2548.6163372,5486.436,200.0,40.0,5.4,0,1972,5,2,3,0.2,0.01569479070511861,0,0.0,1110,0.135013501350135,1,1,1,0,LEGITIMATE
USER1938,1,1,2624.215806,2624.215806,2624.215806,200.0,200.0,35.0,35,626,1,1,1,1.0,0.07621324417859253,0,0.0,0,30.0,1,1,1,0,LEGITIMATE
USER1940,3,1,8773.552629999998,2924.517543333333,5549.482,200.0,66.66666666666667,3.0,0,761,3,2,2,0.3333333333333333,0.022795782784288152,0,0.0,388,0.23136246786632392,1,1,1,0,LEGITIMATE
USER1941,2,2,3364.1500320000005,1682.0750160000002,2252.2068240000003,400.0,200.0,16.5,16,1278,2,2,2,1.0,0.1189007613201479,0,0.0,1192,0.050293378038558254,1,1,1,0,LEGITIMATE
USER1942,1,0,5353.240365000001,5353.240365000001,5353.240365000001,0.0,0.0,0.0,0,312,1,1,1,0.0,0.0,0,0.0,0,30.0,1,1,1,0,LEGITIMATE
USER1943,1,0,2199.656268,2199.656268,2199.656268,0.0,0.0,0.0,0,787,1,1,1,0.0,0.0,0,0.0,0,30.0,1,1,1,0,LEGITIMATE
USER1945,4,1,7258.720279,1814.68006975,2345.80128,200.0,50.0,4.5,0,1863,4,3,3,0.25,0.027553066148397313,0,0.0,976,0.12282497441146366,1,1,1,0,LEGITIMATE
USER1946,2,0,2533.04983,1266.524915,2070.37651,0.0,0.0,0.0,0,1016,2,2,1,0.0,0.0,0,0.0,404,0.14814814814814814,1,1,1,0,LEGITIMATE
USER1947,2,0,8652.130004999999,4326.0650024999995,8492.238449999999,0.0,0.0,0.0,0,1153,2,2,1,0.0,0.0,0,0.0,885,0.06772009029345373,1,1,1,0,LEGITIMATE
USER1949,3,1,14634.359951999999,4878.119984,4936.164992,200.0,66.66666666666667,9.333333333333334,0,780,3,2,1,0.3333333333333333,0.013666467181071836,0,0.0,241,0.371900826446281,1,1,1,0,LEGITIMATE
USER1950,3,3,8567.711576000002,2855.903858666667,5154.225496,400.0,133.33333333333334,21.333333333333332,0,976,3,2,2,1.0,0.04668691242133848,1,0.3333333333333333,946,0.09503695881731784,1,1,1,0,HIGH_RETURN_LEGITIMATE
USER1951,4,1,11930.918727999999,2982.7296819999997,7730.18046,200.0,50.0,6.25,0,1166,4,2,3,0.25,0.016763168416413003,0,0.0,308,0.3883495145631068,1,1,1,0,LEGITIMATE
USER1953,3,2,9194.16875,3064.722916666667,5140.5501300000005,200.0,66.66666666666667,8.333333333333334,0,1055,3,3,2,0.6666666666666666,0.021752918119976858,1,0.5,717,0.12534818941504178,1,1,1,0,HIGH_RETURN_LEGITIMATE
USER1954,4,1,10623.225056000001,2655.8062640000003,7827.99534,200.0,50.0,3.25,0,1342,4,3,2,0.25,0.018826674474625757,0,0.0,752,0.1593625498007968,1,1,1,0,LEGITIMATE
USER1955,2,0,5191.553014,2595.776507,2700.82957,0.0,0.0,0.0,0,805,2,1,2,0.0,0.0,0,0.0,592,0.10118043844856661,1,1,1,0,LEGITIMATE
USER1956,2,0,5154.3314439999995,2577.1657219999997,2860.84676,0.0,0.0,0.0,0,474,2,2,2,0.0,0.0,0,0.0,340,0.17595307917888564,1,1,1,0,LEGITIMATE
USER1957,2,0,5521.383350000001,2760.6916750000005,2800.8971000000006,0.0,0.0,0.0,0,883,2,2,2,0.0,0.0,0,0.0,683,0.08771929824561403,1,1,1,0,LEGITIMATE
USER1958,4,4,6959.855811,1739.96395275,2785.249548,4076.842616771899,1019.2106541929747,3.0,1,864,4,3,3,1.0,0.5857653847265742,4,1.0,301,0.3973509933774834,1,1,1,1,INDIVIDUAL_RETURN_ABUSE
USER1959,2,1,2760.226545,1380.1132725,1448.8176,200.0,100.0,19.5,0,1199,2,2,1,0.5,0.07245782066775971,0,0.0,764,0.0784313725490196,1,1,1,0,LEGITIMATE
USER1960,3,0,4326.265255,1442.0884183333335,2021.548168,0.0,0.0,0.0,0,1379,3,2,2,0.0,0.0,0,0.0,495,0.1814516129032258,1,1,1,0,LEGITIMATE
USER1961,2,2,5841.736488,2920.868244,5608.081472,400.0,200.0,49.5,40,819,2,1,2,1.0,0.06847279072270267,0,0.0,572,0.10471204188481675,1,1,1,0,LEGITIMATE
USER1962,2,2,2863.7930269999997,1431.8965134999999,1762.0531559999995,400.0,200.0,16.5,12,1080,2,2,1,1.0,0.13967489837037028,0,0.0,649,0.09230769230769231,1,1,1,0,LEGITIMATE
USER1963,1,0,4286.4556,4286.4556,4286.4556,0.0,0.0,0.0,0,554,1,1,1,0.0,0.0,0,0.0,0,30.0,1,1,1,0,LEGITIMATE
USER1964,2,0,6190.881986000001,3095.4409930000006,4978.679744000001,0.0,0.0,0.0,0,588,2,2,2,0.0,0.0,0,0.0,363,0.16483516483516483,1,1,1,0,LEGITIMATE
USER1966,2,2,1899.7906320000002,949.8953160000001,1092.7062,870.3004850755871,435.15024253779353,4.0,3,821,2,2,2,1.0,0.4581033669796446,2,1.0,425,0.14084507042253522,1,1,1,1,INDIVIDUAL_RETURN_ABUSE
USER1967,2,1,6891.52794,3445.76397,4946.4756,200.0,100.0,18.0,0,729,2,2,2,0.5,0.029021140412005642,0,0.0,701,0.08547008547008547,1,1,1,0,LEGITIMATE
USER1968,3,1,13543.358061,4514.452687,4960.81845,200.0,66.66666666666667,15.333333333333334,0,1276,3,2,2,0.3333333333333333,0.014767386278882196,0,0.0,1013,0.08875739644970414,1,1,1,0,LEGITIMATE
USER1969,3,0,4907.249292,1635.7497640000001,2914.036656,0.0,0.0,0.0,0,1427,3,3,2,0.0,0.0,0,0.0,739,0.12162162162162163,1,1,1,0,LEGITIMATE
USER1970,1,0,6467.3102,6467.3102,6467.3102,0.0,0.0,0.0,0,424,1,1,1,0.0,0.0,0,0.0,0,30.0,1,1,1,0,LEGITIMATE
USER1971,2,1,3108.7730500000002,1554.3865250000001,2577.4577400000003,200.0,100.0,11.0,0,605,2,2,2,0.5,0.06433406259746108,0,0.0,195,0.30612244897959184,1,1,1,0,LEGITIMATE
USER1972,2,1,2014.10324,1007.05162,1286.546872,200.0,100.0,20.5,0,728,2,2,2,0.5,0.09929977571556858,0,0.0,659,0.09090909090909091,1,1,1,0,LEGITIMATE
USER1973,2,0,6523.293663,3261.6468315,4178.3087350000005,0.0,0.0,0.0,0,960,2,2,2,0.0,0.0,0,0.0,646,0.09273570324574962,1,1,1,0,LEGITIMATE
USER1974,3,3,5769.566802,1923.188934,3325.776912,3546.5565673440065,1182.185522448002,12.333333333333334,1,1741,3,3,3,1.0,0.6147006680145561,2,0.6666666666666666,1094,0.0821917808219178,1,1,1,1,INDIVIDUAL_RETURN_ABUSE
USER1975,2,0,6102.870295000001,3051.4351475000003,5939.566024000001,0.0,0.0,0.0,0,650,2,2,2,0.0,0.0,0,0.0,95,0.625,1,1,1,0,LEGITIMATE
USER1977,6,1,24076.916078000002,4012.8193463333337,7202.639354999999,200.0,33.333333333333336,1.3333333333333333,0,1442,6,4,3,0.16666666666666666,0.008306711679854533,0,0.0,979,0.1836734693877551,1,1,1,0,LEGITIMATE
USER1979,3,1,3808.0306710000004,1269.3435570000001,2195.522256,200.0,66.66666666666667,13.333333333333334,0,1400,3,2,2,0.3333333333333333,0.05252058538369897,0,0.0,753,0.11936339522546419,1,1,1,0,LEGITIMATE
USER1980,1,1,6007.63842,6007.63842,6007.63842,200.0,200.0,13.0,13,129,1,1,1,1.0,0.03329095162155248,0,0.0,0,30.0,1,1,1,0,LEGITIMATE
USER1981,3,3,10391.142324,3463.714108,4568.33765,600.0,200.0,33.666666666666664,22,1204,3,3,3,1.0,0.05774148609380552,0,0.0,895,0.10044642857142858,1,1,1,0,LEGITIMATE
USER1982,1,1,391.220445,391.220445,391.220445,200.0,200.0,34.0,34,655,1,1,1,1.0,0.51122072620719,0,0.0,0,30.0,1,1,1,0,LEGITIMATE
USER1983,2,0,1868.0054690000004,934.0027345000002,1506.2199100000005,0.0,0.0,0.0,0,1398,2,2,2,0.0,0.0,0,0.0,892,0.0671892497200448,1,1,1,0,LEGITIMATE
USER1985,4,1,9518.232732999999,2379.5581832499997,3821.946975,200.0,50.0,7.0,0,1345,4,3,2,0.25,0.021012304028519283,0,0.0,1188,0.10092514718250631,1,1,1,0,LEGITIMATE
USER1986,1,1,406.750806,406.750806,406.750806,200.0,200.0,20.0,20,665,1,1,1,1.0,0.4917015456387319,0,0.0,0,30.0,1,1,1,0,LEGITIMATE
USER1987,4,2,5675.517333,1418.87933325,2725.8512250000003,400.0,100.0,19.25,0,1127,4,3,3,0.5,0.07047815670903176,0,0.0,1059,0.11320754716981132,1,1,1,0,LEGITIMATE
USER1988,4,2,11331.139673000001,2832.7849182500004,7404.423320000002,400.0,100.0,4.5,0,1198,4,3,3,0.5,0.03530095043776802,1,0.5,721,0.16620498614958448,1,1,1,0,LEGITIMATE
USER1989,7,2,16692.618126999998,2384.6597324285713,6307.19136,400.0,57.142857142857146,5.571428571428571,0,1154,7,5,3,0.2857142857142857,0.023962687995180785,0,0.0,1017,0.206286836935167,1,1,1,0,LEGITIMATE
USER1990,2,0,6463.851962000001,3231.9259810000003,3589.5407120000004,0.0,0.0,0.0,0,1401,2,2,2,0.0,0.0,0,0.0,953,0.06289308176100629,1,1,1,0,LEGITIMATE
USER1991,3,2,7302.240155,2434.080051666667,4358.001272,400.0,133.33333333333334,11.333333333333334,0,1558,3,1,2,0.6666666666666666,0.05477771088179172,0,0.0,1108,0.0811541929666366,1,1,1,0,LEGITIMATE
USER1992,5,5,8469.730644,1693.9461287999998,3434.106984,5962.073229328906,1192.414645865781,4.8,1,1035,5,3,3,1.0,0.7039271353395954,2,0.4,805,0.18610421836228289,5,4,3,1,COORDINATED_RETURN_ABUSE
USER1993,3,2,14885.575483,4961.8584943333335,9033.316015,8077.344094000049,2692.4480313333497,1.3333333333333333,0,992,3,3,2,0.6666666666666666,0.5426289432494391,2,1.0,884,0.1016949152542373,1,1,1,1,INDIVIDUAL_RETURN_ABUSE
USER1994,1,0,3420.397872,3420.397872,3420.397872,0.0,0.0,0.0,0,872,1,1,1,0.0,0.0,0,0.0,0,30.0,1,1,1,0,LEGITIMATE
USER1995,6,0,15992.894296,2665.4823826666666,7772.62304,0.0,0.0,0.0,0,1199,6,5,3,0.0,0.0,0,0.0,1030,0.17458777885548013,1,1,1,0,LEGITIMATE
USER1996,1,0,2436.386592,2436.386592,2436.386592,0.0,0.0,0.0,0,230,1,1,1,0.0,0.0,0,0.0,0,30.0,1,1,1,0,LEGITIMATE
USER1997,3,1,5074.518018,1691.5060059999998,2655.411084,0.0,0.0,0.0,0,1533,3,3,2,0.3333333333333333,0.0,1,1.0,1141,0.07880910683012259,1,1,1,0,HIGH_RETURN_LEGITIMATE
USER1998,1,0,1006.857642,1006.857642,1006.857642,0.0,0.0,0.0,0,674,1,1,1,0.0,0.0,0,0.0,0,30.0,1,1,1,0,LEGITIMATE
USER1999,2,1,7395.437404,3697.718702,4992.039936,1438.5316756551724,719.2658378275862,1.5,0,1252,2,1,2,0.5,0.19451610460215754,1,1.0,509,0.11764705882352941,5,5,1,1,COORDINATED_RETURN_ABUSE
USER2000,5,2,17155.249044,3431.0498088,6267.02559,400.0,80.0,17.0,0,1150,5,4,3,0.4,0.023316478762510234,0,0.0,619,0.24193548387096775,1,1,1,0,LEGITIMATE
